2025-07-21 14:57:41,856 DEBUG [JavaFX-Launcher] roha.srvcls.service.PasswordEncoder     - getInstance() - start
2025-07-21 14:57:41,859 INFO  [JavaFX-Launcher] roha.srvcls.service.PasswordEncoder     - New instance created
2025-07-21 14:57:41,859 DEBUG [JavaFX-Launcher] roha.srvcls.service.PasswordEncoder     - getInstance() - end
2025-07-21 14:57:41,862 DEBUG [JavaFX-Launcher] roha.srvcls.service.PasswordEncoder     - getInstance() - start
2025-07-21 14:57:41,863 INFO  [JavaFX-Launcher] roha.srvcls.service.PasswordEncoder     - New instance created
2025-07-21 14:57:41,863 DEBUG [JavaFX-Launcher] roha.srvcls.service.PasswordEncoder     - getInstance() - end
2025-07-21 14:58:47,785 DEBUG [JavaFX-Launcher] roha.srvcls.service.PasswordEncoder     - getInstance() - start
2025-07-21 14:58:47,792 INFO  [JavaFX-Launcher] roha.srvcls.service.PasswordEncoder     - New instance created
2025-07-21 14:58:47,793 DEBUG [JavaFX-Launcher] roha.srvcls.service.PasswordEncoder     - getInstance() - end
2025-07-21 14:58:47,796 DEBUG [JavaFX-Launcher] roha.srvcls.service.PasswordEncoder     - getInstance() - start
2025-07-21 14:58:47,796 INFO  [JavaFX-Launcher] roha.srvcls.service.PasswordEncoder     - New instance created
2025-07-21 14:58:47,797 DEBUG [JavaFX-Launcher] roha.srvcls.service.PasswordEncoder     - getInstance() - end
2025-07-21 14:59:00,581 DEBUG [JavaFX Application Thread] roha.srvcls.service.PasswordEncoder     - getInstance() - start
2025-07-21 14:59:00,582 INFO  [JavaFX Application Thread] roha.srvcls.service.PasswordEncoder     - New instance created
2025-07-21 14:59:00,582 DEBUG [JavaFX Application Thread] roha.srvcls.service.PasswordEncoder     - getInstance() - end
2025-07-21 15:00:12,709 DEBUG [JavaFX-Launcher] roha.srvcls.service.PasswordEncoder     - getInstance() - start
2025-07-21 15:00:12,712 INFO  [JavaFX-Launcher] roha.srvcls.service.PasswordEncoder     - New instance created
2025-07-21 15:00:12,712 DEBUG [JavaFX-Launcher] roha.srvcls.service.PasswordEncoder     - getInstance() - end
2025-07-21 15:00:12,771 DEBUG [JavaFX-Launcher] roha.srvcls.service.PasswordEncoder     - getInstance() - start
2025-07-21 15:00:12,771 INFO  [JavaFX-Launcher] roha.srvcls.service.PasswordEncoder     - New instance created
2025-07-21 15:00:12,772 DEBUG [JavaFX-Launcher] roha.srvcls.service.PasswordEncoder     - getInstance() - end
2025-07-21 15:00:23,326 DEBUG [JavaFX Application Thread] roha.srvcls.service.PasswordEncoder     - getInstance() - start
2025-07-21 15:00:23,326 INFO  [JavaFX Application Thread] roha.srvcls.service.PasswordEncoder     - New instance created
2025-07-21 15:00:23,327 DEBUG [JavaFX Application Thread] roha.srvcls.service.PasswordEncoder     - getInstance() - end
2025-07-21 15:02:24,883 DEBUG [JavaFX-Launcher] roha.srvcls.service.PasswordEncoder     - getInstance() - start
2025-07-21 15:02:24,886 INFO  [JavaFX-Launcher] roha.srvcls.service.PasswordEncoder     - New instance created
2025-07-21 15:02:24,886 DEBUG [JavaFX-Launcher] roha.srvcls.service.PasswordEncoder     - getInstance() - end
2025-07-21 15:02:24,944 DEBUG [JavaFX-Launcher] roha.srvcls.service.PasswordEncoder     - getInstance() - start
2025-07-21 15:02:24,944 INFO  [JavaFX-Launcher] roha.srvcls.service.PasswordEncoder     - New instance created
2025-07-21 15:02:24,945 DEBUG [JavaFX-Launcher] roha.srvcls.service.PasswordEncoder     - getInstance() - end
2025-07-21 15:02:28,321 DEBUG [JavaFX Application Thread] roha.srvcls.service.PasswordEncoder     - getInstance() - start
2025-07-21 15:02:28,322 INFO  [JavaFX Application Thread] roha.srvcls.service.PasswordEncoder     - New instance created
2025-07-21 15:02:28,324 DEBUG [JavaFX Application Thread] roha.srvcls.service.PasswordEncoder     - getInstance() - end
2025-07-21 15:03:24,959 DEBUG [JavaFX Application Thread] roha.srvcls.service.PasswordEncoder     - getInstance() - start
2025-07-21 15:03:24,959 INFO  [JavaFX Application Thread] roha.srvcls.service.PasswordEncoder     - New instance created
2025-07-21 15:03:24,960 DEBUG [JavaFX Application Thread] roha.srvcls.service.PasswordEncoder     - getInstance() - end
2025-07-21 15:20:14,125 DEBUG [JavaFX-Launcher] roha.srvcls.service.PasswordEncoder     - getInstance() - start
2025-07-21 15:20:14,128 INFO  [JavaFX-Launcher] roha.srvcls.service.PasswordEncoder     - New instance created
2025-07-21 15:20:14,128 DEBUG [JavaFX-Launcher] roha.srvcls.service.PasswordEncoder     - getInstance() - end
2025-07-21 15:20:25,079 DEBUG [JavaFX-Launcher] roha.srvcls.service.PasswordEncoder     - getInstance() - start
2025-07-21 15:20:25,080 INFO  [JavaFX-Launcher] roha.srvcls.service.PasswordEncoder     - New instance created
2025-07-21 15:20:25,080 DEBUG [JavaFX-Launcher] roha.srvcls.service.PasswordEncoder     - getInstance() - end
2025-07-21 15:20:35,445 DEBUG [JavaFX Application Thread] roha.srvcls.service.PasswordEncoder     - getInstance() - start
2025-07-21 15:20:35,446 INFO  [JavaFX Application Thread] roha.srvcls.service.PasswordEncoder     - New instance created
2025-07-21 15:20:35,447 DEBUG [JavaFX Application Thread] roha.srvcls.service.PasswordEncoder     - getInstance() - end
2025-07-21 15:23:11,916 DEBUG [JavaFX-Launcher] roha.srvcls.service.PasswordEncoder     - getInstance() - start
2025-07-21 15:23:11,920 INFO  [JavaFX-Launcher] roha.srvcls.service.PasswordEncoder     - New instance created
2025-07-21 15:23:11,920 DEBUG [JavaFX-Launcher] roha.srvcls.service.PasswordEncoder     - getInstance() - end
2025-07-21 15:23:16,172 DEBUG [JavaFX-Launcher] roha.srvcls.service.PasswordEncoder     - getInstance() - start
2025-07-21 15:23:16,173 INFO  [JavaFX-Launcher] roha.srvcls.service.PasswordEncoder     - New instance created
2025-07-21 15:23:16,173 DEBUG [JavaFX-Launcher] roha.srvcls.service.PasswordEncoder     - getInstance() - end
2025-07-21 15:24:33,591 DEBUG [JavaFX-Launcher] roha.srvcls.service.PasswordEncoder     - getInstance() - start
2025-07-21 15:24:33,595 INFO  [JavaFX-Launcher] roha.srvcls.service.PasswordEncoder     - New instance created
2025-07-21 15:24:33,596 DEBUG [JavaFX-Launcher] roha.srvcls.service.PasswordEncoder     - getInstance() - end
2025-07-21 15:24:40,836 DEBUG [JavaFX-Launcher] roha.srvcls.service.PasswordEncoder     - getInstance() - start
2025-07-21 15:24:40,836 INFO  [JavaFX-Launcher] roha.srvcls.service.PasswordEncoder     - New instance created
2025-07-21 15:24:40,837 DEBUG [JavaFX-Launcher] roha.srvcls.service.PasswordEncoder     - getInstance() - end
2025-07-21 15:28:01,897 DEBUG [JavaFX-Launcher] roha.srvcls.service.PasswordEncoder     - getInstance() - start
2025-07-21 15:28:01,902 INFO  [JavaFX-Launcher] roha.srvcls.service.PasswordEncoder     - New instance created
2025-07-21 15:28:01,902 DEBUG [JavaFX-Launcher] roha.srvcls.service.PasswordEncoder     - getInstance() - end
2025-07-21 15:28:02,026 DEBUG [JavaFX-Launcher] roha.srvcls.service.PasswordEncoder     - getInstance() - start
2025-07-21 15:28:02,027 INFO  [JavaFX-Launcher] roha.srvcls.service.PasswordEncoder     - New instance created
2025-07-21 15:28:02,027 DEBUG [JavaFX-Launcher] roha.srvcls.service.PasswordEncoder     - getInstance() - end
2025-07-21 15:28:14,475 DEBUG [JavaFX Application Thread] roha.srvcls.service.PasswordEncoder     - getInstance() - start
2025-07-21 15:28:14,476 INFO  [JavaFX Application Thread] roha.srvcls.service.PasswordEncoder     - New instance created
2025-07-21 15:28:14,477 DEBUG [JavaFX Application Thread] roha.srvcls.service.PasswordEncoder     - getInstance() - end
2025-07-21 15:29:35,891 DEBUG [JavaFX-Launcher] roha.srvcls.service.PasswordEncoder     - getInstance() - start
2025-07-21 15:29:35,897 INFO  [JavaFX-Launcher] roha.srvcls.service.PasswordEncoder     - New instance created
2025-07-21 15:29:35,897 DEBUG [JavaFX-Launcher] roha.srvcls.service.PasswordEncoder     - getInstance() - end
2025-07-21 15:29:36,036 DEBUG [JavaFX-Launcher] roha.srvcls.service.PasswordEncoder     - getInstance() - start
2025-07-21 15:29:36,036 INFO  [JavaFX-Launcher] roha.srvcls.service.PasswordEncoder     - New instance created
2025-07-21 15:29:36,037 DEBUG [JavaFX-Launcher] roha.srvcls.service.PasswordEncoder     - getInstance() - end
2025-07-21 15:41:46,077 DEBUG [JavaFX-Launcher] roha.srvcls.service.PasswordEncoder     - getInstance() - start
2025-07-21 15:41:46,080 INFO  [JavaFX-Launcher] roha.srvcls.service.PasswordEncoder     - New instance created
2025-07-21 15:41:46,081 DEBUG [JavaFX-Launcher] roha.srvcls.service.PasswordEncoder     - getInstance() - end
2025-07-21 15:41:46,189 DEBUG [JavaFX-Launcher] roha.srvcls.service.PasswordEncoder     - getInstance() - start
2025-07-21 15:41:46,189 INFO  [JavaFX-Launcher] roha.srvcls.service.PasswordEncoder     - New instance created
2025-07-21 15:41:46,190 DEBUG [JavaFX-Launcher] roha.srvcls.service.PasswordEncoder     - getInstance() - end
2025-07-21 15:46:07,721 DEBUG [JavaFX-Launcher] roha.srvcls.service.PasswordEncoder     - getInstance() - start
2025-07-21 15:46:07,724 INFO  [JavaFX-Launcher] roha.srvcls.service.PasswordEncoder     - New instance created
2025-07-21 15:46:07,724 DEBUG [JavaFX-Launcher] roha.srvcls.service.PasswordEncoder     - getInstance() - end
2025-07-21 15:46:07,829 DEBUG [JavaFX-Launcher] roha.srvcls.service.PasswordEncoder     - getInstance() - start
2025-07-21 15:46:07,829 INFO  [JavaFX-Launcher] roha.srvcls.service.PasswordEncoder     - New instance created
2025-07-21 15:46:07,830 DEBUG [JavaFX-Launcher] roha.srvcls.service.PasswordEncoder     - getInstance() - end
2025-07-21 15:48:18,887 DEBUG [JavaFX-Launcher] roha.srvcls.service.PasswordEncoder     - getInstance() - start
2025-07-21 15:48:18,889 INFO  [JavaFX-Launcher] roha.srvcls.service.PasswordEncoder     - New instance created
2025-07-21 15:48:18,889 DEBUG [JavaFX-Launcher] roha.srvcls.service.PasswordEncoder     - getInstance() - end
2025-07-21 15:48:18,995 DEBUG [JavaFX-Launcher] roha.srvcls.service.PasswordEncoder     - getInstance() - start
2025-07-21 15:48:18,995 INFO  [JavaFX-Launcher] roha.srvcls.service.PasswordEncoder     - New instance created
2025-07-21 15:48:18,996 DEBUG [JavaFX-Launcher] roha.srvcls.service.PasswordEncoder     - getInstance() - end
2025-07-22 08:23:02,065 DEBUG [JavaFX-Launcher] roha.srvcls.service.PasswordEncoder     - getInstance() - start
2025-07-22 08:23:02,069 INFO  [JavaFX-Launcher] roha.srvcls.service.PasswordEncoder     - New instance created
2025-07-22 08:23:02,069 DEBUG [JavaFX-Launcher] roha.srvcls.service.PasswordEncoder     - getInstance() - end
2025-07-22 08:23:02,206 DEBUG [JavaFX-Launcher] roha.srvcls.service.PasswordEncoder     - getInstance() - start
2025-07-22 08:23:02,207 INFO  [JavaFX-Launcher] roha.srvcls.service.PasswordEncoder     - New instance created
2025-07-22 08:23:02,207 DEBUG [JavaFX-Launcher] roha.srvcls.service.PasswordEncoder     - getInstance() - end
2025-07-22 08:24:03,016 DEBUG [JavaFX-Launcher] roha.srvcls.service.PasswordEncoder     - getInstance() - start
2025-07-22 08:24:03,019 INFO  [JavaFX-Launcher] roha.srvcls.service.PasswordEncoder     - New instance created
2025-07-22 08:24:03,019 DEBUG [JavaFX-Launcher] roha.srvcls.service.PasswordEncoder     - getInstance() - end
2025-07-22 08:24:03,128 DEBUG [JavaFX-Launcher] roha.srvcls.service.PasswordEncoder     - getInstance() - start
2025-07-22 08:24:03,128 INFO  [JavaFX-Launcher] roha.srvcls.service.PasswordEncoder     - New instance created
2025-07-22 08:24:03,129 DEBUG [JavaFX-Launcher] roha.srvcls.service.PasswordEncoder     - getInstance() - end
2025-07-22 08:27:01,214 DEBUG [JavaFX-Launcher] roha.srvcls.service.PasswordEncoder     - getInstance() - start
2025-07-22 08:27:01,217 INFO  [JavaFX-Launcher] roha.srvcls.service.PasswordEncoder     - New instance created
2025-07-22 08:27:01,218 DEBUG [JavaFX-Launcher] roha.srvcls.service.PasswordEncoder     - getInstance() - end
2025-07-22 08:27:20,253 DEBUG [JavaFX-Launcher] roha.srvcls.service.PasswordEncoder     - getInstance() - start
2025-07-22 08:27:20,259 INFO  [JavaFX-Launcher] roha.srvcls.service.PasswordEncoder     - New instance created
2025-07-22 08:27:20,276 DEBUG [JavaFX-Launcher] roha.srvcls.service.PasswordEncoder     - getInstance() - end
2025-07-22 08:28:43,793 DEBUG [JavaFX-Launcher] roha.srvcls.service.PasswordEncoder     - getInstance() - start
2025-07-22 08:28:43,796 INFO  [JavaFX-Launcher] roha.srvcls.service.PasswordEncoder     - New instance created
2025-07-22 08:28:43,796 DEBUG [JavaFX-Launcher] roha.srvcls.service.PasswordEncoder     - getInstance() - end
2025-07-22 08:28:47,852 DEBUG [JavaFX-Launcher] roha.srvcls.service.PasswordEncoder     - getInstance() - start
2025-07-22 08:28:47,853 INFO  [JavaFX-Launcher] roha.srvcls.service.PasswordEncoder     - New instance created
2025-07-22 08:28:47,853 DEBUG [JavaFX-Launcher] roha.srvcls.service.PasswordEncoder     - getInstance() - end
2025-07-22 08:32:12,536 DEBUG [JavaFX-Launcher] roha.srvcls.service.PasswordEncoder     - getInstance() - start
2025-07-22 08:32:12,539 INFO  [JavaFX-Launcher] roha.srvcls.service.PasswordEncoder     - New instance created
2025-07-22 08:32:12,539 DEBUG [JavaFX-Launcher] roha.srvcls.service.PasswordEncoder     - getInstance() - end
2025-07-22 08:32:15,957 DEBUG [JavaFX-Launcher] roha.srvcls.service.PasswordEncoder     - getInstance() - start
2025-07-22 08:32:15,958 INFO  [JavaFX-Launcher] roha.srvcls.service.PasswordEncoder     - New instance created
2025-07-22 08:32:15,958 DEBUG [JavaFX-Launcher] roha.srvcls.service.PasswordEncoder     - getInstance() - end
2025-07-22 08:33:19,291 DEBUG [JavaFX-Launcher] roha.srvcls.service.PasswordEncoder     - getInstance() - start
2025-07-22 08:33:19,295 INFO  [JavaFX-Launcher] roha.srvcls.service.PasswordEncoder     - New instance created
2025-07-22 08:33:19,296 DEBUG [JavaFX-Launcher] roha.srvcls.service.PasswordEncoder     - getInstance() - end
2025-07-22 08:33:19,452 DEBUG [JavaFX-Launcher] roha.srvcls.service.PasswordEncoder     - getInstance() - start
2025-07-22 08:33:19,452 INFO  [JavaFX-Launcher] roha.srvcls.service.PasswordEncoder     - New instance created
2025-07-22 08:33:19,453 DEBUG [JavaFX-Launcher] roha.srvcls.service.PasswordEncoder     - getInstance() - end
2025-07-22 08:34:11,223 DEBUG [JavaFX-Launcher] roha.srvcls.service.PasswordEncoder     - getInstance() - start
2025-07-22 08:34:11,227 INFO  [JavaFX-Launcher] roha.srvcls.service.PasswordEncoder     - New instance created
2025-07-22 08:34:11,227 DEBUG [JavaFX-Launcher] roha.srvcls.service.PasswordEncoder     - getInstance() - end
2025-07-22 08:34:11,366 DEBUG [JavaFX-Launcher] roha.srvcls.service.PasswordEncoder     - getInstance() - start
2025-07-22 08:34:11,366 INFO  [JavaFX-Launcher] roha.srvcls.service.PasswordEncoder     - New instance created
2025-07-22 08:34:11,367 DEBUG [JavaFX-Launcher] roha.srvcls.service.PasswordEncoder     - getInstance() - end
2025-07-22 08:56:40,233 DEBUG [JavaFX-Launcher] roha.srvcls.service.PasswordEncoder     - getInstance() - start
2025-07-22 08:56:40,236 INFO  [JavaFX-Launcher] roha.srvcls.service.PasswordEncoder     - New instance created
2025-07-22 08:56:40,236 DEBUG [JavaFX-Launcher] roha.srvcls.service.PasswordEncoder     - getInstance() - end
2025-07-22 08:56:40,350 DEBUG [JavaFX-Launcher] roha.srvcls.service.PasswordEncoder     - getInstance() - start
2025-07-22 08:56:40,350 INFO  [JavaFX-Launcher] roha.srvcls.service.PasswordEncoder     - New instance created
2025-07-22 08:56:40,351 DEBUG [JavaFX-Launcher] roha.srvcls.service.PasswordEncoder     - getInstance() - end
2025-07-22 08:56:48,563 DEBUG [JavaFX-Launcher] roha.srvcls.service.PasswordEncoder     - getInstance() - start
2025-07-22 08:56:48,566 INFO  [JavaFX-Launcher] roha.srvcls.service.PasswordEncoder     - New instance created
2025-07-22 08:56:48,567 DEBUG [JavaFX-Launcher] roha.srvcls.service.PasswordEncoder     - getInstance() - end
2025-07-22 08:56:48,714 DEBUG [JavaFX-Launcher] roha.srvcls.service.PasswordEncoder     - getInstance() - start
2025-07-22 08:56:48,715 INFO  [JavaFX-Launcher] roha.srvcls.service.PasswordEncoder     - New instance created
2025-07-22 08:56:48,716 DEBUG [JavaFX-Launcher] roha.srvcls.service.PasswordEncoder     - getInstance() - end
2025-07-22 09:05:55,183 DEBUG [JavaFX-Launcher] roha.srvcls.service.PasswordEncoder     - getInstance() - start
2025-07-22 09:05:55,187 INFO  [JavaFX-Launcher] roha.srvcls.service.PasswordEncoder     - New instance created
2025-07-22 09:05:55,187 DEBUG [JavaFX-Launcher] roha.srvcls.service.PasswordEncoder     - getInstance() - end
2025-07-22 09:05:55,319 DEBUG [JavaFX-Launcher] roha.srvcls.service.PasswordEncoder     - getInstance() - start
2025-07-22 09:05:55,319 INFO  [JavaFX-Launcher] roha.srvcls.service.PasswordEncoder     - New instance created
2025-07-22 09:05:55,320 DEBUG [JavaFX-Launcher] roha.srvcls.service.PasswordEncoder     - getInstance() - end
2025-07-22 09:09:05,577 DEBUG [JavaFX-Launcher] roha.srvcls.service.PasswordEncoder     - getInstance() - start
2025-07-22 09:09:05,580 INFO  [JavaFX-Launcher] roha.srvcls.service.PasswordEncoder     - New instance created
2025-07-22 09:09:05,581 DEBUG [JavaFX-Launcher] roha.srvcls.service.PasswordEncoder     - getInstance() - end
2025-07-22 09:09:05,674 DEBUG [JavaFX-Launcher] roha.srvcls.service.PasswordEncoder     - getInstance() - start
2025-07-22 09:09:05,674 INFO  [JavaFX-Launcher] roha.srvcls.service.PasswordEncoder     - New instance created
2025-07-22 09:09:05,675 DEBUG [JavaFX-Launcher] roha.srvcls.service.PasswordEncoder     - getInstance() - end
2025-07-22 09:10:32,944 DEBUG [JavaFX-Launcher] roha.srvcls.service.PasswordEncoder     - getInstance() - start
2025-07-22 09:10:32,947 INFO  [JavaFX-Launcher] roha.srvcls.service.PasswordEncoder     - New instance created
2025-07-22 09:10:32,947 DEBUG [JavaFX-Launcher] roha.srvcls.service.PasswordEncoder     - getInstance() - end
2025-07-22 09:10:33,044 DEBUG [JavaFX-Launcher] roha.srvcls.service.PasswordEncoder     - getInstance() - start
2025-07-22 09:10:33,044 INFO  [JavaFX-Launcher] roha.srvcls.service.PasswordEncoder     - New instance created
2025-07-22 09:10:33,045 DEBUG [JavaFX-Launcher] roha.srvcls.service.PasswordEncoder     - getInstance() - end
2025-07-22 09:17:35,047 DEBUG [JavaFX-Launcher] roha.srvcls.service.PasswordEncoder     - getInstance() - start
2025-07-22 09:17:35,051 INFO  [JavaFX-Launcher] roha.srvcls.service.PasswordEncoder     - New instance created
2025-07-22 09:17:35,051 DEBUG [JavaFX-Launcher] roha.srvcls.service.PasswordEncoder     - getInstance() - end
2025-07-22 09:17:35,183 DEBUG [JavaFX-Launcher] roha.srvcls.service.PasswordEncoder     - getInstance() - start
2025-07-22 09:17:35,183 INFO  [JavaFX-Launcher] roha.srvcls.service.PasswordEncoder     - New instance created
2025-07-22 09:17:35,184 DEBUG [JavaFX-Launcher] roha.srvcls.service.PasswordEncoder     - getInstance() - end
2025-07-22 09:18:28,225 DEBUG [JavaFX-Launcher] roha.srvcls.service.PasswordEncoder     - getInstance() - start
2025-07-22 09:18:28,228 INFO  [JavaFX-Launcher] roha.srvcls.service.PasswordEncoder     - New instance created
2025-07-22 09:18:28,229 DEBUG [JavaFX-Launcher] roha.srvcls.service.PasswordEncoder     - getInstance() - end
2025-07-22 09:18:28,359 DEBUG [JavaFX-Launcher] roha.srvcls.service.PasswordEncoder     - getInstance() - start
2025-07-22 09:18:28,359 INFO  [JavaFX-Launcher] roha.srvcls.service.PasswordEncoder     - New instance created
2025-07-22 09:18:28,360 DEBUG [JavaFX-Launcher] roha.srvcls.service.PasswordEncoder     - getInstance() - end
2025-07-22 09:28:03,077 DEBUG [JavaFX-Launcher] roha.srvcls.service.PasswordEncoder     - getInstance() - start
2025-07-22 09:28:03,081 INFO  [JavaFX-Launcher] roha.srvcls.service.PasswordEncoder     - New instance created
2025-07-22 09:28:03,082 DEBUG [JavaFX-Launcher] roha.srvcls.service.PasswordEncoder     - getInstance() - end
2025-07-22 09:28:03,208 DEBUG [JavaFX-Launcher] roha.srvcls.service.PasswordEncoder     - getInstance() - start
2025-07-22 09:28:03,208 INFO  [JavaFX-Launcher] roha.srvcls.service.PasswordEncoder     - New instance created
2025-07-22 09:28:03,210 DEBUG [JavaFX-Launcher] roha.srvcls.service.PasswordEncoder     - getInstance() - end
2025-07-22 09:29:38,642 DEBUG [JavaFX-Launcher] roha.srvcls.service.PasswordEncoder     - getInstance() - start
2025-07-22 09:29:38,648 INFO  [JavaFX-Launcher] roha.srvcls.service.PasswordEncoder     - New instance created
2025-07-22 09:29:38,648 DEBUG [JavaFX-Launcher] roha.srvcls.service.PasswordEncoder     - getInstance() - end
2025-07-22 09:29:38,782 DEBUG [JavaFX-Launcher] roha.srvcls.service.PasswordEncoder     - getInstance() - start
2025-07-22 09:29:38,782 INFO  [JavaFX-Launcher] roha.srvcls.service.PasswordEncoder     - New instance created
2025-07-22 09:29:38,783 DEBUG [JavaFX-Launcher] roha.srvcls.service.PasswordEncoder     - getInstance() - end
2025-07-22 09:36:21,597 DEBUG [JavaFX-Launcher] roha.srvcls.service.PasswordEncoder     - getInstance() - start
2025-07-22 09:36:21,601 INFO  [JavaFX-Launcher] roha.srvcls.service.PasswordEncoder     - New instance created
2025-07-22 09:36:21,601 DEBUG [JavaFX-Launcher] roha.srvcls.service.PasswordEncoder     - getInstance() - end
2025-07-22 09:36:21,727 DEBUG [JavaFX-Launcher] roha.srvcls.service.PasswordEncoder     - getInstance() - start
2025-07-22 09:36:21,727 INFO  [JavaFX-Launcher] roha.srvcls.service.PasswordEncoder     - New instance created
2025-07-22 09:36:21,728 DEBUG [JavaFX-Launcher] roha.srvcls.service.PasswordEncoder     - getInstance() - end
2025-07-22 09:37:31,112 DEBUG [JavaFX-Launcher] roha.srvcls.service.PasswordEncoder     - getInstance() - start
2025-07-22 09:37:31,116 INFO  [JavaFX-Launcher] roha.srvcls.service.PasswordEncoder     - New instance created
2025-07-22 09:37:31,116 DEBUG [JavaFX-Launcher] roha.srvcls.service.PasswordEncoder     - getInstance() - end
2025-07-22 09:37:31,252 DEBUG [JavaFX-Launcher] roha.srvcls.service.PasswordEncoder     - getInstance() - start
2025-07-22 09:37:31,252 INFO  [JavaFX-Launcher] roha.srvcls.service.PasswordEncoder     - New instance created
2025-07-22 09:37:31,253 DEBUG [JavaFX-Launcher] roha.srvcls.service.PasswordEncoder     - getInstance() - end
2025-07-22 09:38:01,268 DEBUG [JavaFX Application Thread] roha.srvcls.service.PasswordEncoder     - getInstance() - start
2025-07-22 09:38:01,268 INFO  [JavaFX Application Thread] roha.srvcls.service.PasswordEncoder     - New instance created
2025-07-22 09:38:01,269 DEBUG [JavaFX Application Thread] roha.srvcls.service.PasswordEncoder     - getInstance() - end
2025-07-22 09:40:58,806 DEBUG [JavaFX Application Thread] roha.srvcls.service.PasswordEncoder     - getInstance() - start
2025-07-22 09:40:58,807 INFO  [JavaFX Application Thread] roha.srvcls.service.PasswordEncoder     - New instance created
2025-07-22 09:40:58,807 DEBUG [JavaFX Application Thread] roha.srvcls.service.PasswordEncoder     - getInstance() - end
2025-07-22 09:43:59,025 DEBUG [JavaFX-Launcher] roha.srvcls.service.PasswordEncoder     - getInstance() - start
2025-07-22 09:43:59,030 INFO  [JavaFX-Launcher] roha.srvcls.service.PasswordEncoder     - New instance created
2025-07-22 09:43:59,030 DEBUG [JavaFX-Launcher] roha.srvcls.service.PasswordEncoder     - getInstance() - end
2025-07-22 09:43:59,107 DEBUG [JavaFX-Launcher] roha.srvcls.service.PasswordEncoder     - getInstance() - start
2025-07-22 09:43:59,108 INFO  [JavaFX-Launcher] roha.srvcls.service.PasswordEncoder     - New instance created
2025-07-22 09:43:59,108 DEBUG [JavaFX-Launcher] roha.srvcls.service.PasswordEncoder     - getInstance() - end
2025-07-22 09:45:09,987 DEBUG [JavaFX-Launcher] roha.srvcls.service.PasswordEncoder     - getInstance() - start
2025-07-22 09:45:09,990 INFO  [JavaFX-Launcher] roha.srvcls.service.PasswordEncoder     - New instance created
2025-07-22 09:45:09,990 DEBUG [JavaFX-Launcher] roha.srvcls.service.PasswordEncoder     - getInstance() - end
2025-07-22 09:45:10,085 DEBUG [JavaFX-Launcher] roha.srvcls.service.PasswordEncoder     - getInstance() - start
2025-07-22 09:45:10,086 INFO  [JavaFX-Launcher] roha.srvcls.service.PasswordEncoder     - New instance created
2025-07-22 09:45:10,086 DEBUG [JavaFX-Launcher] roha.srvcls.service.PasswordEncoder     - getInstance() - end
2025-07-22 09:47:11,781 DEBUG [JavaFX-Launcher] roha.srvcls.service.PasswordEncoder     - getInstance() - start
2025-07-22 09:47:11,785 INFO  [JavaFX-Launcher] roha.srvcls.service.PasswordEncoder     - New instance created
2025-07-22 09:47:11,785 DEBUG [JavaFX-Launcher] roha.srvcls.service.PasswordEncoder     - getInstance() - end
2025-07-22 09:47:11,862 DEBUG [JavaFX-Launcher] roha.srvcls.service.PasswordEncoder     - getInstance() - start
2025-07-22 09:47:11,862 INFO  [JavaFX-Launcher] roha.srvcls.service.PasswordEncoder     - New instance created
2025-07-22 09:47:11,862 DEBUG [JavaFX-Launcher] roha.srvcls.service.PasswordEncoder     - getInstance() - end
2025-07-22 09:50:54,598 DEBUG [JavaFX-Launcher] roha.srvcls.service.PasswordEncoder     - getInstance() - start
2025-07-22 09:50:54,602 INFO  [JavaFX-Launcher] roha.srvcls.service.PasswordEncoder     - New instance created
2025-07-22 09:50:54,602 DEBUG [JavaFX-Launcher] roha.srvcls.service.PasswordEncoder     - getInstance() - end
2025-07-22 09:50:54,679 DEBUG [JavaFX-Launcher] roha.srvcls.service.PasswordEncoder     - getInstance() - start
2025-07-22 09:50:54,680 INFO  [JavaFX-Launcher] roha.srvcls.service.PasswordEncoder     - New instance created
2025-07-22 09:50:54,680 DEBUG [JavaFX-Launcher] roha.srvcls.service.PasswordEncoder     - getInstance() - end
2025-07-22 09:51:05,625 DEBUG [JavaFX Application Thread] roha.srvcls.service.PasswordEncoder     - getInstance() - start
2025-07-22 09:51:05,625 INFO  [JavaFX Application Thread] roha.srvcls.service.PasswordEncoder     - New instance created
2025-07-22 09:51:05,625 DEBUG [JavaFX Application Thread] roha.srvcls.service.PasswordEncoder     - getInstance() - end
2025-07-22 10:42:57,895 DEBUG [JavaFX-Launcher] roha.srvcls.service.PasswordEncoder     - getInstance() - start
2025-07-22 10:42:57,898 INFO  [JavaFX-Launcher] roha.srvcls.service.PasswordEncoder     - New instance created
2025-07-22 10:42:57,898 DEBUG [JavaFX-Launcher] roha.srvcls.service.PasswordEncoder     - getInstance() - end
2025-07-22 10:42:57,975 DEBUG [JavaFX-Launcher] roha.srvcls.service.PasswordEncoder     - getInstance() - start
2025-07-22 10:42:57,975 INFO  [JavaFX-Launcher] roha.srvcls.service.PasswordEncoder     - New instance created
2025-07-22 10:42:57,976 DEBUG [JavaFX-Launcher] roha.srvcls.service.PasswordEncoder     - getInstance() - end
2025-07-22 10:44:49,983 DEBUG [JavaFX-Launcher] roha.srvcls.service.PasswordEncoder     - getInstance() - start
2025-07-22 10:44:49,988 INFO  [JavaFX-Launcher] roha.srvcls.service.PasswordEncoder     - New instance created
2025-07-22 10:44:49,988 DEBUG [JavaFX-Launcher] roha.srvcls.service.PasswordEncoder     - getInstance() - end
2025-07-22 10:46:25,508 DEBUG [JavaFX-Launcher] roha.srvcls.service.PasswordEncoder     - getInstance() - start
2025-07-22 10:46:25,512 INFO  [JavaFX-Launcher] roha.srvcls.service.PasswordEncoder     - New instance created
2025-07-22 10:46:25,512 DEBUG [JavaFX-Launcher] roha.srvcls.service.PasswordEncoder     - getInstance() - end
2025-07-22 10:47:38,583 DEBUG [JavaFX-Launcher] roha.srvcls.service.PasswordEncoder     - getInstance() - start
2025-07-22 10:47:38,585 INFO  [JavaFX-Launcher] roha.srvcls.service.PasswordEncoder     - New instance created
2025-07-22 10:47:38,586 DEBUG [JavaFX-Launcher] roha.srvcls.service.PasswordEncoder     - getInstance() - end
2025-07-22 10:48:52,942 DEBUG [JavaFX-Launcher] roha.srvcls.service.PasswordEncoder     - getInstance() - start
2025-07-22 10:48:52,945 INFO  [JavaFX-Launcher] roha.srvcls.service.PasswordEncoder     - New instance created
2025-07-22 10:48:52,945 DEBUG [JavaFX-Launcher] roha.srvcls.service.PasswordEncoder     - getInstance() - end
2025-07-22 10:48:53,041 DEBUG [JavaFX-Launcher] roha.srvcls.service.PasswordEncoder     - getInstance() - start
2025-07-22 10:48:53,041 INFO  [JavaFX-Launcher] roha.srvcls.service.PasswordEncoder     - New instance created
2025-07-22 10:48:53,042 DEBUG [JavaFX-Launcher] roha.srvcls.service.PasswordEncoder     - getInstance() - end
2025-07-22 10:51:07,496 DEBUG [JavaFX-Launcher] roha.srvcls.service.PasswordEncoder     - getInstance() - start
2025-07-22 10:51:07,500 INFO  [JavaFX-Launcher] roha.srvcls.service.PasswordEncoder     - New instance created
2025-07-22 10:51:07,500 DEBUG [JavaFX-Launcher] roha.srvcls.service.PasswordEncoder     - getInstance() - end
2025-07-22 10:51:27,688 DEBUG [JavaFX-Launcher] roha.srvcls.service.PasswordEncoder     - getInstance() - start
2025-07-22 10:51:27,688 INFO  [JavaFX-Launcher] roha.srvcls.service.PasswordEncoder     - New instance created
2025-07-22 10:51:27,689 DEBUG [JavaFX-Launcher] roha.srvcls.service.PasswordEncoder     - getInstance() - end
2025-07-22 10:55:45,254 DEBUG [JavaFX-Launcher] roha.srvcls.service.PasswordEncoder     - getInstance() - start
2025-07-22 10:55:45,259 INFO  [JavaFX-Launcher] roha.srvcls.service.PasswordEncoder     - New instance created
2025-07-22 10:55:45,259 DEBUG [JavaFX-Launcher] roha.srvcls.service.PasswordEncoder     - getInstance() - end
2025-07-22 10:55:45,351 DEBUG [JavaFX-Launcher] roha.srvcls.service.PasswordEncoder     - getInstance() - start
2025-07-22 10:55:45,351 INFO  [JavaFX-Launcher] roha.srvcls.service.PasswordEncoder     - New instance created
2025-07-22 10:55:45,351 DEBUG [JavaFX-Launcher] roha.srvcls.service.PasswordEncoder     - getInstance() - end
2025-07-22 10:58:00,943 DEBUG [JavaFX-Launcher] roha.srvcls.service.PasswordEncoder     - getInstance() - start
2025-07-22 10:58:00,946 INFO  [JavaFX-Launcher] roha.srvcls.service.PasswordEncoder     - New instance created
2025-07-22 10:58:00,946 DEBUG [JavaFX-Launcher] roha.srvcls.service.PasswordEncoder     - getInstance() - end
2025-07-22 10:58:01,045 DEBUG [JavaFX-Launcher] roha.srvcls.service.PasswordEncoder     - getInstance() - start
2025-07-22 10:58:01,045 INFO  [JavaFX-Launcher] roha.srvcls.service.PasswordEncoder     - New instance created
2025-07-22 10:58:01,046 DEBUG [JavaFX-Launcher] roha.srvcls.service.PasswordEncoder     - getInstance() - end
2025-07-22 12:28:55,884 DEBUG [JavaFX-Launcher] roha.srvcls.service.PasswordEncoder     - getInstance() - start
2025-07-22 12:28:55,887 INFO  [JavaFX-Launcher] roha.srvcls.service.PasswordEncoder     - New instance created
2025-07-22 12:28:55,888 DEBUG [JavaFX-Launcher] roha.srvcls.service.PasswordEncoder     - getInstance() - end
2025-07-22 12:28:55,947 DEBUG [JavaFX-Launcher] roha.srvcls.service.PasswordEncoder     - getInstance() - start
2025-07-22 12:28:55,948 INFO  [JavaFX-Launcher] roha.srvcls.service.PasswordEncoder     - New instance created
2025-07-22 12:28:55,949 DEBUG [JavaFX-Launcher] roha.srvcls.service.PasswordEncoder     - getInstance() - end
2025-07-22 12:35:24,755 DEBUG [JavaFX-Launcher] roha.srvcls.service.PasswordEncoder     - getInstance() - start
2025-07-22 12:35:24,758 INFO  [JavaFX-Launcher] roha.srvcls.service.PasswordEncoder     - New instance created
2025-07-22 12:35:24,758 DEBUG [JavaFX-Launcher] roha.srvcls.service.PasswordEncoder     - getInstance() - end
2025-07-22 12:35:24,846 DEBUG [JavaFX-Launcher] roha.srvcls.service.PasswordEncoder     - getInstance() - start
2025-07-22 12:35:24,846 INFO  [JavaFX-Launcher] roha.srvcls.service.PasswordEncoder     - New instance created
2025-07-22 12:35:24,847 DEBUG [JavaFX-Launcher] roha.srvcls.service.PasswordEncoder     - getInstance() - end
2025-07-22 12:35:30,241 DEBUG [JavaFX-Launcher] roha.srvcls.service.PasswordEncoder     - getInstance() - start
2025-07-22 12:35:30,243 INFO  [JavaFX-Launcher] roha.srvcls.service.PasswordEncoder     - New instance created
2025-07-22 12:35:30,243 DEBUG [JavaFX-Launcher] roha.srvcls.service.PasswordEncoder     - getInstance() - end
2025-07-22 12:39:38,252 DEBUG [JavaFX-Launcher] roha.srvcls.service.PasswordEncoder     - getInstance() - start
2025-07-22 12:39:38,255 INFO  [JavaFX-Launcher] roha.srvcls.service.PasswordEncoder     - New instance created
2025-07-22 12:39:38,255 DEBUG [JavaFX-Launcher] roha.srvcls.service.PasswordEncoder     - getInstance() - end
2025-07-22 12:39:48,781 DEBUG [JavaFX-Launcher] roha.srvcls.service.PasswordEncoder     - getInstance() - start
2025-07-22 12:39:48,781 INFO  [JavaFX-Launcher] roha.srvcls.service.PasswordEncoder     - New instance created
2025-07-22 12:39:48,782 DEBUG [JavaFX-Launcher] roha.srvcls.service.PasswordEncoder     - getInstance() - end
2025-07-22 12:39:48,822 DEBUG [JavaFX-Launcher] roha.srvcls.service.PasswordEncoder     - getInstance() - start
2025-07-22 12:39:48,822 INFO  [JavaFX-Launcher] roha.srvcls.service.PasswordEncoder     - New instance created
2025-07-22 12:39:48,822 DEBUG [JavaFX-Launcher] roha.srvcls.service.PasswordEncoder     - getInstance() - end
2025-07-22 12:44:23,534 DEBUG [JavaFX-Launcher] roha.srvcls.service.PasswordEncoder     - getInstance() - start
2025-07-22 12:44:23,536 INFO  [JavaFX-Launcher] roha.srvcls.service.PasswordEncoder     - New instance created
2025-07-22 12:44:23,537 DEBUG [JavaFX-Launcher] roha.srvcls.service.PasswordEncoder     - getInstance() - end
2025-07-22 12:44:26,603 DEBUG [JavaFX-Launcher] roha.srvcls.service.PasswordEncoder     - getInstance() - start
2025-07-22 12:44:26,603 INFO  [JavaFX-Launcher] roha.srvcls.service.PasswordEncoder     - New instance created
2025-07-22 12:44:26,603 DEBUG [JavaFX-Launcher] roha.srvcls.service.PasswordEncoder     - getInstance() - end
2025-07-22 12:44:26,646 DEBUG [JavaFX-Launcher] roha.srvcls.service.PasswordEncoder     - getInstance() - start
2025-07-22 12:44:26,646 INFO  [JavaFX-Launcher] roha.srvcls.service.PasswordEncoder     - New instance created
2025-07-22 12:44:26,646 DEBUG [JavaFX-Launcher] roha.srvcls.service.PasswordEncoder     - getInstance() - end
2025-07-22 13:30:05,789 DEBUG [JavaFX-Launcher] roha.srvcls.service.PasswordEncoder     - getInstance() - start
2025-07-22 13:30:05,793 INFO  [JavaFX-Launcher] roha.srvcls.service.PasswordEncoder     - New instance created
2025-07-22 13:30:05,793 DEBUG [JavaFX-Launcher] roha.srvcls.service.PasswordEncoder     - getInstance() - end
2025-07-22 13:30:05,879 DEBUG [JavaFX-Launcher] roha.srvcls.service.PasswordEncoder     - getInstance() - start
2025-07-22 13:30:05,879 INFO  [JavaFX-Launcher] roha.srvcls.service.PasswordEncoder     - New instance created
2025-07-22 13:30:05,880 DEBUG [JavaFX-Launcher] roha.srvcls.service.PasswordEncoder     - getInstance() - end
2025-07-22 13:30:05,911 DEBUG [JavaFX-Launcher] roha.srvcls.service.PasswordEncoder     - getInstance() - start
2025-07-22 13:30:05,911 INFO  [JavaFX-Launcher] roha.srvcls.service.PasswordEncoder     - New instance created
2025-07-22 13:30:05,911 DEBUG [JavaFX-Launcher] roha.srvcls.service.PasswordEncoder     - getInstance() - end
2025-07-22 13:33:27,267 DEBUG [JavaFX-Launcher] roha.srvcls.service.PasswordEncoder     - getInstance() - start
2025-07-22 13:33:27,270 INFO  [JavaFX-Launcher] roha.srvcls.service.PasswordEncoder     - New instance created
2025-07-22 13:33:27,270 DEBUG [JavaFX-Launcher] roha.srvcls.service.PasswordEncoder     - getInstance() - end
2025-07-22 13:33:27,348 DEBUG [JavaFX-Launcher] roha.srvcls.service.PasswordEncoder     - getInstance() - start
2025-07-22 13:33:27,349 INFO  [JavaFX-Launcher] roha.srvcls.service.PasswordEncoder     - New instance created
2025-07-22 13:33:27,349 DEBUG [JavaFX-Launcher] roha.srvcls.service.PasswordEncoder     - getInstance() - end
2025-07-22 13:33:27,376 DEBUG [JavaFX-Launcher] roha.srvcls.service.PasswordEncoder     - getInstance() - start
2025-07-22 13:33:27,377 INFO  [JavaFX-Launcher] roha.srvcls.service.PasswordEncoder     - New instance created
2025-07-22 13:33:27,377 DEBUG [JavaFX-Launcher] roha.srvcls.service.PasswordEncoder     - getInstance() - end
2025-07-22 13:37:12,665 DEBUG [JavaFX-Launcher] roha.srvcls.service.PasswordEncoder     - getInstance() - start
2025-07-22 13:37:12,668 INFO  [JavaFX-Launcher] roha.srvcls.service.PasswordEncoder     - New instance created
2025-07-22 13:37:12,668 DEBUG [JavaFX-Launcher] roha.srvcls.service.PasswordEncoder     - getInstance() - end
2025-07-22 13:37:12,744 DEBUG [JavaFX-Launcher] roha.srvcls.service.PasswordEncoder     - getInstance() - start
2025-07-22 13:37:12,744 INFO  [JavaFX-Launcher] roha.srvcls.service.PasswordEncoder     - New instance created
2025-07-22 13:37:12,745 DEBUG [JavaFX-Launcher] roha.srvcls.service.PasswordEncoder     - getInstance() - end
2025-07-22 13:37:12,772 DEBUG [JavaFX-Launcher] roha.srvcls.service.PasswordEncoder     - getInstance() - start
2025-07-22 13:37:12,772 INFO  [JavaFX-Launcher] roha.srvcls.service.PasswordEncoder     - New instance created
2025-07-22 13:37:12,772 DEBUG [JavaFX-Launcher] roha.srvcls.service.PasswordEncoder     - getInstance() - end
2025-07-22 13:43:21,922 DEBUG [JavaFX-Launcher] roha.srvcls.service.PasswordEncoder     - getInstance() - start
2025-07-22 13:43:21,925 INFO  [JavaFX-Launcher] roha.srvcls.service.PasswordEncoder     - New instance created
2025-07-22 13:43:21,925 DEBUG [JavaFX-Launcher] roha.srvcls.service.PasswordEncoder     - getInstance() - end
2025-07-22 13:43:21,995 DEBUG [JavaFX-Launcher] roha.srvcls.service.PasswordEncoder     - getInstance() - start
2025-07-22 13:43:21,995 INFO  [JavaFX-Launcher] roha.srvcls.service.PasswordEncoder     - New instance created
2025-07-22 13:43:21,995 DEBUG [JavaFX-Launcher] roha.srvcls.service.PasswordEncoder     - getInstance() - end
2025-07-22 13:43:22,027 DEBUG [JavaFX-Launcher] roha.srvcls.service.PasswordEncoder     - getInstance() - start
2025-07-22 13:43:22,027 INFO  [JavaFX-Launcher] roha.srvcls.service.PasswordEncoder     - New instance created
2025-07-22 13:43:22,027 DEBUG [JavaFX-Launcher] roha.srvcls.service.PasswordEncoder     - getInstance() - end
2025-07-22 13:45:31,714 DEBUG [JavaFX-Launcher] roha.srvcls.service.PasswordEncoder     - getInstance() - start
2025-07-22 13:45:31,718 INFO  [JavaFX-Launcher] roha.srvcls.service.PasswordEncoder     - New instance created
2025-07-22 13:45:31,719 DEBUG [JavaFX-Launcher] roha.srvcls.service.PasswordEncoder     - getInstance() - end
2025-07-22 13:45:31,792 DEBUG [JavaFX-Launcher] roha.srvcls.service.PasswordEncoder     - getInstance() - start
2025-07-22 13:45:31,793 INFO  [JavaFX-Launcher] roha.srvcls.service.PasswordEncoder     - New instance created
2025-07-22 13:45:31,793 DEBUG [JavaFX-Launcher] roha.srvcls.service.PasswordEncoder     - getInstance() - end
2025-07-22 13:45:31,820 DEBUG [JavaFX-Launcher] roha.srvcls.service.PasswordEncoder     - getInstance() - start
2025-07-22 13:45:31,820 INFO  [JavaFX-Launcher] roha.srvcls.service.PasswordEncoder     - New instance created
2025-07-22 13:45:31,821 DEBUG [JavaFX-Launcher] roha.srvcls.service.PasswordEncoder     - getInstance() - end
2025-07-22 13:51:17,527 DEBUG [JavaFX-Launcher] roha.srvcls.service.PasswordEncoder     - getInstance() - start
2025-07-22 13:51:17,530 INFO  [JavaFX-Launcher] roha.srvcls.service.PasswordEncoder     - New instance created
2025-07-22 13:51:17,531 DEBUG [JavaFX-Launcher] roha.srvcls.service.PasswordEncoder     - getInstance() - end
2025-07-22 13:51:17,617 DEBUG [JavaFX-Launcher] roha.srvcls.service.PasswordEncoder     - getInstance() - start
2025-07-22 13:51:17,618 INFO  [JavaFX-Launcher] roha.srvcls.service.PasswordEncoder     - New instance created
2025-07-22 13:51:17,618 DEBUG [JavaFX-Launcher] roha.srvcls.service.PasswordEncoder     - getInstance() - end
2025-07-22 13:51:17,648 DEBUG [JavaFX-Launcher] roha.srvcls.service.PasswordEncoder     - getInstance() - start
2025-07-22 13:51:17,648 INFO  [JavaFX-Launcher] roha.srvcls.service.PasswordEncoder     - New instance created
2025-07-22 13:51:17,648 DEBUG [JavaFX-Launcher] roha.srvcls.service.PasswordEncoder     - getInstance() - end
2025-07-22 14:46:59,359 DEBUG [JavaFX-Launcher] roha.srvcls.service.PasswordEncoder     - getInstance() - start
2025-07-22 14:46:59,363 INFO  [JavaFX-Launcher] roha.srvcls.service.PasswordEncoder     - New instance created
2025-07-22 14:46:59,363 DEBUG [JavaFX-Launcher] roha.srvcls.service.PasswordEncoder     - getInstance() - end
2025-07-22 14:46:59,437 DEBUG [JavaFX-Launcher] roha.srvcls.service.PasswordEncoder     - getInstance() - start
2025-07-22 14:46:59,437 INFO  [JavaFX-Launcher] roha.srvcls.service.PasswordEncoder     - New instance created
2025-07-22 14:46:59,437 DEBUG [JavaFX-Launcher] roha.srvcls.service.PasswordEncoder     - getInstance() - end
2025-07-22 14:46:59,464 DEBUG [JavaFX-Launcher] roha.srvcls.service.PasswordEncoder     - getInstance() - start
2025-07-22 14:46:59,465 INFO  [JavaFX-Launcher] roha.srvcls.service.PasswordEncoder     - New instance created
2025-07-22 14:46:59,465 DEBUG [JavaFX-Launcher] roha.srvcls.service.PasswordEncoder     - getInstance() - end
2025-07-22 15:11:42,817 DEBUG [JavaFX-Launcher] roha.srvcls.service.PasswordEncoder     - getInstance() - start
2025-07-22 15:11:42,819 INFO  [JavaFX-Launcher] roha.srvcls.service.PasswordEncoder     - New instance created
2025-07-22 15:11:42,819 DEBUG [JavaFX-Launcher] roha.srvcls.service.PasswordEncoder     - getInstance() - end
2025-07-22 15:11:42,882 DEBUG [JavaFX-Launcher] roha.srvcls.service.PasswordEncoder     - getInstance() - start
2025-07-22 15:11:42,883 INFO  [JavaFX-Launcher] roha.srvcls.service.PasswordEncoder     - New instance created
2025-07-22 15:11:42,883 DEBUG [JavaFX-Launcher] roha.srvcls.service.PasswordEncoder     - getInstance() - end
2025-07-22 15:11:42,912 DEBUG [JavaFX-Launcher] roha.srvcls.service.PasswordEncoder     - getInstance() - start
2025-07-22 15:11:42,912 INFO  [JavaFX-Launcher] roha.srvcls.service.PasswordEncoder     - New instance created
2025-07-22 15:11:42,912 DEBUG [JavaFX-Launcher] roha.srvcls.service.PasswordEncoder     - getInstance() - end
2025-07-22 15:14:27,925 DEBUG [JavaFX-Launcher] roha.srvcls.service.PasswordEncoder     - getInstance() - start
2025-07-22 15:14:27,928 INFO  [JavaFX-Launcher] roha.srvcls.service.PasswordEncoder     - New instance created
2025-07-22 15:14:27,929 DEBUG [JavaFX-Launcher] roha.srvcls.service.PasswordEncoder     - getInstance() - end
2025-07-22 15:14:28,002 DEBUG [JavaFX-Launcher] roha.srvcls.service.PasswordEncoder     - getInstance() - start
2025-07-22 15:14:28,003 INFO  [JavaFX-Launcher] roha.srvcls.service.PasswordEncoder     - New instance created
2025-07-22 15:14:28,003 DEBUG [JavaFX-Launcher] roha.srvcls.service.PasswordEncoder     - getInstance() - end
2025-07-22 15:14:28,031 DEBUG [JavaFX-Launcher] roha.srvcls.service.PasswordEncoder     - getInstance() - start
2025-07-22 15:14:28,031 INFO  [JavaFX-Launcher] roha.srvcls.service.PasswordEncoder     - New instance created
2025-07-22 15:14:28,032 DEBUG [JavaFX-Launcher] roha.srvcls.service.PasswordEncoder     - getInstance() - end
2025-07-22 15:37:28,091 DEBUG [JavaFX-Launcher] roha.srvcls.service.PasswordEncoder     - getInstance() - start
2025-07-22 15:37:28,094 INFO  [JavaFX-Launcher] roha.srvcls.service.PasswordEncoder     - New instance created
2025-07-22 15:37:28,094 DEBUG [JavaFX-Launcher] roha.srvcls.service.PasswordEncoder     - getInstance() - end
2025-07-22 15:37:28,161 DEBUG [JavaFX-Launcher] roha.srvcls.service.PasswordEncoder     - getInstance() - start
2025-07-22 15:37:28,162 INFO  [JavaFX-Launcher] roha.srvcls.service.PasswordEncoder     - New instance created
2025-07-22 15:37:28,162 DEBUG [JavaFX-Launcher] roha.srvcls.service.PasswordEncoder     - getInstance() - end
2025-07-22 15:37:28,189 DEBUG [JavaFX-Launcher] roha.srvcls.service.PasswordEncoder     - getInstance() - start
2025-07-22 15:37:28,189 INFO  [JavaFX-Launcher] roha.srvcls.service.PasswordEncoder     - New instance created
2025-07-22 15:37:28,190 DEBUG [JavaFX-Launcher] roha.srvcls.service.PasswordEncoder     - getInstance() - end
2025-07-22 15:43:09,935 DEBUG [JavaFX-Launcher] roha.srvcls.service.PasswordEncoder     - getInstance() - start
2025-07-22 15:43:09,938 INFO  [JavaFX-Launcher] roha.srvcls.service.PasswordEncoder     - New instance created
2025-07-22 15:43:09,938 DEBUG [JavaFX-Launcher] roha.srvcls.service.PasswordEncoder     - getInstance() - end
2025-07-22 15:43:10,020 DEBUG [JavaFX-Launcher] roha.srvcls.service.PasswordEncoder     - getInstance() - start
2025-07-22 15:43:10,020 INFO  [JavaFX-Launcher] roha.srvcls.service.PasswordEncoder     - New instance created
2025-07-22 15:43:10,020 DEBUG [JavaFX-Launcher] roha.srvcls.service.PasswordEncoder     - getInstance() - end
2025-07-22 15:43:10,048 DEBUG [JavaFX-Launcher] roha.srvcls.service.PasswordEncoder     - getInstance() - start
2025-07-22 15:43:10,048 INFO  [JavaFX-Launcher] roha.srvcls.service.PasswordEncoder     - New instance created
2025-07-22 15:43:10,049 DEBUG [JavaFX-Launcher] roha.srvcls.service.PasswordEncoder     - getInstance() - end
2025-07-22 15:49:34,556 DEBUG [JavaFX-Launcher] roha.srvcls.service.PasswordEncoder     - getInstance() - start
2025-07-22 15:49:34,559 INFO  [JavaFX-Launcher] roha.srvcls.service.PasswordEncoder     - New instance created
2025-07-22 15:49:34,559 DEBUG [JavaFX-Launcher] roha.srvcls.service.PasswordEncoder     - getInstance() - end
2025-07-22 15:49:34,630 DEBUG [JavaFX-Launcher] roha.srvcls.service.PasswordEncoder     - getInstance() - start
2025-07-22 15:49:34,630 INFO  [JavaFX-Launcher] roha.srvcls.service.PasswordEncoder     - New instance created
2025-07-22 15:49:34,631 DEBUG [JavaFX-Launcher] roha.srvcls.service.PasswordEncoder     - getInstance() - end
2025-07-22 15:49:34,660 DEBUG [JavaFX-Launcher] roha.srvcls.service.PasswordEncoder     - getInstance() - start
2025-07-22 15:49:34,660 INFO  [JavaFX-Launcher] roha.srvcls.service.PasswordEncoder     - New instance created
2025-07-22 15:49:34,660 DEBUG [JavaFX-Launcher] roha.srvcls.service.PasswordEncoder     - getInstance() - end
2025-07-22 15:58:11,584 DEBUG [JavaFX-Launcher] roha.srvcls.service.PasswordEncoder     - getInstance() - start
2025-07-22 15:58:11,587 INFO  [JavaFX-Launcher] roha.srvcls.service.PasswordEncoder     - New instance created
2025-07-22 15:58:11,587 DEBUG [JavaFX-Launcher] roha.srvcls.service.PasswordEncoder     - getInstance() - end
2025-07-22 15:58:11,668 DEBUG [JavaFX-Launcher] roha.srvcls.service.PasswordEncoder     - getInstance() - start
2025-07-22 15:58:11,668 INFO  [JavaFX-Launcher] roha.srvcls.service.PasswordEncoder     - New instance created
2025-07-22 15:58:11,668 DEBUG [JavaFX-Launcher] roha.srvcls.service.PasswordEncoder     - getInstance() - end
2025-07-22 15:58:11,696 DEBUG [JavaFX-Launcher] roha.srvcls.service.PasswordEncoder     - getInstance() - start
2025-07-22 15:58:11,696 INFO  [JavaFX-Launcher] roha.srvcls.service.PasswordEncoder     - New instance created
2025-07-22 15:58:11,696 DEBUG [JavaFX-Launcher] roha.srvcls.service.PasswordEncoder     - getInstance() - end
2025-07-22 16:08:26,834 DEBUG [JavaFX-Launcher] roha.srvcls.service.PasswordEncoder     - getInstance() - start
2025-07-22 16:08:26,839 INFO  [JavaFX-Launcher] roha.srvcls.service.PasswordEncoder     - New instance created
2025-07-22 16:08:26,839 DEBUG [JavaFX-Launcher] roha.srvcls.service.PasswordEncoder     - getInstance() - end
2025-07-22 16:08:26,907 DEBUG [JavaFX-Launcher] roha.srvcls.service.PasswordEncoder     - getInstance() - start
2025-07-22 16:08:26,908 INFO  [JavaFX-Launcher] roha.srvcls.service.PasswordEncoder     - New instance created
2025-07-22 16:08:26,908 DEBUG [JavaFX-Launcher] roha.srvcls.service.PasswordEncoder     - getInstance() - end
2025-07-22 16:08:26,934 DEBUG [JavaFX-Launcher] roha.srvcls.service.PasswordEncoder     - getInstance() - start
2025-07-22 16:08:26,935 INFO  [JavaFX-Launcher] roha.srvcls.service.PasswordEncoder     - New instance created
2025-07-22 16:08:26,935 DEBUG [JavaFX-Launcher] roha.srvcls.service.PasswordEncoder     - getInstance() - end
2025-07-23 08:18:59,406 DEBUG [JavaFX-Launcher] roha.srvcls.service.PasswordEncoder     - getInstance() - start
2025-07-23 08:18:59,410 INFO  [JavaFX-Launcher] roha.srvcls.service.PasswordEncoder     - New instance created
2025-07-23 08:18:59,410 DEBUG [JavaFX-Launcher] roha.srvcls.service.PasswordEncoder     - getInstance() - end
2025-07-23 08:18:59,460 DEBUG [JavaFX-Launcher] roha.srvcls.service.PasswordEncoder     - getInstance() - start
2025-07-23 08:18:59,460 INFO  [JavaFX-Launcher] roha.srvcls.service.PasswordEncoder     - New instance created
2025-07-23 08:18:59,461 DEBUG [JavaFX-Launcher] roha.srvcls.service.PasswordEncoder     - getInstance() - end
2025-07-23 08:18:59,498 DEBUG [JavaFX-Launcher] roha.srvcls.service.PasswordEncoder     - getInstance() - start
2025-07-23 08:18:59,498 INFO  [JavaFX-Launcher] roha.srvcls.service.PasswordEncoder     - New instance created
2025-07-23 08:18:59,498 DEBUG [JavaFX-Launcher] roha.srvcls.service.PasswordEncoder     - getInstance() - end
2025-07-23 08:27:29,384 DEBUG [JavaFX-Launcher] roha.srvcls.service.PasswordEncoder     - getInstance() - start
2025-07-23 08:27:29,387 INFO  [JavaFX-Launcher] roha.srvcls.service.PasswordEncoder     - New instance created
2025-07-23 08:27:29,388 DEBUG [JavaFX-Launcher] roha.srvcls.service.PasswordEncoder     - getInstance() - end
2025-07-23 08:27:29,432 DEBUG [JavaFX-Launcher] roha.srvcls.service.PasswordEncoder     - getInstance() - start
2025-07-23 08:27:29,432 INFO  [JavaFX-Launcher] roha.srvcls.service.PasswordEncoder     - New instance created
2025-07-23 08:27:29,432 DEBUG [JavaFX-Launcher] roha.srvcls.service.PasswordEncoder     - getInstance() - end
2025-07-23 08:27:29,468 DEBUG [JavaFX-Launcher] roha.srvcls.service.PasswordEncoder     - getInstance() - start
2025-07-23 08:27:29,469 INFO  [JavaFX-Launcher] roha.srvcls.service.PasswordEncoder     - New instance created
2025-07-23 08:27:29,469 DEBUG [JavaFX-Launcher] roha.srvcls.service.PasswordEncoder     - getInstance() - end
2025-07-23 08:28:14,066 DEBUG [JavaFX-Launcher] roha.srvcls.service.PasswordEncoder     - getInstance() - start
2025-07-23 08:28:14,070 INFO  [JavaFX-Launcher] roha.srvcls.service.PasswordEncoder     - New instance created
2025-07-23 08:28:14,070 DEBUG [JavaFX-Launcher] roha.srvcls.service.PasswordEncoder     - getInstance() - end
2025-07-23 08:28:14,118 DEBUG [JavaFX-Launcher] roha.srvcls.service.PasswordEncoder     - getInstance() - start
2025-07-23 08:28:14,119 INFO  [JavaFX-Launcher] roha.srvcls.service.PasswordEncoder     - New instance created
2025-07-23 08:28:14,119 DEBUG [JavaFX-Launcher] roha.srvcls.service.PasswordEncoder     - getInstance() - end
2025-07-23 08:28:14,154 DEBUG [JavaFX-Launcher] roha.srvcls.service.PasswordEncoder     - getInstance() - start
2025-07-23 08:28:14,154 INFO  [JavaFX-Launcher] roha.srvcls.service.PasswordEncoder     - New instance created
2025-07-23 08:28:14,154 DEBUG [JavaFX-Launcher] roha.srvcls.service.PasswordEncoder     - getInstance() - end
2025-07-23 08:28:14,182 DEBUG [JavaFX-Launcher] roha.srvcls.service.PasswordEncoder     - getInstance() - start
2025-07-23 08:28:14,182 INFO  [JavaFX-Launcher] roha.srvcls.service.PasswordEncoder     - New instance created
2025-07-23 08:28:14,182 DEBUG [JavaFX-Launcher] roha.srvcls.service.PasswordEncoder     - getInstance() - end
2025-07-23 08:28:14,202 DEBUG [JavaFX-Launcher] roha.srvcls.service.PasswordEncoder     - getInstance() - start
2025-07-23 08:28:14,202 INFO  [JavaFX-Launcher] roha.srvcls.service.PasswordEncoder     - New instance created
2025-07-23 08:28:14,202 DEBUG [JavaFX-Launcher] roha.srvcls.service.PasswordEncoder     - getInstance() - end
2025-07-23 08:31:06,772 DEBUG [JavaFX-Launcher] roha.srvcls.service.PasswordEncoder     - getInstance() - start
2025-07-23 08:31:06,774 INFO  [JavaFX-Launcher] roha.srvcls.service.PasswordEncoder     - New instance created
2025-07-23 08:31:06,775 DEBUG [JavaFX-Launcher] roha.srvcls.service.PasswordEncoder     - getInstance() - end
2025-07-23 08:31:06,818 DEBUG [JavaFX-Launcher] roha.srvcls.service.PasswordEncoder     - getInstance() - start
2025-07-23 08:31:06,818 INFO  [JavaFX-Launcher] roha.srvcls.service.PasswordEncoder     - New instance created
2025-07-23 08:31:06,819 DEBUG [JavaFX-Launcher] roha.srvcls.service.PasswordEncoder     - getInstance() - end
2025-07-23 08:31:06,855 DEBUG [JavaFX-Launcher] roha.srvcls.service.PasswordEncoder     - getInstance() - start
2025-07-23 08:31:06,855 INFO  [JavaFX-Launcher] roha.srvcls.service.PasswordEncoder     - New instance created
2025-07-23 08:31:06,855 DEBUG [JavaFX-Launcher] roha.srvcls.service.PasswordEncoder     - getInstance() - end
2025-07-23 08:31:06,883 DEBUG [JavaFX-Launcher] roha.srvcls.service.PasswordEncoder     - getInstance() - start
2025-07-23 08:31:06,883 INFO  [JavaFX-Launcher] roha.srvcls.service.PasswordEncoder     - New instance created
2025-07-23 08:31:06,883 DEBUG [JavaFX-Launcher] roha.srvcls.service.PasswordEncoder     - getInstance() - end
2025-07-23 08:31:06,896 DEBUG [JavaFX-Launcher] roha.srvcls.service.PasswordEncoder     - getInstance() - start
2025-07-23 08:31:06,896 INFO  [JavaFX-Launcher] roha.srvcls.service.PasswordEncoder     - New instance created
2025-07-23 08:31:06,896 DEBUG [JavaFX-Launcher] roha.srvcls.service.PasswordEncoder     - getInstance() - end
2025-07-23 08:36:43,220 DEBUG [JavaFX-Launcher] roha.srvcls.service.PasswordEncoder     - getInstance() - start
2025-07-23 08:36:43,224 INFO  [JavaFX-Launcher] roha.srvcls.service.PasswordEncoder     - New instance created
2025-07-23 08:36:43,224 DEBUG [JavaFX-Launcher] roha.srvcls.service.PasswordEncoder     - getInstance() - end
2025-07-23 08:36:43,297 DEBUG [JavaFX-Launcher] roha.srvcls.service.PasswordEncoder     - getInstance() - start
2025-07-23 08:36:43,297 INFO  [JavaFX-Launcher] roha.srvcls.service.PasswordEncoder     - New instance created
2025-07-23 08:36:43,298 DEBUG [JavaFX-Launcher] roha.srvcls.service.PasswordEncoder     - getInstance() - end
2025-07-23 08:36:43,326 DEBUG [JavaFX-Launcher] roha.srvcls.service.PasswordEncoder     - getInstance() - start
2025-07-23 08:36:43,326 INFO  [JavaFX-Launcher] roha.srvcls.service.PasswordEncoder     - New instance created
2025-07-23 08:36:43,326 DEBUG [JavaFX-Launcher] roha.srvcls.service.PasswordEncoder     - getInstance() - end
2025-07-23 08:37:53,301 DEBUG [JavaFX-Launcher] roha.srvcls.service.PasswordEncoder     - getInstance() - start
2025-07-23 08:37:53,305 INFO  [JavaFX-Launcher] roha.srvcls.service.PasswordEncoder     - New instance created
2025-07-23 08:37:53,305 DEBUG [JavaFX-Launcher] roha.srvcls.service.PasswordEncoder     - getInstance() - end
2025-07-23 08:37:53,373 DEBUG [JavaFX-Launcher] roha.srvcls.service.PasswordEncoder     - getInstance() - start
2025-07-23 08:37:53,373 INFO  [JavaFX-Launcher] roha.srvcls.service.PasswordEncoder     - New instance created
2025-07-23 08:37:53,373 DEBUG [JavaFX-Launcher] roha.srvcls.service.PasswordEncoder     - getInstance() - end
2025-07-23 08:37:53,400 DEBUG [JavaFX-Launcher] roha.srvcls.service.PasswordEncoder     - getInstance() - start
2025-07-23 08:37:53,401 INFO  [JavaFX-Launcher] roha.srvcls.service.PasswordEncoder     - New instance created
2025-07-23 08:37:53,401 DEBUG [JavaFX-Launcher] roha.srvcls.service.PasswordEncoder     - getInstance() - end
2025-07-23 09:28:45,998 DEBUG [JavaFX-Launcher] roha.srvcls.service.PasswordEncoder     - getInstance() - start
2025-07-23 09:28:46,000 INFO  [JavaFX-Launcher] roha.srvcls.service.PasswordEncoder     - New instance created
2025-07-23 09:28:46,000 DEBUG [JavaFX-Launcher] roha.srvcls.service.PasswordEncoder     - getInstance() - end
2025-07-23 09:28:46,068 DEBUG [JavaFX-Launcher] roha.srvcls.service.PasswordEncoder     - getInstance() - start
2025-07-23 09:28:46,068 INFO  [JavaFX-Launcher] roha.srvcls.service.PasswordEncoder     - New instance created
2025-07-23 09:28:46,069 DEBUG [JavaFX-Launcher] roha.srvcls.service.PasswordEncoder     - getInstance() - end
2025-07-23 09:28:46,102 DEBUG [JavaFX-Launcher] roha.srvcls.service.PasswordEncoder     - getInstance() - start
2025-07-23 09:28:46,102 INFO  [JavaFX-Launcher] roha.srvcls.service.PasswordEncoder     - New instance created
2025-07-23 09:28:46,103 DEBUG [JavaFX-Launcher] roha.srvcls.service.PasswordEncoder     - getInstance() - end
2025-07-23 09:29:07,608 DEBUG [JavaFX-Launcher] roha.srvcls.service.PasswordEncoder     - getInstance() - start
2025-07-23 09:29:07,612 INFO  [JavaFX-Launcher] roha.srvcls.service.PasswordEncoder     - New instance created
2025-07-23 09:29:07,612 DEBUG [JavaFX-Launcher] roha.srvcls.service.PasswordEncoder     - getInstance() - end
2025-07-23 09:29:16,943 DEBUG [JavaFX-Launcher] roha.srvcls.service.PasswordEncoder     - getInstance() - start
2025-07-23 09:29:16,943 INFO  [JavaFX-Launcher] roha.srvcls.service.PasswordEncoder     - New instance created
2025-07-23 09:29:16,944 DEBUG [JavaFX-Launcher] roha.srvcls.service.PasswordEncoder     - getInstance() - end
2025-07-23 09:29:16,993 DEBUG [JavaFX-Launcher] roha.srvcls.service.PasswordEncoder     - getInstance() - start
2025-07-23 09:29:16,993 INFO  [JavaFX-Launcher] roha.srvcls.service.PasswordEncoder     - New instance created
2025-07-23 09:29:16,994 DEBUG [JavaFX-Launcher] roha.srvcls.service.PasswordEncoder     - getInstance() - end
2025-07-23 09:40:14,236 DEBUG [JavaFX-Launcher] roha.srvcls.service.PasswordEncoder     - getInstance() - start
2025-07-23 09:40:14,239 INFO  [JavaFX-Launcher] roha.srvcls.service.PasswordEncoder     - New instance created
2025-07-23 09:40:14,240 DEBUG [JavaFX-Launcher] roha.srvcls.service.PasswordEncoder     - getInstance() - end
2025-07-23 09:40:14,311 DEBUG [JavaFX-Launcher] roha.srvcls.service.PasswordEncoder     - getInstance() - start
2025-07-23 09:40:14,311 INFO  [JavaFX-Launcher] roha.srvcls.service.PasswordEncoder     - New instance created
2025-07-23 09:40:14,312 DEBUG [JavaFX-Launcher] roha.srvcls.service.PasswordEncoder     - getInstance() - end
2025-07-23 09:40:32,898 DEBUG [JavaFX-Launcher] roha.srvcls.service.PasswordEncoder     - getInstance() - start
2025-07-23 09:40:32,901 INFO  [JavaFX-Launcher] roha.srvcls.service.PasswordEncoder     - New instance created
2025-07-23 09:40:32,902 DEBUG [JavaFX-Launcher] roha.srvcls.service.PasswordEncoder     - getInstance() - end
2025-07-23 09:40:32,974 DEBUG [JavaFX-Launcher] roha.srvcls.service.PasswordEncoder     - getInstance() - start
2025-07-23 09:40:32,974 INFO  [JavaFX-Launcher] roha.srvcls.service.PasswordEncoder     - New instance created
2025-07-23 09:40:32,974 DEBUG [JavaFX-Launcher] roha.srvcls.service.PasswordEncoder     - getInstance() - end
2025-07-23 09:40:33,003 DEBUG [JavaFX-Launcher] roha.srvcls.service.PasswordEncoder     - getInstance() - start
2025-07-23 09:40:33,003 INFO  [JavaFX-Launcher] roha.srvcls.service.PasswordEncoder     - New instance created
2025-07-23 09:40:33,003 DEBUG [JavaFX-Launcher] roha.srvcls.service.PasswordEncoder     - getInstance() - end
2025-07-23 15:51:02,558 DEBUG [JavaFX-Launcher] roha.srvcls.service.PasswordEncoder     - getInstance() - start
2025-07-23 15:51:02,561 INFO  [JavaFX-Launcher] roha.srvcls.service.PasswordEncoder     - New instance created
2025-07-23 15:51:02,562 DEBUG [JavaFX-Launcher] roha.srvcls.service.PasswordEncoder     - getInstance() - end
2025-07-23 15:51:05,844 DEBUG [JavaFX-Launcher] roha.srvcls.service.PasswordEncoder     - getInstance() - start
2025-07-23 15:51:05,845 INFO  [JavaFX-Launcher] roha.srvcls.service.PasswordEncoder     - New instance created
2025-07-23 15:51:05,845 DEBUG [JavaFX-Launcher] roha.srvcls.service.PasswordEncoder     - getInstance() - end
2025-07-23 15:51:18,783 DEBUG [JavaFX-Launcher] roha.srvcls.service.PasswordEncoder     - getInstance() - start
2025-07-23 15:51:18,783 INFO  [JavaFX-Launcher] roha.srvcls.service.PasswordEncoder     - New instance created
2025-07-23 15:51:18,784 DEBUG [JavaFX-Launcher] roha.srvcls.service.PasswordEncoder     - getInstance() - end
2025-07-23 15:56:08,093 DEBUG [JavaFX-Launcher] roha.srvcls.service.PasswordEncoder     - getInstance() - start
2025-07-23 15:56:08,097 INFO  [JavaFX-Launcher] roha.srvcls.service.PasswordEncoder     - New instance created
2025-07-23 15:56:08,098 DEBUG [JavaFX-Launcher] roha.srvcls.service.PasswordEncoder     - getInstance() - end
2025-07-23 15:56:14,714 DEBUG [JavaFX-Launcher] roha.srvcls.service.PasswordEncoder     - getInstance() - start
2025-07-23 15:56:14,714 INFO  [JavaFX-Launcher] roha.srvcls.service.PasswordEncoder     - New instance created
2025-07-23 15:56:14,715 DEBUG [JavaFX-Launcher] roha.srvcls.service.PasswordEncoder     - getInstance() - end
2025-07-23 15:56:14,768 DEBUG [JavaFX-Launcher] roha.srvcls.service.PasswordEncoder     - getInstance() - start
2025-07-23 15:56:14,770 INFO  [JavaFX-Launcher] roha.srvcls.service.PasswordEncoder     - New instance created
2025-07-23 15:56:14,771 DEBUG [JavaFX-Launcher] roha.srvcls.service.PasswordEncoder     - getInstance() - end
2025-07-23 15:58:05,805 DEBUG [JavaFX-Launcher] roha.srvcls.service.PasswordEncoder     - getInstance() - start
2025-07-23 15:58:05,809 INFO  [JavaFX-Launcher] roha.srvcls.service.PasswordEncoder     - New instance created
2025-07-23 15:58:05,809 DEBUG [JavaFX-Launcher] roha.srvcls.service.PasswordEncoder     - getInstance() - end
2025-07-23 15:58:08,758 DEBUG [JavaFX-Launcher] roha.srvcls.service.PasswordEncoder     - getInstance() - start
2025-07-23 15:58:08,759 INFO  [JavaFX-Launcher] roha.srvcls.service.PasswordEncoder     - New instance created
2025-07-23 15:58:08,759 DEBUG [JavaFX-Launcher] roha.srvcls.service.PasswordEncoder     - getInstance() - end
2025-07-23 16:00:11,050 DEBUG [JavaFX-Launcher] roha.srvcls.service.PasswordEncoder     - getInstance() - start
2025-07-23 16:00:11,054 INFO  [JavaFX-Launcher] roha.srvcls.service.PasswordEncoder     - New instance created
2025-07-23 16:00:11,054 DEBUG [JavaFX-Launcher] roha.srvcls.service.PasswordEncoder     - getInstance() - end
2025-07-23 16:00:14,542 DEBUG [JavaFX-Launcher] roha.srvcls.service.PasswordEncoder     - getInstance() - start
2025-07-23 16:00:14,543 INFO  [JavaFX-Launcher] roha.srvcls.service.PasswordEncoder     - New instance created
2025-07-23 16:00:14,543 DEBUG [JavaFX-Launcher] roha.srvcls.service.PasswordEncoder     - getInstance() - end
2025-07-23 16:00:14,552 DEBUG [JavaFX-Launcher] roha.srvcls.service.PasswordEncoder     - getInstance() - start
2025-07-23 16:00:14,552 INFO  [JavaFX-Launcher] roha.srvcls.service.PasswordEncoder     - New instance created
2025-07-23 16:00:14,552 DEBUG [JavaFX-Launcher] roha.srvcls.service.PasswordEncoder     - getInstance() - end
2025-07-23 16:00:14,552 DEBUG [JavaFX-Launcher] roha.srvcls.service.PasswordEncoder     - getInstance() - start
2025-07-23 16:00:14,553 INFO  [JavaFX-Launcher] roha.srvcls.service.PasswordEncoder     - New instance created
2025-07-23 16:00:14,553 DEBUG [JavaFX-Launcher] roha.srvcls.service.PasswordEncoder     - getInstance() - end
2025-07-23 16:00:21,454 DEBUG [JavaFX-Launcher] roha.srvcls.service.PasswordEncoder     - getInstance() - start
2025-07-23 16:00:21,454 INFO  [JavaFX-Launcher] roha.srvcls.service.PasswordEncoder     - New instance created
2025-07-23 16:00:21,454 DEBUG [JavaFX-Launcher] roha.srvcls.service.PasswordEncoder     - getInstance() - end
2025-07-23 16:00:28,839 DEBUG [JavaFX-Launcher] roha.srvcls.service.PasswordEncoder     - getInstance() - start
2025-07-23 16:00:28,839 INFO  [JavaFX-Launcher] roha.srvcls.service.PasswordEncoder     - New instance created
2025-07-23 16:00:28,839 DEBUG [JavaFX-Launcher] roha.srvcls.service.PasswordEncoder     - getInstance() - end
2025-07-23 16:00:32,837 DEBUG [JavaFX-Launcher] roha.srvcls.service.PasswordEncoder     - getInstance() - start
2025-07-23 16:00:32,837 INFO  [JavaFX-Launcher] roha.srvcls.service.PasswordEncoder     - New instance created
2025-07-23 16:00:32,837 DEBUG [JavaFX-Launcher] roha.srvcls.service.PasswordEncoder     - getInstance() - end
2025-07-23 16:00:38,147 DEBUG [JavaFX-Launcher] roha.srvcls.service.PasswordEncoder     - getInstance() - start
2025-07-23 16:00:38,147 INFO  [JavaFX-Launcher] roha.srvcls.service.PasswordEncoder     - New instance created
2025-07-23 16:00:38,147 DEBUG [JavaFX-Launcher] roha.srvcls.service.PasswordEncoder     - getInstance() - end
2025-07-23 16:00:38,330 DEBUG [JavaFX Application Thread] roha.srvcls.service.PasswordEncoder     - getInstance() - start
2025-07-23 16:00:38,330 INFO  [JavaFX Application Thread] roha.srvcls.service.PasswordEncoder     - New instance created
2025-07-23 16:00:38,331 DEBUG [JavaFX Application Thread] roha.srvcls.service.PasswordEncoder     - getInstance() - end
2025-07-23 16:00:38,628 DEBUG [JavaFX Application Thread] roha.srvcls.service.PasswordEncoder     - getInstance() - start
2025-07-23 16:00:38,628 INFO  [JavaFX Application Thread] roha.srvcls.service.PasswordEncoder     - New instance created
2025-07-23 16:00:38,629 DEBUG [JavaFX Application Thread] roha.srvcls.service.PasswordEncoder     - getInstance() - end
2025-07-23 16:03:54,867 DEBUG [JavaFX-Launcher] roha.srvcls.service.PasswordEncoder     - getInstance() - start
2025-07-23 16:03:54,871 INFO  [JavaFX-Launcher] roha.srvcls.service.PasswordEncoder     - New instance created
2025-07-23 16:03:54,872 DEBUG [JavaFX-Launcher] roha.srvcls.service.PasswordEncoder     - getInstance() - end
2025-07-23 16:03:54,950 DEBUG [JavaFX-Launcher] roha.srvcls.service.PasswordEncoder     - getInstance() - start
2025-07-23 16:03:54,950 INFO  [JavaFX-Launcher] roha.srvcls.service.PasswordEncoder     - New instance created
2025-07-23 16:03:54,950 DEBUG [JavaFX-Launcher] roha.srvcls.service.PasswordEncoder     - getInstance() - end
2025-07-23 16:03:55,114 DEBUG [JavaFX Application Thread] roha.srvcls.service.PasswordEncoder     - getInstance() - start
2025-07-23 16:03:55,114 INFO  [JavaFX Application Thread] roha.srvcls.service.PasswordEncoder     - New instance created
2025-07-23 16:03:55,115 DEBUG [JavaFX Application Thread] roha.srvcls.service.PasswordEncoder     - getInstance() - end
2025-07-23 16:03:55,345 DEBUG [JavaFX Application Thread] roha.srvcls.service.PasswordEncoder     - getInstance() - start
2025-07-23 16:03:55,345 INFO  [JavaFX Application Thread] roha.srvcls.service.PasswordEncoder     - New instance created
2025-07-23 16:03:55,345 DEBUG [JavaFX Application Thread] roha.srvcls.service.PasswordEncoder     - getInstance() - end
2025-07-23 16:04:30,824 DEBUG [JavaFX-Launcher] roha.srvcls.service.PasswordEncoder     - getInstance() - start
2025-07-23 16:04:30,827 INFO  [JavaFX-Launcher] roha.srvcls.service.PasswordEncoder     - New instance created
2025-07-23 16:04:30,827 DEBUG [JavaFX-Launcher] roha.srvcls.service.PasswordEncoder     - getInstance() - end
2025-07-23 16:04:30,902 DEBUG [JavaFX-Launcher] roha.srvcls.service.PasswordEncoder     - getInstance() - start
2025-07-23 16:04:30,902 INFO  [JavaFX-Launcher] roha.srvcls.service.PasswordEncoder     - New instance created
2025-07-23 16:04:30,903 DEBUG [JavaFX-Launcher] roha.srvcls.service.PasswordEncoder     - getInstance() - end
2025-07-23 16:04:30,932 DEBUG [JavaFX-Launcher] roha.srvcls.service.PasswordEncoder     - getInstance() - start
2025-07-23 16:04:30,932 INFO  [JavaFX-Launcher] roha.srvcls.service.PasswordEncoder     - New instance created
2025-07-23 16:04:30,932 DEBUG [JavaFX-Launcher] roha.srvcls.service.PasswordEncoder     - getInstance() - end
2025-07-23 16:07:30,820 DEBUG [JavaFX-Launcher] roha.srvcls.service.PasswordEncoder     - getInstance() - start
2025-07-23 16:07:30,823 INFO  [JavaFX-Launcher] roha.srvcls.service.PasswordEncoder     - New instance created
2025-07-23 16:07:30,824 DEBUG [JavaFX-Launcher] roha.srvcls.service.PasswordEncoder     - getInstance() - end
2025-07-23 16:07:33,678 DEBUG [JavaFX-Launcher] roha.srvcls.service.PasswordEncoder     - getInstance() - start
2025-07-23 16:07:33,678 INFO  [JavaFX-Launcher] roha.srvcls.service.PasswordEncoder     - New instance created
2025-07-23 16:07:33,679 DEBUG [JavaFX-Launcher] roha.srvcls.service.PasswordEncoder     - getInstance() - end
2025-07-23 16:07:35,266 DEBUG [JavaFX-Launcher] roha.srvcls.service.PasswordEncoder     - getInstance() - start
2025-07-23 16:07:35,267 INFO  [JavaFX-Launcher] roha.srvcls.service.PasswordEncoder     - New instance created
2025-07-23 16:07:35,267 DEBUG [JavaFX-Launcher] roha.srvcls.service.PasswordEncoder     - getInstance() - end
2025-07-23 16:07:53,626 DEBUG [JavaFX-Launcher] roha.srvcls.service.PasswordEncoder     - getInstance() - start
2025-07-23 16:07:53,630 INFO  [JavaFX-Launcher] roha.srvcls.service.PasswordEncoder     - New instance created
2025-07-23 16:07:53,630 DEBUG [JavaFX-Launcher] roha.srvcls.service.PasswordEncoder     - getInstance() - end
2025-07-23 16:07:55,876 DEBUG [JavaFX-Launcher] roha.srvcls.service.PasswordEncoder     - getInstance() - start
2025-07-23 16:07:55,876 INFO  [JavaFX-Launcher] roha.srvcls.service.PasswordEncoder     - New instance created
2025-07-23 16:07:55,877 DEBUG [JavaFX-Launcher] roha.srvcls.service.PasswordEncoder     - getInstance() - end
2025-07-23 16:07:57,624 DEBUG [JavaFX Application Thread] roha.srvcls.service.PasswordEncoder     - getInstance() - start
2025-07-23 16:07:57,624 INFO  [JavaFX Application Thread] roha.srvcls.service.PasswordEncoder     - New instance created
2025-07-23 16:07:57,624 DEBUG [JavaFX Application Thread] roha.srvcls.service.PasswordEncoder     - getInstance() - end
2025-07-23 16:08:01,286 DEBUG [JavaFX Application Thread] roha.srvcls.service.PasswordEncoder     - getInstance() - start
2025-07-23 16:08:01,286 INFO  [JavaFX Application Thread] roha.srvcls.service.PasswordEncoder     - New instance created
2025-07-23 16:08:01,286 DEBUG [JavaFX Application Thread] roha.srvcls.service.PasswordEncoder     - getInstance() - end
2025-07-23 16:09:59,713 DEBUG [JavaFX-Launcher] roha.srvcls.service.PasswordEncoder     - getInstance() - start
2025-07-23 16:09:59,717 INFO  [JavaFX-Launcher] roha.srvcls.service.PasswordEncoder     - New instance created
2025-07-23 16:09:59,718 DEBUG [JavaFX-Launcher] roha.srvcls.service.PasswordEncoder     - getInstance() - end
2025-07-23 16:09:59,791 DEBUG [JavaFX-Launcher] roha.srvcls.service.PasswordEncoder     - getInstance() - start
2025-07-23 16:09:59,791 INFO  [JavaFX-Launcher] roha.srvcls.service.PasswordEncoder     - New instance created
2025-07-23 16:09:59,792 DEBUG [JavaFX-Launcher] roha.srvcls.service.PasswordEncoder     - getInstance() - end
2025-07-23 16:09:59,821 DEBUG [JavaFX-Launcher] roha.srvcls.service.PasswordEncoder     - getInstance() - start
2025-07-23 16:09:59,822 INFO  [JavaFX-Launcher] roha.srvcls.service.PasswordEncoder     - New instance created
2025-07-23 16:09:59,822 DEBUG [JavaFX-Launcher] roha.srvcls.service.PasswordEncoder     - getInstance() - end
2025-07-23 16:10:09,027 DEBUG [JavaFX-Launcher] roha.srvcls.service.PasswordEncoder     - getInstance() - start
2025-07-23 16:10:09,030 INFO  [JavaFX-Launcher] roha.srvcls.service.PasswordEncoder     - New instance created
2025-07-23 16:10:09,030 DEBUG [JavaFX-Launcher] roha.srvcls.service.PasswordEncoder     - getInstance() - end
2025-07-23 16:10:09,101 DEBUG [JavaFX-Launcher] roha.srvcls.service.PasswordEncoder     - getInstance() - start
2025-07-23 16:10:09,101 INFO  [JavaFX-Launcher] roha.srvcls.service.PasswordEncoder     - New instance created
2025-07-23 16:10:09,102 DEBUG [JavaFX-Launcher] roha.srvcls.service.PasswordEncoder     - getInstance() - end
2025-07-23 16:10:09,130 DEBUG [JavaFX-Launcher] roha.srvcls.service.PasswordEncoder     - getInstance() - start
2025-07-23 16:10:09,131 INFO  [JavaFX-Launcher] roha.srvcls.service.PasswordEncoder     - New instance created
2025-07-23 16:10:09,131 DEBUG [JavaFX-Launcher] roha.srvcls.service.PasswordEncoder     - getInstance() - end
2025-07-23 16:14:45,985 DEBUG [JavaFX-Launcher] roha.srvcls.service.PasswordEncoder     - getInstance() - start
2025-07-23 16:14:45,989 INFO  [JavaFX-Launcher] roha.srvcls.service.PasswordEncoder     - New instance created
2025-07-23 16:14:45,989 DEBUG [JavaFX-Launcher] roha.srvcls.service.PasswordEncoder     - getInstance() - end
2025-07-23 16:14:49,980 DEBUG [JavaFX-Launcher] roha.srvcls.service.PasswordEncoder     - getInstance() - start
2025-07-23 16:14:49,981 INFO  [JavaFX-Launcher] roha.srvcls.service.PasswordEncoder     - New instance created
2025-07-23 16:14:49,981 DEBUG [JavaFX-Launcher] roha.srvcls.service.PasswordEncoder     - getInstance() - end
2025-07-23 16:15:02,074 DEBUG [JavaFX Application Thread] roha.srvcls.service.PasswordEncoder     - getInstance() - start
2025-07-23 16:15:02,081 INFO  [JavaFX Application Thread] roha.srvcls.service.PasswordEncoder     - New instance created
2025-07-23 16:15:02,087 DEBUG [JavaFX Application Thread] roha.srvcls.service.PasswordEncoder     - getInstance() - end
2025-07-23 16:15:28,178 DEBUG [JavaFX Application Thread] roha.srvcls.service.PasswordEncoder     - getInstance() - start
2025-07-23 16:15:28,179 INFO  [JavaFX Application Thread] roha.srvcls.service.PasswordEncoder     - New instance created
2025-07-23 16:15:28,179 DEBUG [JavaFX Application Thread] roha.srvcls.service.PasswordEncoder     - getInstance() - end
2025-07-23 16:15:57,399 DEBUG [JavaFX-Launcher] roha.srvcls.service.PasswordEncoder     - getInstance() - start
2025-07-23 16:15:57,403 INFO  [JavaFX-Launcher] roha.srvcls.service.PasswordEncoder     - New instance created
2025-07-23 16:15:57,403 DEBUG [JavaFX-Launcher] roha.srvcls.service.PasswordEncoder     - getInstance() - end
2025-07-23 16:15:57,494 DEBUG [JavaFX-Launcher] roha.srvcls.service.PasswordEncoder     - getInstance() - start
2025-07-23 16:15:57,494 INFO  [JavaFX-Launcher] roha.srvcls.service.PasswordEncoder     - New instance created
2025-07-23 16:15:57,495 DEBUG [JavaFX-Launcher] roha.srvcls.service.PasswordEncoder     - getInstance() - end
2025-07-23 16:15:59,164 DEBUG [JavaFX-Launcher] roha.srvcls.service.PasswordEncoder     - getInstance() - start
2025-07-23 16:15:59,164 INFO  [JavaFX-Launcher] roha.srvcls.service.PasswordEncoder     - New instance created
2025-07-23 16:15:59,164 DEBUG [JavaFX-Launcher] roha.srvcls.service.PasswordEncoder     - getInstance() - end
2025-07-23 16:17:25,092 DEBUG [JavaFX-Launcher] roha.srvcls.service.PasswordEncoder     - getInstance() - start
2025-07-23 16:17:25,096 INFO  [JavaFX-Launcher] roha.srvcls.service.PasswordEncoder     - New instance created
2025-07-23 16:17:25,096 DEBUG [JavaFX-Launcher] roha.srvcls.service.PasswordEncoder     - getInstance() - end
2025-07-23 16:17:25,186 DEBUG [JavaFX-Launcher] roha.srvcls.service.PasswordEncoder     - getInstance() - start
2025-07-23 16:17:25,187 INFO  [JavaFX-Launcher] roha.srvcls.service.PasswordEncoder     - New instance created
2025-07-23 16:17:25,187 DEBUG [JavaFX-Launcher] roha.srvcls.service.PasswordEncoder     - getInstance() - end
2025-07-23 16:17:27,934 DEBUG [JavaFX-Launcher] roha.srvcls.service.PasswordEncoder     - getInstance() - start
2025-07-23 16:17:27,934 INFO  [JavaFX-Launcher] roha.srvcls.service.PasswordEncoder     - New instance created
2025-07-23 16:17:27,934 DEBUG [JavaFX-Launcher] roha.srvcls.service.PasswordEncoder     - getInstance() - end
2025-07-24 08:21:06,429 DEBUG [JavaFX-Launcher] roha.srvcls.service.PasswordEncoder     - getInstance() - start
2025-07-24 08:21:06,432 INFO  [JavaFX-Launcher] roha.srvcls.service.PasswordEncoder     - New instance created
2025-07-24 08:21:06,432 DEBUG [JavaFX-Launcher] roha.srvcls.service.PasswordEncoder     - getInstance() - end
2025-07-24 08:23:10,242 DEBUG [JavaFX-Launcher] roha.srvcls.service.PasswordEncoder     - getInstance() - start
2025-07-24 08:23:10,247 INFO  [JavaFX-Launcher] roha.srvcls.service.PasswordEncoder     - New instance created
2025-07-24 08:23:10,247 DEBUG [JavaFX-Launcher] roha.srvcls.service.PasswordEncoder     - getInstance() - end
2025-07-24 08:24:12,588 DEBUG [JavaFX-Launcher] roha.srvcls.service.PasswordEncoder     - getInstance() - start
2025-07-24 08:24:12,591 INFO  [JavaFX-Launcher] roha.srvcls.service.PasswordEncoder     - New instance created
2025-07-24 08:24:12,592 DEBUG [JavaFX-Launcher] roha.srvcls.service.PasswordEncoder     - getInstance() - end
2025-07-24 08:24:12,677 DEBUG [JavaFX-Launcher] roha.srvcls.service.PasswordEncoder     - getInstance() - start
2025-07-24 08:24:12,677 INFO  [JavaFX-Launcher] roha.srvcls.service.PasswordEncoder     - New instance created
2025-07-24 08:24:12,678 DEBUG [JavaFX-Launcher] roha.srvcls.service.PasswordEncoder     - getInstance() - end
2025-07-24 08:24:12,708 DEBUG [JavaFX-Launcher] roha.srvcls.service.PasswordEncoder     - getInstance() - start
2025-07-24 08:24:12,708 INFO  [JavaFX-Launcher] roha.srvcls.service.PasswordEncoder     - New instance created
2025-07-24 08:24:12,709 DEBUG [JavaFX-Launcher] roha.srvcls.service.PasswordEncoder     - getInstance() - end
2025-07-24 08:28:24,205 DEBUG [JavaFX-Launcher] roha.srvcls.service.PasswordEncoder     - getInstance() - start
2025-07-24 08:28:24,208 INFO  [JavaFX-Launcher] roha.srvcls.service.PasswordEncoder     - New instance created
2025-07-24 08:28:24,209 DEBUG [JavaFX-Launcher] roha.srvcls.service.PasswordEncoder     - getInstance() - end
2025-07-24 08:28:24,288 DEBUG [JavaFX-Launcher] roha.srvcls.service.PasswordEncoder     - getInstance() - start
2025-07-24 08:28:24,288 INFO  [JavaFX-Launcher] roha.srvcls.service.PasswordEncoder     - New instance created
2025-07-24 08:28:24,288 DEBUG [JavaFX-Launcher] roha.srvcls.service.PasswordEncoder     - getInstance() - end
2025-07-24 08:28:24,314 DEBUG [JavaFX-Launcher] roha.srvcls.service.PasswordEncoder     - getInstance() - start
2025-07-24 08:28:24,314 INFO  [JavaFX-Launcher] roha.srvcls.service.PasswordEncoder     - New instance created
2025-07-24 08:28:24,314 DEBUG [JavaFX-Launcher] roha.srvcls.service.PasswordEncoder     - getInstance() - end
2025-07-24 08:29:20,626 DEBUG [JavaFX-Launcher] roha.srvcls.service.PasswordEncoder     - getInstance() - start
2025-07-24 08:29:20,629 INFO  [JavaFX-Launcher] roha.srvcls.service.PasswordEncoder     - New instance created
2025-07-24 08:29:20,629 DEBUG [JavaFX-Launcher] roha.srvcls.service.PasswordEncoder     - getInstance() - end
2025-07-24 08:29:20,707 DEBUG [JavaFX-Launcher] roha.srvcls.service.PasswordEncoder     - getInstance() - start
2025-07-24 08:29:20,707 INFO  [JavaFX-Launcher] roha.srvcls.service.PasswordEncoder     - New instance created
2025-07-24 08:29:20,708 DEBUG [JavaFX-Launcher] roha.srvcls.service.PasswordEncoder     - getInstance() - end
2025-07-24 08:29:20,726 DEBUG [JavaFX-Launcher] roha.srvcls.service.PasswordEncoder     - getInstance() - start
2025-07-24 08:29:20,726 INFO  [JavaFX-Launcher] roha.srvcls.service.PasswordEncoder     - New instance created
2025-07-24 08:29:20,727 DEBUG [JavaFX-Launcher] roha.srvcls.service.PasswordEncoder     - getInstance() - end
2025-07-24 08:30:39,942 DEBUG [JavaFX-Launcher] roha.srvcls.service.PasswordEncoder     - getInstance() - start
2025-07-24 08:30:39,945 INFO  [JavaFX-Launcher] roha.srvcls.service.PasswordEncoder     - New instance created
2025-07-24 08:30:39,945 DEBUG [JavaFX-Launcher] roha.srvcls.service.PasswordEncoder     - getInstance() - end
2025-07-24 08:30:40,033 DEBUG [JavaFX-Launcher] roha.srvcls.service.PasswordEncoder     - getInstance() - start
2025-07-24 08:30:40,033 INFO  [JavaFX-Launcher] roha.srvcls.service.PasswordEncoder     - New instance created
2025-07-24 08:30:40,034 DEBUG [JavaFX-Launcher] roha.srvcls.service.PasswordEncoder     - getInstance() - end
2025-07-24 08:30:40,060 DEBUG [JavaFX-Launcher] roha.srvcls.service.PasswordEncoder     - getInstance() - start
2025-07-24 08:30:40,060 INFO  [JavaFX-Launcher] roha.srvcls.service.PasswordEncoder     - New instance created
2025-07-24 08:30:40,060 DEBUG [JavaFX-Launcher] roha.srvcls.service.PasswordEncoder     - getInstance() - end
2025-07-24 08:39:13,221 DEBUG [JavaFX-Launcher] roha.srvcls.service.PasswordEncoder     - getInstance() - start
2025-07-24 08:39:13,225 INFO  [JavaFX-Launcher] roha.srvcls.service.PasswordEncoder     - New instance created
2025-07-24 08:39:13,225 DEBUG [JavaFX-Launcher] roha.srvcls.service.PasswordEncoder     - getInstance() - end
2025-07-24 08:39:34,284 DEBUG [JavaFX-Launcher] roha.srvcls.service.PasswordEncoder     - getInstance() - start
2025-07-24 08:39:34,284 INFO  [JavaFX-Launcher] roha.srvcls.service.PasswordEncoder     - New instance created
2025-07-24 08:39:34,284 DEBUG [JavaFX-Launcher] roha.srvcls.service.PasswordEncoder     - getInstance() - end
2025-07-24 08:39:37,364 DEBUG [JavaFX-Launcher] roha.srvcls.service.PasswordEncoder     - getInstance() - start
2025-07-24 08:39:37,364 INFO  [JavaFX-Launcher] roha.srvcls.service.PasswordEncoder     - New instance created
2025-07-24 08:39:37,365 DEBUG [JavaFX-Launcher] roha.srvcls.service.PasswordEncoder     - getInstance() - end
2025-07-24 08:41:52,357 DEBUG [JavaFX-Launcher] roha.srvcls.service.PasswordEncoder     - getInstance() - start
2025-07-24 08:41:52,361 INFO  [JavaFX-Launcher] roha.srvcls.service.PasswordEncoder     - New instance created
2025-07-24 08:41:52,361 DEBUG [JavaFX-Launcher] roha.srvcls.service.PasswordEncoder     - getInstance() - end
2025-07-24 08:41:55,380 DEBUG [JavaFX-Launcher] roha.srvcls.service.PasswordEncoder     - getInstance() - start
2025-07-24 08:41:55,380 INFO  [JavaFX-Launcher] roha.srvcls.service.PasswordEncoder     - New instance created
2025-07-24 08:41:55,380 DEBUG [JavaFX-Launcher] roha.srvcls.service.PasswordEncoder     - getInstance() - end
2025-07-24 08:41:57,311 DEBUG [JavaFX-Launcher] roha.srvcls.service.PasswordEncoder     - getInstance() - start
2025-07-24 08:41:57,312 INFO  [JavaFX-Launcher] roha.srvcls.service.PasswordEncoder     - New instance created
2025-07-24 08:41:57,312 DEBUG [JavaFX-Launcher] roha.srvcls.service.PasswordEncoder     - getInstance() - end
2025-07-24 08:42:21,365 DEBUG [JavaFX-Launcher] roha.srvcls.service.PasswordEncoder     - getInstance() - start
2025-07-24 08:42:21,371 INFO  [JavaFX-Launcher] roha.srvcls.service.PasswordEncoder     - New instance created
2025-07-24 08:42:21,371 DEBUG [JavaFX-Launcher] roha.srvcls.service.PasswordEncoder     - getInstance() - end
2025-07-24 08:42:21,452 DEBUG [JavaFX-Launcher] roha.srvcls.service.PasswordEncoder     - getInstance() - start
2025-07-24 08:42:21,452 INFO  [JavaFX-Launcher] roha.srvcls.service.PasswordEncoder     - New instance created
2025-07-24 08:42:21,452 DEBUG [JavaFX-Launcher] roha.srvcls.service.PasswordEncoder     - getInstance() - end
2025-07-24 08:42:21,479 DEBUG [JavaFX-Launcher] roha.srvcls.service.PasswordEncoder     - getInstance() - start
2025-07-24 08:42:21,479 INFO  [JavaFX-Launcher] roha.srvcls.service.PasswordEncoder     - New instance created
2025-07-24 08:42:21,479 DEBUG [JavaFX-Launcher] roha.srvcls.service.PasswordEncoder     - getInstance() - end
2025-07-24 08:43:52,194 DEBUG [JavaFX-Launcher] roha.srvcls.service.PasswordEncoder     - getInstance() - start
2025-07-24 08:43:52,198 INFO  [JavaFX-Launcher] roha.srvcls.service.PasswordEncoder     - New instance created
2025-07-24 08:43:52,198 DEBUG [JavaFX-Launcher] roha.srvcls.service.PasswordEncoder     - getInstance() - end
2025-07-24 08:43:52,282 DEBUG [JavaFX-Launcher] roha.srvcls.service.PasswordEncoder     - getInstance() - start
2025-07-24 08:43:52,282 INFO  [JavaFX-Launcher] roha.srvcls.service.PasswordEncoder     - New instance created
2025-07-24 08:43:52,283 DEBUG [JavaFX-Launcher] roha.srvcls.service.PasswordEncoder     - getInstance() - end
2025-07-24 08:43:52,310 DEBUG [JavaFX-Launcher] roha.srvcls.service.PasswordEncoder     - getInstance() - start
2025-07-24 08:43:52,311 INFO  [JavaFX-Launcher] roha.srvcls.service.PasswordEncoder     - New instance created
2025-07-24 08:43:52,311 DEBUG [JavaFX-Launcher] roha.srvcls.service.PasswordEncoder     - getInstance() - end
2025-07-24 08:45:20,906 DEBUG [JavaFX-Launcher] roha.srvcls.service.PasswordEncoder     - getInstance() - start
2025-07-24 08:45:20,911 INFO  [JavaFX-Launcher] roha.srvcls.service.PasswordEncoder     - New instance created
2025-07-24 08:45:20,911 DEBUG [JavaFX-Launcher] roha.srvcls.service.PasswordEncoder     - getInstance() - end
2025-07-24 08:45:23,908 DEBUG [JavaFX-Launcher] roha.srvcls.service.PasswordEncoder     - getInstance() - start
2025-07-24 08:45:23,908 INFO  [JavaFX-Launcher] roha.srvcls.service.PasswordEncoder     - New instance created
2025-07-24 08:45:23,909 DEBUG [JavaFX-Launcher] roha.srvcls.service.PasswordEncoder     - getInstance() - end
2025-07-24 08:45:25,400 DEBUG [JavaFX-Launcher] roha.srvcls.service.PasswordEncoder     - getInstance() - start
2025-07-24 08:45:25,400 INFO  [JavaFX-Launcher] roha.srvcls.service.PasswordEncoder     - New instance created
2025-07-24 08:45:25,400 DEBUG [JavaFX-Launcher] roha.srvcls.service.PasswordEncoder     - getInstance() - end
2025-07-24 08:46:59,691 DEBUG [JavaFX-Launcher] roha.srvcls.service.PasswordEncoder     - getInstance() - start
2025-07-24 08:46:59,696 INFO  [JavaFX-Launcher] roha.srvcls.service.PasswordEncoder     - New instance created
2025-07-24 08:46:59,696 DEBUG [JavaFX-Launcher] roha.srvcls.service.PasswordEncoder     - getInstance() - end
2025-07-24 08:47:01,748 DEBUG [JavaFX-Launcher] roha.srvcls.service.PasswordEncoder     - getInstance() - start
2025-07-24 08:47:01,748 INFO  [JavaFX-Launcher] roha.srvcls.service.PasswordEncoder     - New instance created
2025-07-24 08:47:01,749 DEBUG [JavaFX-Launcher] roha.srvcls.service.PasswordEncoder     - getInstance() - end
2025-07-24 08:47:03,152 DEBUG [JavaFX-Launcher] roha.srvcls.service.PasswordEncoder     - getInstance() - start
2025-07-24 08:47:03,153 INFO  [JavaFX-Launcher] roha.srvcls.service.PasswordEncoder     - New instance created
2025-07-24 08:47:03,153 DEBUG [JavaFX-Launcher] roha.srvcls.service.PasswordEncoder     - getInstance() - end
2025-07-24 08:51:38,011 DEBUG [JavaFX-Launcher] roha.srvcls.service.PasswordEncoder     - getInstance() - start
2025-07-24 08:51:38,014 INFO  [JavaFX-Launcher] roha.srvcls.service.PasswordEncoder     - New instance created
2025-07-24 08:51:38,015 DEBUG [JavaFX-Launcher] roha.srvcls.service.PasswordEncoder     - getInstance() - end
2025-07-24 08:51:40,336 DEBUG [JavaFX-Launcher] roha.srvcls.service.PasswordEncoder     - getInstance() - start
2025-07-24 08:51:40,337 INFO  [JavaFX-Launcher] roha.srvcls.service.PasswordEncoder     - New instance created
2025-07-24 08:51:40,337 DEBUG [JavaFX-Launcher] roha.srvcls.service.PasswordEncoder     - getInstance() - end
2025-07-24 08:51:41,758 DEBUG [JavaFX-Launcher] roha.srvcls.service.PasswordEncoder     - getInstance() - start
2025-07-24 08:51:41,759 INFO  [JavaFX-Launcher] roha.srvcls.service.PasswordEncoder     - New instance created
2025-07-24 08:51:41,759 DEBUG [JavaFX-Launcher] roha.srvcls.service.PasswordEncoder     - getInstance() - end
2025-07-24 08:52:28,769 DEBUG [JavaFX-Launcher] roha.srvcls.service.PasswordEncoder     - getInstance() - start
2025-07-24 08:52:28,773 INFO  [JavaFX-Launcher] roha.srvcls.service.PasswordEncoder     - New instance created
2025-07-24 08:52:28,773 DEBUG [JavaFX-Launcher] roha.srvcls.service.PasswordEncoder     - getInstance() - end
2025-07-24 08:52:30,026 DEBUG [JavaFX-Launcher] roha.srvcls.service.PasswordEncoder     - getInstance() - start
2025-07-24 08:52:30,026 INFO  [JavaFX-Launcher] roha.srvcls.service.PasswordEncoder     - New instance created
2025-07-24 08:52:30,027 DEBUG [JavaFX-Launcher] roha.srvcls.service.PasswordEncoder     - getInstance() - end
2025-07-24 08:52:30,878 DEBUG [JavaFX-Launcher] roha.srvcls.service.PasswordEncoder     - getInstance() - start
2025-07-24 08:52:30,879 INFO  [JavaFX-Launcher] roha.srvcls.service.PasswordEncoder     - New instance created
2025-07-24 08:52:30,879 DEBUG [JavaFX-Launcher] roha.srvcls.service.PasswordEncoder     - getInstance() - end
2025-07-24 09:07:15,615 DEBUG [JavaFX-Launcher] roha.srvcls.service.PasswordEncoder     - getInstance() - start
2025-07-24 09:07:15,619 INFO  [JavaFX-Launcher] roha.srvcls.service.PasswordEncoder     - New instance created
2025-07-24 09:07:15,619 DEBUG [JavaFX-Launcher] roha.srvcls.service.PasswordEncoder     - getInstance() - end
2025-07-24 09:07:20,854 DEBUG [JavaFX-Launcher] roha.srvcls.service.PasswordEncoder     - getInstance() - start
2025-07-24 09:07:20,855 INFO  [JavaFX-Launcher] roha.srvcls.service.PasswordEncoder     - New instance created
2025-07-24 09:07:20,855 DEBUG [JavaFX-Launcher] roha.srvcls.service.PasswordEncoder     - getInstance() - end
2025-07-24 09:07:40,309 DEBUG [JavaFX-Launcher] roha.srvcls.service.PasswordEncoder     - getInstance() - start
2025-07-24 09:07:40,310 INFO  [JavaFX-Launcher] roha.srvcls.service.PasswordEncoder     - New instance created
2025-07-24 09:07:40,310 DEBUG [JavaFX-Launcher] roha.srvcls.service.PasswordEncoder     - getInstance() - end
2025-07-24 09:11:51,668 DEBUG [JavaFX-Launcher] roha.srvcls.service.PasswordEncoder     - getInstance() - start
2025-07-24 09:11:51,672 INFO  [JavaFX-Launcher] roha.srvcls.service.PasswordEncoder     - New instance created
2025-07-24 09:11:51,672 DEBUG [JavaFX-Launcher] roha.srvcls.service.PasswordEncoder     - getInstance() - end
2025-07-24 09:11:54,054 DEBUG [JavaFX-Launcher] roha.srvcls.service.PasswordEncoder     - getInstance() - start
2025-07-24 09:11:54,055 INFO  [JavaFX-Launcher] roha.srvcls.service.PasswordEncoder     - New instance created
2025-07-24 09:11:54,055 DEBUG [JavaFX-Launcher] roha.srvcls.service.PasswordEncoder     - getInstance() - end
2025-07-24 09:11:55,266 DEBUG [JavaFX-Launcher] roha.srvcls.service.PasswordEncoder     - getInstance() - start
2025-07-24 09:11:55,266 INFO  [JavaFX-Launcher] roha.srvcls.service.PasswordEncoder     - New instance created
2025-07-24 09:11:55,266 DEBUG [JavaFX-Launcher] roha.srvcls.service.PasswordEncoder     - getInstance() - end
2025-07-24 09:13:13,375 DEBUG [JavaFX-Launcher] roha.srvcls.service.PasswordEncoder     - getInstance() - start
2025-07-24 09:13:13,379 INFO  [JavaFX-Launcher] roha.srvcls.service.PasswordEncoder     - New instance created
2025-07-24 09:13:13,379 DEBUG [JavaFX-Launcher] roha.srvcls.service.PasswordEncoder     - getInstance() - end
2025-07-24 09:13:16,244 DEBUG [JavaFX-Launcher] roha.srvcls.service.PasswordEncoder     - getInstance() - start
2025-07-24 09:13:16,245 INFO  [JavaFX-Launcher] roha.srvcls.service.PasswordEncoder     - New instance created
2025-07-24 09:13:16,245 DEBUG [JavaFX-Launcher] roha.srvcls.service.PasswordEncoder     - getInstance() - end
2025-07-24 09:13:17,321 DEBUG [JavaFX-Launcher] roha.srvcls.service.PasswordEncoder     - getInstance() - start
2025-07-24 09:13:17,321 INFO  [JavaFX-Launcher] roha.srvcls.service.PasswordEncoder     - New instance created
2025-07-24 09:13:17,321 DEBUG [JavaFX-Launcher] roha.srvcls.service.PasswordEncoder     - getInstance() - end
2025-07-24 09:18:42,283 DEBUG [JavaFX-Launcher] roha.srvcls.service.PasswordEncoder     - getInstance() - start
2025-07-24 09:18:42,287 INFO  [JavaFX-Launcher] roha.srvcls.service.PasswordEncoder     - New instance created
2025-07-24 09:18:42,287 DEBUG [JavaFX-Launcher] roha.srvcls.service.PasswordEncoder     - getInstance() - end
2025-07-24 09:18:44,035 DEBUG [JavaFX-Launcher] roha.srvcls.service.PasswordEncoder     - getInstance() - start
2025-07-24 09:18:44,035 INFO  [JavaFX-Launcher] roha.srvcls.service.PasswordEncoder     - New instance created
2025-07-24 09:18:44,035 DEBUG [JavaFX-Launcher] roha.srvcls.service.PasswordEncoder     - getInstance() - end
2025-07-24 09:18:45,085 DEBUG [JavaFX-Launcher] roha.srvcls.service.PasswordEncoder     - getInstance() - start
2025-07-24 09:18:45,086 INFO  [JavaFX-Launcher] roha.srvcls.service.PasswordEncoder     - New instance created
2025-07-24 09:18:45,086 DEBUG [JavaFX-Launcher] roha.srvcls.service.PasswordEncoder     - getInstance() - end
2025-07-24 09:28:42,091 DEBUG [JavaFX-Launcher] roha.srvcls.service.PasswordEncoder     - getInstance() - start
2025-07-24 09:28:42,096 INFO  [JavaFX-Launcher] roha.srvcls.service.PasswordEncoder     - New instance created
2025-07-24 09:28:42,096 DEBUG [JavaFX-Launcher] roha.srvcls.service.PasswordEncoder     - getInstance() - end
2025-07-24 09:28:42,102 DEBUG [JavaFX-Launcher] roha.srvcls.service.PasswordEncoder     - getInstance() - start
2025-07-24 09:28:42,107 INFO  [JavaFX-Launcher] roha.srvcls.service.PasswordEncoder     - New instance created
2025-07-24 09:28:42,107 DEBUG [JavaFX-Launcher] roha.srvcls.service.PasswordEncoder     - getInstance() - end
2025-07-24 09:28:42,197 DEBUG [JavaFX-Launcher] roha.srvcls.service.PasswordEncoder     - getInstance() - start
2025-07-24 09:28:42,198 INFO  [JavaFX-Launcher] roha.srvcls.service.PasswordEncoder     - New instance created
2025-07-24 09:28:42,198 DEBUG [JavaFX-Launcher] roha.srvcls.service.PasswordEncoder     - getInstance() - end
2025-07-24 09:28:42,201 DEBUG [JavaFX-Launcher] roha.srvcls.service.PasswordEncoder     - getInstance() - start
2025-07-24 09:28:42,201 INFO  [JavaFX-Launcher] roha.srvcls.service.PasswordEncoder     - New instance created
2025-07-24 09:28:42,201 DEBUG [JavaFX-Launcher] roha.srvcls.service.PasswordEncoder     - getInstance() - end
2025-07-24 09:28:42,232 DEBUG [JavaFX-Launcher] roha.srvcls.service.PasswordEncoder     - getInstance() - start
2025-07-24 09:28:42,232 INFO  [JavaFX-Launcher] roha.srvcls.service.PasswordEncoder     - New instance created
2025-07-24 09:28:42,232 DEBUG [JavaFX-Launcher] roha.srvcls.service.PasswordEncoder     - getInstance() - end
2025-07-24 09:28:42,235 DEBUG [JavaFX-Launcher] roha.srvcls.service.PasswordEncoder     - getInstance() - start
2025-07-24 09:28:42,236 INFO  [JavaFX-Launcher] roha.srvcls.service.PasswordEncoder     - New instance created
2025-07-24 09:28:42,236 DEBUG [JavaFX-Launcher] roha.srvcls.service.PasswordEncoder     - getInstance() - end
2025-07-24 09:29:29,879 DEBUG [JavaFX-Launcher] roha.srvcls.service.PasswordEncoder     - getInstance() - start
2025-07-24 09:29:29,882 INFO  [JavaFX-Launcher] roha.srvcls.service.PasswordEncoder     - New instance created
2025-07-24 09:29:29,882 DEBUG [JavaFX-Launcher] roha.srvcls.service.PasswordEncoder     - getInstance() - end
2025-07-24 09:29:34,582 DEBUG [JavaFX-Launcher] roha.srvcls.service.PasswordEncoder     - getInstance() - start
2025-07-24 09:29:34,584 INFO  [JavaFX-Launcher] roha.srvcls.service.PasswordEncoder     - New instance created
2025-07-24 09:29:34,585 DEBUG [JavaFX-Launcher] roha.srvcls.service.PasswordEncoder     - getInstance() - end
2025-07-24 09:29:35,655 DEBUG [JavaFX-Launcher] roha.srvcls.service.PasswordEncoder     - getInstance() - start
2025-07-24 09:29:35,655 INFO  [JavaFX-Launcher] roha.srvcls.service.PasswordEncoder     - New instance created
2025-07-24 09:29:35,655 DEBUG [JavaFX-Launcher] roha.srvcls.service.PasswordEncoder     - getInstance() - end
2025-07-24 09:32:09,565 DEBUG [JavaFX-Launcher] roha.srvcls.service.PasswordEncoder     - getInstance() - start
2025-07-24 09:32:09,568 INFO  [JavaFX-Launcher] roha.srvcls.service.PasswordEncoder     - New instance created
2025-07-24 09:32:09,568 DEBUG [JavaFX-Launcher] roha.srvcls.service.PasswordEncoder     - getInstance() - end
2025-07-24 09:32:09,654 DEBUG [JavaFX-Launcher] roha.srvcls.service.PasswordEncoder     - getInstance() - start
2025-07-24 09:32:09,655 INFO  [JavaFX-Launcher] roha.srvcls.service.PasswordEncoder     - New instance created
2025-07-24 09:32:09,655 DEBUG [JavaFX-Launcher] roha.srvcls.service.PasswordEncoder     - getInstance() - end
2025-07-24 09:32:09,682 DEBUG [JavaFX-Launcher] roha.srvcls.service.PasswordEncoder     - getInstance() - start
2025-07-24 09:32:09,682 INFO  [JavaFX-Launcher] roha.srvcls.service.PasswordEncoder     - New instance created
2025-07-24 09:32:09,682 DEBUG [JavaFX-Launcher] roha.srvcls.service.PasswordEncoder     - getInstance() - end
2025-07-24 09:33:50,931 DEBUG [JavaFX-Launcher] roha.srvcls.service.PasswordEncoder     - getInstance() - start
2025-07-24 09:33:50,936 INFO  [JavaFX-Launcher] roha.srvcls.service.PasswordEncoder     - New instance created
2025-07-24 09:33:50,936 DEBUG [JavaFX-Launcher] roha.srvcls.service.PasswordEncoder     - getInstance() - end
2025-07-24 09:33:51,036 DEBUG [JavaFX-Launcher] roha.srvcls.service.PasswordEncoder     - getInstance() - start
2025-07-24 09:33:51,037 INFO  [JavaFX-Launcher] roha.srvcls.service.PasswordEncoder     - New instance created
2025-07-24 09:33:51,037 DEBUG [JavaFX-Launcher] roha.srvcls.service.PasswordEncoder     - getInstance() - end
2025-07-24 09:34:04,679 DEBUG [JavaFX Application Thread] roha.srvcls.service.PasswordEncoder     - getInstance() - start
2025-07-24 09:34:04,680 INFO  [JavaFX Application Thread] roha.srvcls.service.PasswordEncoder     - New instance created
2025-07-24 09:34:04,680 DEBUG [JavaFX Application Thread] roha.srvcls.service.PasswordEncoder     - getInstance() - end
2025-07-24 09:39:32,282 DEBUG [JavaFX-Launcher] roha.srvcls.service.PasswordEncoder     - getInstance() - start
2025-07-24 09:39:32,285 INFO  [JavaFX-Launcher] roha.srvcls.service.PasswordEncoder     - New instance created
2025-07-24 09:39:32,286 DEBUG [JavaFX-Launcher] roha.srvcls.service.PasswordEncoder     - getInstance() - end
2025-07-24 09:39:32,355 DEBUG [JavaFX-Launcher] roha.srvcls.service.PasswordEncoder     - getInstance() - start
2025-07-24 09:39:32,355 INFO  [JavaFX-Launcher] roha.srvcls.service.PasswordEncoder     - New instance created
2025-07-24 09:39:32,356 DEBUG [JavaFX-Launcher] roha.srvcls.service.PasswordEncoder     - getInstance() - end
2025-07-24 09:39:32,475 DEBUG [JavaFX Application Thread] roha.srvcls.service.PasswordEncoder     - getInstance() - start
2025-07-24 09:39:32,476 INFO  [JavaFX Application Thread] roha.srvcls.service.PasswordEncoder     - New instance created
2025-07-24 09:39:32,476 DEBUG [JavaFX Application Thread] roha.srvcls.service.PasswordEncoder     - getInstance() - end
2025-07-24 09:41:58,012 DEBUG [JavaFX-Launcher] roha.srvcls.service.PasswordEncoder     - getInstance() - start
2025-07-24 09:41:58,016 INFO  [JavaFX-Launcher] roha.srvcls.service.PasswordEncoder     - New instance created
2025-07-24 09:41:58,016 DEBUG [JavaFX-Launcher] roha.srvcls.service.PasswordEncoder     - getInstance() - end
2025-07-24 09:41:58,092 DEBUG [JavaFX-Launcher] roha.srvcls.service.PasswordEncoder     - getInstance() - start
2025-07-24 09:41:58,093 INFO  [JavaFX-Launcher] roha.srvcls.service.PasswordEncoder     - New instance created
2025-07-24 09:41:58,093 DEBUG [JavaFX-Launcher] roha.srvcls.service.PasswordEncoder     - getInstance() - end
2025-07-24 09:41:58,199 DEBUG [JavaFX Application Thread] roha.srvcls.service.PasswordEncoder     - getInstance() - start
2025-07-24 09:41:58,199 INFO  [JavaFX Application Thread] roha.srvcls.service.PasswordEncoder     - New instance created
2025-07-24 09:41:58,199 DEBUG [JavaFX Application Thread] roha.srvcls.service.PasswordEncoder     - getInstance() - end
2025-07-24 09:42:25,437 DEBUG [JavaFX-Launcher] roha.srvcls.service.PasswordEncoder     - getInstance() - start
2025-07-24 09:42:25,441 INFO  [JavaFX-Launcher] roha.srvcls.service.PasswordEncoder     - New instance created
2025-07-24 09:42:25,441 DEBUG [JavaFX-Launcher] roha.srvcls.service.PasswordEncoder     - getInstance() - end
2025-07-24 09:42:25,512 DEBUG [JavaFX-Launcher] roha.srvcls.service.PasswordEncoder     - getInstance() - start
2025-07-24 09:42:25,512 INFO  [JavaFX-Launcher] roha.srvcls.service.PasswordEncoder     - New instance created
2025-07-24 09:42:25,512 DEBUG [JavaFX-Launcher] roha.srvcls.service.PasswordEncoder     - getInstance() - end
2025-07-24 09:42:25,632 DEBUG [JavaFX Application Thread] roha.srvcls.service.PasswordEncoder     - getInstance() - start
2025-07-24 09:42:25,633 INFO  [JavaFX Application Thread] roha.srvcls.service.PasswordEncoder     - New instance created
2025-07-24 09:42:25,633 DEBUG [JavaFX Application Thread] roha.srvcls.service.PasswordEncoder     - getInstance() - end
2025-07-24 09:42:25,865 DEBUG [JavaFX Application Thread] roha.srvcls.service.PasswordEncoder     - getInstance() - start
2025-07-24 09:42:25,865 INFO  [JavaFX Application Thread] roha.srvcls.service.PasswordEncoder     - New instance created
2025-07-24 09:42:25,865 DEBUG [JavaFX Application Thread] roha.srvcls.service.PasswordEncoder     - getInstance() - end
2025-07-24 09:45:05,227 DEBUG [JavaFX-Launcher] roha.srvcls.service.PasswordEncoder     - getInstance() - start
2025-07-24 09:45:05,230 INFO  [JavaFX-Launcher] roha.srvcls.service.PasswordEncoder     - New instance created
2025-07-24 09:45:05,230 DEBUG [JavaFX-Launcher] roha.srvcls.service.PasswordEncoder     - getInstance() - end
2025-07-24 09:45:05,327 DEBUG [JavaFX-Launcher] roha.srvcls.service.PasswordEncoder     - getInstance() - start
2025-07-24 09:45:05,328 INFO  [JavaFX-Launcher] roha.srvcls.service.PasswordEncoder     - New instance created
2025-07-24 09:45:05,328 DEBUG [JavaFX-Launcher] roha.srvcls.service.PasswordEncoder     - getInstance() - end
2025-07-24 09:45:39,645 DEBUG [JavaFX-Launcher] roha.srvcls.service.PasswordEncoder     - getInstance() - start
2025-07-24 09:45:39,649 INFO  [JavaFX-Launcher] roha.srvcls.service.PasswordEncoder     - New instance created
2025-07-24 09:45:39,649 DEBUG [JavaFX-Launcher] roha.srvcls.service.PasswordEncoder     - getInstance() - end
2025-07-24 09:45:39,753 DEBUG [JavaFX-Launcher] roha.srvcls.service.PasswordEncoder     - getInstance() - start
2025-07-24 09:45:39,754 INFO  [JavaFX-Launcher] roha.srvcls.service.PasswordEncoder     - New instance created
2025-07-24 09:45:39,754 DEBUG [JavaFX-Launcher] roha.srvcls.service.PasswordEncoder     - getInstance() - end
2025-07-24 09:45:43,154 DEBUG [JavaFX Application Thread] roha.srvcls.service.PasswordEncoder     - getInstance() - start
2025-07-24 09:45:43,154 INFO  [JavaFX Application Thread] roha.srvcls.service.PasswordEncoder     - New instance created
2025-07-24 09:45:43,154 DEBUG [JavaFX Application Thread] roha.srvcls.service.PasswordEncoder     - getInstance() - end
2025-07-24 09:46:37,876 DEBUG [JavaFX-Launcher] roha.srvcls.service.PasswordEncoder     - getInstance() - start
2025-07-24 09:46:37,881 INFO  [JavaFX-Launcher] roha.srvcls.service.PasswordEncoder     - New instance created
2025-07-24 09:46:37,881 DEBUG [JavaFX-Launcher] roha.srvcls.service.PasswordEncoder     - getInstance() - end
2025-07-24 09:46:37,989 DEBUG [JavaFX-Launcher] roha.srvcls.service.PasswordEncoder     - getInstance() - start
2025-07-24 09:46:37,989 INFO  [JavaFX-Launcher] roha.srvcls.service.PasswordEncoder     - New instance created
2025-07-24 09:46:37,990 DEBUG [JavaFX-Launcher] roha.srvcls.service.PasswordEncoder     - getInstance() - end
2025-07-24 09:46:44,469 DEBUG [JavaFX Application Thread] roha.srvcls.service.PasswordEncoder     - getInstance() - start
2025-07-24 09:46:44,469 INFO  [JavaFX Application Thread] roha.srvcls.service.PasswordEncoder     - New instance created
2025-07-24 09:46:44,470 DEBUG [JavaFX Application Thread] roha.srvcls.service.PasswordEncoder     - getInstance() - end
2025-07-24 09:49:23,124 DEBUG [JavaFX-Launcher] roha.srvcls.service.PasswordEncoder     - getInstance() - start
2025-07-24 09:49:23,127 INFO  [JavaFX-Launcher] roha.srvcls.service.PasswordEncoder     - New instance created
2025-07-24 09:49:23,128 DEBUG [JavaFX-Launcher] roha.srvcls.service.PasswordEncoder     - getInstance() - end
2025-07-24 09:49:23,202 DEBUG [JavaFX-Launcher] roha.srvcls.service.PasswordEncoder     - getInstance() - start
2025-07-24 09:49:23,203 INFO  [JavaFX-Launcher] roha.srvcls.service.PasswordEncoder     - New instance created
2025-07-24 09:49:23,203 DEBUG [JavaFX-Launcher] roha.srvcls.service.PasswordEncoder     - getInstance() - end
2025-07-24 09:49:23,324 DEBUG [JavaFX Application Thread] roha.srvcls.service.PasswordEncoder     - getInstance() - start
2025-07-24 09:49:23,325 INFO  [JavaFX Application Thread] roha.srvcls.service.PasswordEncoder     - New instance created
2025-07-24 09:49:23,325 DEBUG [JavaFX Application Thread] roha.srvcls.service.PasswordEncoder     - getInstance() - end
2025-07-24 11:22:48,741 DEBUG [JavaFX-Launcher] roha.srvcls.service.PasswordEncoder     - getInstance() - start
2025-07-24 11:22:48,744 INFO  [JavaFX-Launcher] roha.srvcls.service.PasswordEncoder     - New instance created
2025-07-24 11:22:48,744 DEBUG [JavaFX-Launcher] roha.srvcls.service.PasswordEncoder     - getInstance() - end
2025-07-24 11:22:48,815 DEBUG [JavaFX-Launcher] roha.srvcls.service.PasswordEncoder     - getInstance() - start
2025-07-24 11:22:48,816 INFO  [JavaFX-Launcher] roha.srvcls.service.PasswordEncoder     - New instance created
2025-07-24 11:22:48,816 DEBUG [JavaFX-Launcher] roha.srvcls.service.PasswordEncoder     - getInstance() - end
2025-07-24 11:22:48,941 DEBUG [JavaFX Application Thread] roha.srvcls.service.PasswordEncoder     - getInstance() - start
2025-07-24 11:22:48,941 INFO  [JavaFX Application Thread] roha.srvcls.service.PasswordEncoder     - New instance created
2025-07-24 11:22:48,942 DEBUG [JavaFX Application Thread] roha.srvcls.service.PasswordEncoder     - getInstance() - end
2025-07-24 11:22:59,263 DEBUG [JavaFX Application Thread] roha.srvcls.service.PasswordEncoder     - getInstance() - start
2025-07-24 11:22:59,264 INFO  [JavaFX Application Thread] roha.srvcls.service.PasswordEncoder     - New instance created
2025-07-24 11:22:59,265 DEBUG [JavaFX Application Thread] roha.srvcls.service.PasswordEncoder     - getInstance() - end
2025-07-24 11:34:41,091 DEBUG [JavaFX-Launcher] roha.srvcls.service.PasswordEncoder     - getInstance() - start
2025-07-24 11:34:41,095 INFO  [JavaFX-Launcher] roha.srvcls.service.PasswordEncoder     - New instance created
2025-07-24 11:34:41,096 DEBUG [JavaFX-Launcher] roha.srvcls.service.PasswordEncoder     - getInstance() - end
2025-07-24 11:34:41,200 DEBUG [JavaFX-Launcher] roha.srvcls.service.PasswordEncoder     - getInstance() - start
2025-07-24 11:34:41,200 INFO  [JavaFX-Launcher] roha.srvcls.service.PasswordEncoder     - New instance created
2025-07-24 11:34:41,201 DEBUG [JavaFX-Launcher] roha.srvcls.service.PasswordEncoder     - getInstance() - end
2025-07-24 11:34:50,467 DEBUG [JavaFX Application Thread] roha.srvcls.service.PasswordEncoder     - getInstance() - start
2025-07-24 11:34:50,467 INFO  [JavaFX Application Thread] roha.srvcls.service.PasswordEncoder     - New instance created
2025-07-24 11:34:50,468 DEBUG [JavaFX Application Thread] roha.srvcls.service.PasswordEncoder     - getInstance() - end
2025-07-24 11:39:17,286 DEBUG [JavaFX-Launcher] roha.srvcls.service.PasswordEncoder     - getInstance() - start
2025-07-24 11:39:17,289 INFO  [JavaFX-Launcher] roha.srvcls.service.PasswordEncoder     - New instance created
2025-07-24 11:39:17,289 DEBUG [JavaFX-Launcher] roha.srvcls.service.PasswordEncoder     - getInstance() - end
2025-07-24 11:39:17,367 DEBUG [JavaFX-Launcher] roha.srvcls.service.PasswordEncoder     - getInstance() - start
2025-07-24 11:39:17,367 INFO  [JavaFX-Launcher] roha.srvcls.service.PasswordEncoder     - New instance created
2025-07-24 11:39:17,367 DEBUG [JavaFX-Launcher] roha.srvcls.service.PasswordEncoder     - getInstance() - end
2025-07-24 11:40:54,594 DEBUG [JavaFX-Launcher] roha.srvcls.service.PasswordEncoder     - getInstance() - start
2025-07-24 11:40:54,597 INFO  [JavaFX-Launcher] roha.srvcls.service.PasswordEncoder     - New instance created
2025-07-24 11:40:54,597 DEBUG [JavaFX-Launcher] roha.srvcls.service.PasswordEncoder     - getInstance() - end
2025-07-24 11:40:54,672 DEBUG [JavaFX-Launcher] roha.srvcls.service.PasswordEncoder     - getInstance() - start
2025-07-24 11:40:54,672 INFO  [JavaFX-Launcher] roha.srvcls.service.PasswordEncoder     - New instance created
2025-07-24 11:40:54,672 DEBUG [JavaFX-Launcher] roha.srvcls.service.PasswordEncoder     - getInstance() - end
2025-07-24 11:40:55,004 DEBUG [JavaFX Application Thread] roha.srvcls.service.PasswordEncoder     - getInstance() - start
2025-07-24 11:40:55,004 INFO  [JavaFX Application Thread] roha.srvcls.service.PasswordEncoder     - New instance created
2025-07-24 11:40:55,005 DEBUG [JavaFX Application Thread] roha.srvcls.service.PasswordEncoder     - getInstance() - end
2025-07-24 11:49:26,739 DEBUG [JavaFX-Launcher] roha.srvcls.service.PasswordEncoder     - getInstance() - start
2025-07-24 11:49:26,742 INFO  [JavaFX-Launcher] roha.srvcls.service.PasswordEncoder     - New instance created
2025-07-24 11:49:26,742 DEBUG [JavaFX-Launcher] roha.srvcls.service.PasswordEncoder     - getInstance() - end
2025-07-24 11:49:26,812 DEBUG [JavaFX-Launcher] roha.srvcls.service.PasswordEncoder     - getInstance() - start
2025-07-24 11:49:26,812 INFO  [JavaFX-Launcher] roha.srvcls.service.PasswordEncoder     - New instance created
2025-07-24 11:49:26,813 DEBUG [JavaFX-Launcher] roha.srvcls.service.PasswordEncoder     - getInstance() - end
2025-07-24 11:49:27,146 DEBUG [JavaFX Application Thread] roha.srvcls.service.PasswordEncoder     - getInstance() - start
2025-07-24 11:49:27,146 INFO  [JavaFX Application Thread] roha.srvcls.service.PasswordEncoder     - New instance created
2025-07-24 11:49:27,146 DEBUG [JavaFX Application Thread] roha.srvcls.service.PasswordEncoder     - getInstance() - end
2025-07-24 12:12:52,818 DEBUG [JavaFX-Launcher] roha.srvcls.service.PasswordEncoder     - getInstance() - start
2025-07-24 12:12:52,822 INFO  [JavaFX-Launcher] roha.srvcls.service.PasswordEncoder     - New instance created
2025-07-24 12:12:52,822 DEBUG [JavaFX-Launcher] roha.srvcls.service.PasswordEncoder     - getInstance() - end
2025-07-24 12:12:52,928 DEBUG [JavaFX-Launcher] roha.srvcls.service.PasswordEncoder     - getInstance() - start
2025-07-24 12:12:52,928 INFO  [JavaFX-Launcher] roha.srvcls.service.PasswordEncoder     - New instance created
2025-07-24 12:12:52,929 DEBUG [JavaFX-Launcher] roha.srvcls.service.PasswordEncoder     - getInstance() - end
2025-07-24 12:13:07,435 DEBUG [JavaFX Application Thread] roha.srvcls.service.PasswordEncoder     - getInstance() - start
2025-07-24 12:13:07,436 INFO  [JavaFX Application Thread] roha.srvcls.service.PasswordEncoder     - New instance created
2025-07-24 12:13:07,436 DEBUG [JavaFX Application Thread] roha.srvcls.service.PasswordEncoder     - getInstance() - end
2025-07-24 12:14:12,977 DEBUG [JavaFX-Launcher] roha.srvcls.service.PasswordEncoder     - getInstance() - start
2025-07-24 12:14:12,981 INFO  [JavaFX-Launcher] roha.srvcls.service.PasswordEncoder     - New instance created
2025-07-24 12:14:12,981 DEBUG [JavaFX-Launcher] roha.srvcls.service.PasswordEncoder     - getInstance() - end
2025-07-24 12:14:13,061 DEBUG [JavaFX-Launcher] roha.srvcls.service.PasswordEncoder     - getInstance() - start
2025-07-24 12:14:13,061 INFO  [JavaFX-Launcher] roha.srvcls.service.PasswordEncoder     - New instance created
2025-07-24 12:14:13,061 DEBUG [JavaFX-Launcher] roha.srvcls.service.PasswordEncoder     - getInstance() - end
2025-07-24 12:14:13,406 DEBUG [JavaFX Application Thread] roha.srvcls.service.PasswordEncoder     - getInstance() - start
2025-07-24 12:14:13,406 INFO  [JavaFX Application Thread] roha.srvcls.service.PasswordEncoder     - New instance created
2025-07-24 12:14:13,406 DEBUG [JavaFX Application Thread] roha.srvcls.service.PasswordEncoder     - getInstance() - end
2025-07-24 12:16:32,526 DEBUG [JavaFX-Launcher] roha.srvcls.service.PasswordEncoder     - getInstance() - start
2025-07-24 12:16:32,529 INFO  [JavaFX-Launcher] roha.srvcls.service.PasswordEncoder     - New instance created
2025-07-24 12:16:32,529 DEBUG [JavaFX-Launcher] roha.srvcls.service.PasswordEncoder     - getInstance() - end
2025-07-24 12:16:32,608 DEBUG [JavaFX-Launcher] roha.srvcls.service.PasswordEncoder     - getInstance() - start
2025-07-24 12:16:32,608 INFO  [JavaFX-Launcher] roha.srvcls.service.PasswordEncoder     - New instance created
2025-07-24 12:16:32,609 DEBUG [JavaFX-Launcher] roha.srvcls.service.PasswordEncoder     - getInstance() - end
2025-07-24 12:16:32,952 DEBUG [JavaFX Application Thread] roha.srvcls.service.PasswordEncoder     - getInstance() - start
2025-07-24 12:16:32,952 INFO  [JavaFX Application Thread] roha.srvcls.service.PasswordEncoder     - New instance created
2025-07-24 12:16:32,952 DEBUG [JavaFX Application Thread] roha.srvcls.service.PasswordEncoder     - getInstance() - end
2025-07-24 12:20:22,093 DEBUG [JavaFX-Launcher] roha.srvcls.service.PasswordEncoder     - getInstance() - start
2025-07-24 12:20:22,096 INFO  [JavaFX-Launcher] roha.srvcls.service.PasswordEncoder     - New instance created
2025-07-24 12:20:22,096 DEBUG [JavaFX-Launcher] roha.srvcls.service.PasswordEncoder     - getInstance() - end
2025-07-24 12:20:22,172 DEBUG [JavaFX-Launcher] roha.srvcls.service.PasswordEncoder     - getInstance() - start
2025-07-24 12:20:22,172 INFO  [JavaFX-Launcher] roha.srvcls.service.PasswordEncoder     - New instance created
2025-07-24 12:20:22,172 DEBUG [JavaFX-Launcher] roha.srvcls.service.PasswordEncoder     - getInstance() - end
2025-07-24 12:20:22,507 DEBUG [JavaFX Application Thread] roha.srvcls.service.PasswordEncoder     - getInstance() - start
2025-07-24 12:20:22,507 INFO  [JavaFX Application Thread] roha.srvcls.service.PasswordEncoder     - New instance created
2025-07-24 12:20:22,507 DEBUG [JavaFX Application Thread] roha.srvcls.service.PasswordEncoder     - getInstance() - end
2025-07-24 12:33:11,663 DEBUG [JavaFX-Launcher] roha.srvcls.service.PasswordEncoder     - getInstance() - start
2025-07-24 12:33:12,061 INFO  [JavaFX-Launcher] roha.srvcls.service.PasswordEncoder     - New instance created
2025-07-24 12:33:12,062 DEBUG [JavaFX-Launcher] roha.srvcls.service.PasswordEncoder     - getInstance() - end
2025-07-24 12:33:12,143 DEBUG [JavaFX-Launcher] roha.srvcls.service.PasswordEncoder     - getInstance() - start
2025-07-24 12:33:12,144 INFO  [JavaFX-Launcher] roha.srvcls.service.PasswordEncoder     - New instance created
2025-07-24 12:33:12,144 DEBUG [JavaFX-Launcher] roha.srvcls.service.PasswordEncoder     - getInstance() - end
2025-07-24 12:33:38,999 DEBUG [JavaFX-Launcher] roha.srvcls.service.PasswordEncoder     - getInstance() - start
2025-07-24 12:33:39,002 INFO  [JavaFX-Launcher] roha.srvcls.service.PasswordEncoder     - New instance created
2025-07-24 12:33:39,002 DEBUG [JavaFX-Launcher] roha.srvcls.service.PasswordEncoder     - getInstance() - end
2025-07-24 12:33:39,078 DEBUG [JavaFX-Launcher] roha.srvcls.service.PasswordEncoder     - getInstance() - start
2025-07-24 12:33:39,079 INFO  [JavaFX-Launcher] roha.srvcls.service.PasswordEncoder     - New instance created
2025-07-24 12:33:39,079 DEBUG [JavaFX-Launcher] roha.srvcls.service.PasswordEncoder     - getInstance() - end
2025-07-24 12:33:39,422 DEBUG [JavaFX Application Thread] roha.srvcls.service.PasswordEncoder     - getInstance() - start
2025-07-24 12:33:39,423 INFO  [JavaFX Application Thread] roha.srvcls.service.PasswordEncoder     - New instance created
2025-07-24 12:33:39,423 DEBUG [JavaFX Application Thread] roha.srvcls.service.PasswordEncoder     - getInstance() - end
2025-07-24 12:35:17,913 DEBUG [JavaFX-Launcher] roha.srvcls.service.PasswordEncoder     - getInstance() - start
2025-07-24 12:35:17,918 INFO  [JavaFX-Launcher] roha.srvcls.service.PasswordEncoder     - New instance created
2025-07-24 12:35:17,918 DEBUG [JavaFX-Launcher] roha.srvcls.service.PasswordEncoder     - getInstance() - end
2025-07-24 12:35:17,991 DEBUG [JavaFX-Launcher] roha.srvcls.service.PasswordEncoder     - getInstance() - start
2025-07-24 12:35:17,991 INFO  [JavaFX-Launcher] roha.srvcls.service.PasswordEncoder     - New instance created
2025-07-24 12:35:17,992 DEBUG [JavaFX-Launcher] roha.srvcls.service.PasswordEncoder     - getInstance() - end
2025-07-24 12:35:18,336 DEBUG [JavaFX Application Thread] roha.srvcls.service.PasswordEncoder     - getInstance() - start
2025-07-24 12:35:18,337 INFO  [JavaFX Application Thread] roha.srvcls.service.PasswordEncoder     - New instance created
2025-07-24 12:35:18,337 DEBUG [JavaFX Application Thread] roha.srvcls.service.PasswordEncoder     - getInstance() - end
2025-07-24 12:39:32,871 DEBUG [JavaFX-Launcher] roha.srvcls.service.PasswordEncoder     - getInstance() - start
2025-07-24 12:39:32,874 INFO  [JavaFX-Launcher] roha.srvcls.service.PasswordEncoder     - New instance created
2025-07-24 12:39:32,874 DEBUG [JavaFX-Launcher] roha.srvcls.service.PasswordEncoder     - getInstance() - end
2025-07-24 12:39:32,950 DEBUG [JavaFX-Launcher] roha.srvcls.service.PasswordEncoder     - getInstance() - start
2025-07-24 12:39:32,950 INFO  [JavaFX-Launcher] roha.srvcls.service.PasswordEncoder     - New instance created
2025-07-24 12:39:32,950 DEBUG [JavaFX-Launcher] roha.srvcls.service.PasswordEncoder     - getInstance() - end
2025-07-24 12:39:33,330 DEBUG [JavaFX Application Thread] roha.srvcls.service.PasswordEncoder     - getInstance() - start
2025-07-24 12:39:33,331 INFO  [JavaFX Application Thread] roha.srvcls.service.PasswordEncoder     - New instance created
2025-07-24 12:39:33,331 DEBUG [JavaFX Application Thread] roha.srvcls.service.PasswordEncoder     - getInstance() - end
2025-07-24 12:40:58,095 DEBUG [JavaFX-Launcher] roha.srvcls.service.PasswordEncoder     - getInstance() - start
2025-07-24 12:40:58,098 INFO  [JavaFX-Launcher] roha.srvcls.service.PasswordEncoder     - New instance created
2025-07-24 12:40:58,099 DEBUG [JavaFX-Launcher] roha.srvcls.service.PasswordEncoder     - getInstance() - end
2025-07-24 12:40:58,168 DEBUG [JavaFX-Launcher] roha.srvcls.service.PasswordEncoder     - getInstance() - start
2025-07-24 12:40:58,168 INFO  [JavaFX-Launcher] roha.srvcls.service.PasswordEncoder     - New instance created
2025-07-24 12:40:58,168 DEBUG [JavaFX-Launcher] roha.srvcls.service.PasswordEncoder     - getInstance() - end
2025-07-24 12:40:58,520 DEBUG [JavaFX Application Thread] roha.srvcls.service.PasswordEncoder     - getInstance() - start
2025-07-24 12:40:58,520 INFO  [JavaFX Application Thread] roha.srvcls.service.PasswordEncoder     - New instance created
2025-07-24 12:40:58,520 DEBUG [JavaFX Application Thread] roha.srvcls.service.PasswordEncoder     - getInstance() - end
2025-07-24 12:46:06,942 DEBUG [JavaFX-Launcher] roha.srvcls.service.PasswordEncoder     - getInstance() - start
2025-07-24 12:46:06,945 INFO  [JavaFX-Launcher] roha.srvcls.service.PasswordEncoder     - New instance created
2025-07-24 12:46:06,945 DEBUG [JavaFX-Launcher] roha.srvcls.service.PasswordEncoder     - getInstance() - end
2025-07-24 12:46:07,018 DEBUG [JavaFX-Launcher] roha.srvcls.service.PasswordEncoder     - getInstance() - start
2025-07-24 12:46:07,018 INFO  [JavaFX-Launcher] roha.srvcls.service.PasswordEncoder     - New instance created
2025-07-24 12:46:07,019 DEBUG [JavaFX-Launcher] roha.srvcls.service.PasswordEncoder     - getInstance() - end
2025-07-24 12:46:42,055 DEBUG [JavaFX-Launcher] roha.srvcls.service.PasswordEncoder     - getInstance() - start
2025-07-24 12:46:42,058 INFO  [JavaFX-Launcher] roha.srvcls.service.PasswordEncoder     - New instance created
2025-07-24 12:46:42,058 DEBUG [JavaFX-Launcher] roha.srvcls.service.PasswordEncoder     - getInstance() - end
2025-07-24 12:46:42,127 DEBUG [JavaFX-Launcher] roha.srvcls.service.PasswordEncoder     - getInstance() - start
2025-07-24 12:46:42,127 INFO  [JavaFX-Launcher] roha.srvcls.service.PasswordEncoder     - New instance created
2025-07-24 12:46:42,127 DEBUG [JavaFX-Launcher] roha.srvcls.service.PasswordEncoder     - getInstance() - end
2025-07-24 12:47:53,684 DEBUG [JavaFX-Launcher] roha.srvcls.service.PasswordEncoder     - getInstance() - start
2025-07-24 12:47:53,688 INFO  [JavaFX-Launcher] roha.srvcls.service.PasswordEncoder     - New instance created
2025-07-24 12:47:53,688 DEBUG [JavaFX-Launcher] roha.srvcls.service.PasswordEncoder     - getInstance() - end
2025-07-24 12:47:53,766 DEBUG [JavaFX-Launcher] roha.srvcls.service.PasswordEncoder     - getInstance() - start
2025-07-24 12:47:53,767 INFO  [JavaFX-Launcher] roha.srvcls.service.PasswordEncoder     - New instance created
2025-07-24 12:47:53,767 DEBUG [JavaFX-Launcher] roha.srvcls.service.PasswordEncoder     - getInstance() - end
2025-07-24 12:47:54,141 DEBUG [JavaFX Application Thread] roha.srvcls.service.PasswordEncoder     - getInstance() - start
2025-07-24 12:47:54,142 INFO  [JavaFX Application Thread] roha.srvcls.service.PasswordEncoder     - New instance created
2025-07-24 12:47:54,142 DEBUG [JavaFX Application Thread] roha.srvcls.service.PasswordEncoder     - getInstance() - end
2025-07-24 13:39:02,486 DEBUG [JavaFX-Launcher] roha.srvcls.service.PasswordEncoder     - getInstance() - start
2025-07-24 13:39:02,489 INFO  [JavaFX-Launcher] roha.srvcls.service.PasswordEncoder     - New instance created
2025-07-24 13:39:02,489 DEBUG [JavaFX-Launcher] roha.srvcls.service.PasswordEncoder     - getInstance() - end
2025-07-24 13:39:02,565 DEBUG [JavaFX-Launcher] roha.srvcls.service.PasswordEncoder     - getInstance() - start
2025-07-24 13:39:02,565 INFO  [JavaFX-Launcher] roha.srvcls.service.PasswordEncoder     - New instance created
2025-07-24 13:39:02,565 DEBUG [JavaFX-Launcher] roha.srvcls.service.PasswordEncoder     - getInstance() - end
2025-07-24 13:39:02,941 DEBUG [JavaFX Application Thread] roha.srvcls.service.PasswordEncoder     - getInstance() - start
2025-07-24 13:39:02,941 INFO  [JavaFX Application Thread] roha.srvcls.service.PasswordEncoder     - New instance created
2025-07-24 13:39:02,942 DEBUG [JavaFX Application Thread] roha.srvcls.service.PasswordEncoder     - getInstance() - end
2025-07-24 13:40:56,637 DEBUG [JavaFX-Launcher] roha.srvcls.service.PasswordEncoder     - getInstance() - start
2025-07-24 13:40:56,640 INFO  [JavaFX-Launcher] roha.srvcls.service.PasswordEncoder     - New instance created
2025-07-24 13:40:56,640 DEBUG [JavaFX-Launcher] roha.srvcls.service.PasswordEncoder     - getInstance() - end
2025-07-24 13:40:56,715 DEBUG [JavaFX-Launcher] roha.srvcls.service.PasswordEncoder     - getInstance() - start
2025-07-24 13:40:56,715 INFO  [JavaFX-Launcher] roha.srvcls.service.PasswordEncoder     - New instance created
2025-07-24 13:40:56,715 DEBUG [JavaFX-Launcher] roha.srvcls.service.PasswordEncoder     - getInstance() - end
2025-07-24 13:40:57,059 DEBUG [JavaFX Application Thread] roha.srvcls.service.PasswordEncoder     - getInstance() - start
2025-07-24 13:40:57,059 INFO  [JavaFX Application Thread] roha.srvcls.service.PasswordEncoder     - New instance created
2025-07-24 13:40:57,059 DEBUG [JavaFX Application Thread] roha.srvcls.service.PasswordEncoder     - getInstance() - end
2025-07-24 14:02:25,499 DEBUG [JavaFX-Launcher] roha.srvcls.service.PasswordEncoder     - getInstance() - start
2025-07-24 14:02:25,502 INFO  [JavaFX-Launcher] roha.srvcls.service.PasswordEncoder     - New instance created
2025-07-24 14:02:25,502 DEBUG [JavaFX-Launcher] roha.srvcls.service.PasswordEncoder     - getInstance() - end
2025-07-24 14:02:25,604 DEBUG [JavaFX-Launcher] roha.srvcls.service.PasswordEncoder     - getInstance() - start
2025-07-24 14:02:25,604 INFO  [JavaFX-Launcher] roha.srvcls.service.PasswordEncoder     - New instance created
2025-07-24 14:02:25,605 DEBUG [JavaFX-Launcher] roha.srvcls.service.PasswordEncoder     - getInstance() - end
2025-07-24 14:02:36,025 DEBUG [JavaFX Application Thread] roha.srvcls.service.PasswordEncoder     - getInstance() - start
2025-07-24 14:02:36,026 INFO  [JavaFX Application Thread] roha.srvcls.service.PasswordEncoder     - New instance created
2025-07-24 14:02:36,026 DEBUG [JavaFX Application Thread] roha.srvcls.service.PasswordEncoder     - getInstance() - end
2025-07-24 14:07:25,881 DEBUG [JavaFX-Launcher] roha.srvcls.service.PasswordEncoder     - getInstance() - start
2025-07-24 14:07:25,885 INFO  [JavaFX-Launcher] roha.srvcls.service.PasswordEncoder     - New instance created
2025-07-24 14:07:25,885 DEBUG [JavaFX-Launcher] roha.srvcls.service.PasswordEncoder     - getInstance() - end
2025-07-24 14:07:25,954 DEBUG [JavaFX-Launcher] roha.srvcls.service.PasswordEncoder     - getInstance() - start
2025-07-24 14:07:25,955 INFO  [JavaFX-Launcher] roha.srvcls.service.PasswordEncoder     - New instance created
2025-07-24 14:07:25,955 DEBUG [JavaFX-Launcher] roha.srvcls.service.PasswordEncoder     - getInstance() - end
2025-07-24 14:07:26,311 DEBUG [JavaFX Application Thread] roha.srvcls.service.PasswordEncoder     - getInstance() - start
2025-07-24 14:07:26,312 INFO  [JavaFX Application Thread] roha.srvcls.service.PasswordEncoder     - New instance created
2025-07-24 14:07:26,312 DEBUG [JavaFX Application Thread] roha.srvcls.service.PasswordEncoder     - getInstance() - end
2025-07-24 14:14:22,660 DEBUG [JavaFX-Launcher] roha.srvcls.service.PasswordEncoder     - getInstance() - start
2025-07-24 14:14:22,664 INFO  [JavaFX-Launcher] roha.srvcls.service.PasswordEncoder     - New instance created
2025-07-24 14:14:22,665 DEBUG [JavaFX-Launcher] roha.srvcls.service.PasswordEncoder     - getInstance() - end
2025-07-24 14:14:22,744 DEBUG [JavaFX-Launcher] roha.srvcls.service.PasswordEncoder     - getInstance() - start
2025-07-24 14:14:22,745 INFO  [JavaFX-Launcher] roha.srvcls.service.PasswordEncoder     - New instance created
2025-07-24 14:14:22,745 DEBUG [JavaFX-Launcher] roha.srvcls.service.PasswordEncoder     - getInstance() - end
2025-07-24 14:14:23,100 DEBUG [JavaFX Application Thread] roha.srvcls.service.PasswordEncoder     - getInstance() - start
2025-07-24 14:14:23,100 INFO  [JavaFX Application Thread] roha.srvcls.service.PasswordEncoder     - New instance created
2025-07-24 14:14:23,101 DEBUG [JavaFX Application Thread] roha.srvcls.service.PasswordEncoder     - getInstance() - end
2025-07-24 14:41:52,203 DEBUG [JavaFX-Launcher] roha.srvcls.service.PasswordEncoder     - getInstance() - start
2025-07-24 14:41:52,207 INFO  [JavaFX-Launcher] roha.srvcls.service.PasswordEncoder     - New instance created
2025-07-24 14:41:52,208 DEBUG [JavaFX-Launcher] roha.srvcls.service.PasswordEncoder     - getInstance() - end
2025-07-24 14:41:52,285 DEBUG [JavaFX-Launcher] roha.srvcls.service.PasswordEncoder     - getInstance() - start
2025-07-24 14:41:52,285 INFO  [JavaFX-Launcher] roha.srvcls.service.PasswordEncoder     - New instance created
2025-07-24 14:41:52,285 DEBUG [JavaFX-Launcher] roha.srvcls.service.PasswordEncoder     - getInstance() - end
2025-07-24 14:41:52,645 DEBUG [JavaFX Application Thread] roha.srvcls.service.PasswordEncoder     - getInstance() - start
2025-07-24 14:41:52,645 INFO  [JavaFX Application Thread] roha.srvcls.service.PasswordEncoder     - New instance created
2025-07-24 14:41:52,646 DEBUG [JavaFX Application Thread] roha.srvcls.service.PasswordEncoder     - getInstance() - end
2025-07-24 14:41:56,603 DEBUG [JavaFX Application Thread] roha.srvcls.service.PasswordEncoder     - getInstance() - start
2025-07-24 14:41:56,603 INFO  [JavaFX Application Thread] roha.srvcls.service.PasswordEncoder     - New instance created
2025-07-24 14:41:56,604 DEBUG [JavaFX Application Thread] roha.srvcls.service.PasswordEncoder     - getInstance() - end
2025-07-24 14:43:11,432 DEBUG [JavaFX-Launcher] roha.srvcls.service.PasswordEncoder     - getInstance() - start
2025-07-24 14:43:11,436 INFO  [JavaFX-Launcher] roha.srvcls.service.PasswordEncoder     - New instance created
2025-07-24 14:43:11,437 DEBUG [JavaFX-Launcher] roha.srvcls.service.PasswordEncoder     - getInstance() - end
2025-07-24 14:43:11,540 DEBUG [JavaFX-Launcher] roha.srvcls.service.PasswordEncoder     - getInstance() - start
2025-07-24 14:43:11,540 INFO  [JavaFX-Launcher] roha.srvcls.service.PasswordEncoder     - New instance created
2025-07-24 14:43:11,541 DEBUG [JavaFX-Launcher] roha.srvcls.service.PasswordEncoder     - getInstance() - end
2025-07-24 14:43:25,187 DEBUG [JavaFX Application Thread] roha.srvcls.service.PasswordEncoder     - getInstance() - start
2025-07-24 14:43:25,187 INFO  [JavaFX Application Thread] roha.srvcls.service.PasswordEncoder     - New instance created
2025-07-24 14:43:25,187 DEBUG [JavaFX Application Thread] roha.srvcls.service.PasswordEncoder     - getInstance() - end
2025-07-24 14:44:53,774 DEBUG [JavaFX Application Thread] roha.srvcls.service.PasswordEncoder     - getInstance() - start
2025-07-24 14:44:53,782 INFO  [JavaFX Application Thread] roha.srvcls.service.PasswordEncoder     - New instance created
2025-07-24 14:44:53,791 DEBUG [JavaFX Application Thread] roha.srvcls.service.PasswordEncoder     - getInstance() - end
2025-07-24 14:46:35,665 DEBUG [JavaFX-Launcher] roha.srvcls.service.PasswordEncoder     - getInstance() - start
2025-07-24 14:46:35,669 INFO  [JavaFX-Launcher] roha.srvcls.service.PasswordEncoder     - New instance created
2025-07-24 14:46:35,669 DEBUG [JavaFX-Launcher] roha.srvcls.service.PasswordEncoder     - getInstance() - end
2025-07-24 14:46:35,782 DEBUG [JavaFX-Launcher] roha.srvcls.service.PasswordEncoder     - getInstance() - start
2025-07-24 14:46:35,782 INFO  [JavaFX-Launcher] roha.srvcls.service.PasswordEncoder     - New instance created
2025-07-24 14:46:35,782 DEBUG [JavaFX-Launcher] roha.srvcls.service.PasswordEncoder     - getInstance() - end
2025-07-24 14:46:42,147 DEBUG [JavaFX Application Thread] roha.srvcls.service.PasswordEncoder     - getInstance() - start
2025-07-24 14:46:42,147 INFO  [JavaFX Application Thread] roha.srvcls.service.PasswordEncoder     - New instance created
2025-07-24 14:46:42,147 DEBUG [JavaFX Application Thread] roha.srvcls.service.PasswordEncoder     - getInstance() - end
2025-07-24 14:47:37,889 DEBUG [JavaFX Application Thread] roha.srvcls.service.PasswordEncoder     - getInstance() - start
2025-07-24 14:47:37,890 INFO  [JavaFX Application Thread] roha.srvcls.service.PasswordEncoder     - New instance created
2025-07-24 14:47:37,890 DEBUG [JavaFX Application Thread] roha.srvcls.service.PasswordEncoder     - getInstance() - end
2025-07-24 14:50:05,914 DEBUG [JavaFX-Launcher] roha.srvcls.service.PasswordEncoder     - getInstance() - start
2025-07-24 14:50:05,918 INFO  [JavaFX-Launcher] roha.srvcls.service.PasswordEncoder     - New instance created
2025-07-24 14:50:05,918 DEBUG [JavaFX-Launcher] roha.srvcls.service.PasswordEncoder     - getInstance() - end
2025-07-24 14:50:06,027 DEBUG [JavaFX-Launcher] roha.srvcls.service.PasswordEncoder     - getInstance() - start
2025-07-24 14:50:06,028 INFO  [JavaFX-Launcher] roha.srvcls.service.PasswordEncoder     - New instance created
2025-07-24 14:50:06,028 DEBUG [JavaFX-Launcher] roha.srvcls.service.PasswordEncoder     - getInstance() - end
2025-07-24 14:50:16,654 DEBUG [JavaFX Application Thread] roha.srvcls.service.PasswordEncoder     - getInstance() - start
2025-07-24 14:50:16,655 INFO  [JavaFX Application Thread] roha.srvcls.service.PasswordEncoder     - New instance created
2025-07-24 14:50:16,655 DEBUG [JavaFX Application Thread] roha.srvcls.service.PasswordEncoder     - getInstance() - end
2025-07-24 14:54:22,343 DEBUG [JavaFX Application Thread] roha.srvcls.service.PasswordEncoder     - getInstance() - start
2025-07-24 14:54:22,345 INFO  [JavaFX Application Thread] roha.srvcls.service.PasswordEncoder     - New instance created
2025-07-24 14:54:22,345 DEBUG [JavaFX Application Thread] roha.srvcls.service.PasswordEncoder     - getInstance() - end
2025-07-24 14:56:58,924 DEBUG [JavaFX Application Thread] roha.srvcls.service.PasswordEncoder     - getInstance() - start
2025-07-24 14:56:58,925 INFO  [JavaFX Application Thread] roha.srvcls.service.PasswordEncoder     - New instance created
2025-07-24 14:56:58,926 DEBUG [JavaFX Application Thread] roha.srvcls.service.PasswordEncoder     - getInstance() - end
2025-07-24 15:05:36,223 DEBUG [JavaFX-Launcher] roha.srvcls.service.PasswordEncoder     - getInstance() - start
2025-07-24 15:05:36,226 INFO  [JavaFX-Launcher] roha.srvcls.service.PasswordEncoder     - New instance created
2025-07-24 15:05:36,227 DEBUG [JavaFX-Launcher] roha.srvcls.service.PasswordEncoder     - getInstance() - end
2025-07-24 15:05:36,304 DEBUG [JavaFX-Launcher] roha.srvcls.service.PasswordEncoder     - getInstance() - start
2025-07-24 15:05:36,304 INFO  [JavaFX-Launcher] roha.srvcls.service.PasswordEncoder     - New instance created
2025-07-24 15:05:36,304 DEBUG [JavaFX-Launcher] roha.srvcls.service.PasswordEncoder     - getInstance() - end
2025-07-24 15:05:37,058 DEBUG [JavaFX Application Thread] roha.srvcls.service.PasswordEncoder     - getInstance() - start
2025-07-24 15:05:37,058 INFO  [JavaFX Application Thread] roha.srvcls.service.PasswordEncoder     - New instance created
2025-07-24 15:05:37,058 DEBUG [JavaFX Application Thread] roha.srvcls.service.PasswordEncoder     - getInstance() - end
2025-07-24 15:05:40,267 DEBUG [JavaFX Application Thread] roha.srvcls.service.PasswordEncoder     - getInstance() - start
2025-07-24 15:05:40,267 INFO  [JavaFX Application Thread] roha.srvcls.service.PasswordEncoder     - New instance created
2025-07-24 15:05:40,267 DEBUG [JavaFX Application Thread] roha.srvcls.service.PasswordEncoder     - getInstance() - end
2025-07-24 15:20:02,508 DEBUG [JavaFX-Launcher] roha.srvcls.service.PasswordEncoder     - getInstance() - start
2025-07-24 15:20:02,512 INFO  [JavaFX-Launcher] roha.srvcls.service.PasswordEncoder     - New instance created
2025-07-24 15:20:02,513 DEBUG [JavaFX-Launcher] roha.srvcls.service.PasswordEncoder     - getInstance() - end
2025-07-24 15:20:02,584 DEBUG [JavaFX-Launcher] roha.srvcls.service.PasswordEncoder     - getInstance() - start
2025-07-24 15:20:02,584 INFO  [JavaFX-Launcher] roha.srvcls.service.PasswordEncoder     - New instance created
2025-07-24 15:20:02,584 DEBUG [JavaFX-Launcher] roha.srvcls.service.PasswordEncoder     - getInstance() - end
2025-07-24 15:20:03,349 DEBUG [JavaFX Application Thread] roha.srvcls.service.PasswordEncoder     - getInstance() - start
2025-07-24 15:20:03,350 INFO  [JavaFX Application Thread] roha.srvcls.service.PasswordEncoder     - New instance created
2025-07-24 15:20:03,350 DEBUG [JavaFX Application Thread] roha.srvcls.service.PasswordEncoder     - getInstance() - end
2025-07-24 15:20:06,199 DEBUG [JavaFX Application Thread] roha.srvcls.service.PasswordEncoder     - getInstance() - start
2025-07-24 15:20:06,199 INFO  [JavaFX Application Thread] roha.srvcls.service.PasswordEncoder     - New instance created
2025-07-24 15:20:06,199 DEBUG [JavaFX Application Thread] roha.srvcls.service.PasswordEncoder     - getInstance() - end
2025-07-24 15:24:14,169 DEBUG [JavaFX-Launcher] roha.srvcls.service.PasswordEncoder     - getInstance() - start
2025-07-24 15:24:14,173 INFO  [JavaFX-Launcher] roha.srvcls.service.PasswordEncoder     - New instance created
2025-07-24 15:24:14,174 DEBUG [JavaFX-Launcher] roha.srvcls.service.PasswordEncoder     - getInstance() - end
2025-07-24 15:24:14,287 DEBUG [JavaFX-Launcher] roha.srvcls.service.PasswordEncoder     - getInstance() - start
2025-07-24 15:24:14,288 INFO  [JavaFX-Launcher] roha.srvcls.service.PasswordEncoder     - New instance created
2025-07-24 15:24:14,289 DEBUG [JavaFX-Launcher] roha.srvcls.service.PasswordEncoder     - getInstance() - end
2025-07-24 15:24:23,532 DEBUG [JavaFX Application Thread] roha.srvcls.service.PasswordEncoder     - getInstance() - start
2025-07-24 15:24:23,533 INFO  [JavaFX Application Thread] roha.srvcls.service.PasswordEncoder     - New instance created
2025-07-24 15:24:23,533 DEBUG [JavaFX Application Thread] roha.srvcls.service.PasswordEncoder     - getInstance() - end
2025-07-24 15:26:19,222 DEBUG [JavaFX-Launcher] roha.srvcls.service.PasswordEncoder     - getInstance() - start
2025-07-24 15:26:19,226 INFO  [JavaFX-Launcher] roha.srvcls.service.PasswordEncoder     - New instance created
2025-07-24 15:26:19,226 DEBUG [JavaFX-Launcher] roha.srvcls.service.PasswordEncoder     - getInstance() - end
2025-07-24 15:26:19,330 DEBUG [JavaFX-Launcher] roha.srvcls.service.PasswordEncoder     - getInstance() - start
2025-07-24 15:26:19,331 INFO  [JavaFX-Launcher] roha.srvcls.service.PasswordEncoder     - New instance created
2025-07-24 15:26:19,331 DEBUG [JavaFX-Launcher] roha.srvcls.service.PasswordEncoder     - getInstance() - end
2025-07-24 15:27:01,766 DEBUG [JavaFX Application Thread] roha.srvcls.service.PasswordEncoder     - getInstance() - start
2025-07-24 15:27:01,766 INFO  [JavaFX Application Thread] roha.srvcls.service.PasswordEncoder     - New instance created
2025-07-24 15:27:01,767 DEBUG [JavaFX Application Thread] roha.srvcls.service.PasswordEncoder     - getInstance() - end
2025-07-24 15:27:53,845 DEBUG [JavaFX Application Thread] roha.srvcls.service.PasswordEncoder     - getInstance() - start
2025-07-24 15:27:53,845 INFO  [JavaFX Application Thread] roha.srvcls.service.PasswordEncoder     - New instance created
2025-07-24 15:27:53,845 DEBUG [JavaFX Application Thread] roha.srvcls.service.PasswordEncoder     - getInstance() - end
2025-07-24 15:32:37,337 DEBUG [JavaFX-Launcher] roha.srvcls.service.PasswordEncoder     - getInstance() - start
2025-07-24 15:32:37,341 INFO  [JavaFX-Launcher] roha.srvcls.service.PasswordEncoder     - New instance created
2025-07-24 15:32:37,341 DEBUG [JavaFX-Launcher] roha.srvcls.service.PasswordEncoder     - getInstance() - end
2025-07-24 15:32:37,419 DEBUG [JavaFX-Launcher] roha.srvcls.service.PasswordEncoder     - getInstance() - start
2025-07-24 15:32:37,419 INFO  [JavaFX-Launcher] roha.srvcls.service.PasswordEncoder     - New instance created
2025-07-24 15:32:37,420 DEBUG [JavaFX-Launcher] roha.srvcls.service.PasswordEncoder     - getInstance() - end
2025-07-24 15:32:38,187 DEBUG [JavaFX Application Thread] roha.srvcls.service.PasswordEncoder     - getInstance() - start
2025-07-24 15:32:38,187 INFO  [JavaFX Application Thread] roha.srvcls.service.PasswordEncoder     - New instance created
2025-07-24 15:32:38,187 DEBUG [JavaFX Application Thread] roha.srvcls.service.PasswordEncoder     - getInstance() - end
2025-07-24 15:32:41,128 DEBUG [JavaFX Application Thread] roha.srvcls.service.PasswordEncoder     - getInstance() - start
2025-07-24 15:32:41,129 INFO  [JavaFX Application Thread] roha.srvcls.service.PasswordEncoder     - New instance created
2025-07-24 15:32:41,129 DEBUG [JavaFX Application Thread] roha.srvcls.service.PasswordEncoder     - getInstance() - end
2025-07-24 15:36:31,222 DEBUG [JavaFX-Launcher] roha.srvcls.service.PasswordEncoder     - getInstance() - start
2025-07-24 15:36:31,226 INFO  [JavaFX-Launcher] roha.srvcls.service.PasswordEncoder     - New instance created
2025-07-24 15:36:31,226 DEBUG [JavaFX-Launcher] roha.srvcls.service.PasswordEncoder     - getInstance() - end
2025-07-24 15:36:31,330 DEBUG [JavaFX-Launcher] roha.srvcls.service.PasswordEncoder     - getInstance() - start
2025-07-24 15:36:31,331 INFO  [JavaFX-Launcher] roha.srvcls.service.PasswordEncoder     - New instance created
2025-07-24 15:36:31,331 DEBUG [JavaFX-Launcher] roha.srvcls.service.PasswordEncoder     - getInstance() - end
2025-07-24 15:36:41,963 DEBUG [JavaFX Application Thread] roha.srvcls.service.PasswordEncoder     - getInstance() - start
2025-07-24 15:36:41,963 INFO  [JavaFX Application Thread] roha.srvcls.service.PasswordEncoder     - New instance created
2025-07-24 15:36:41,963 DEBUG [JavaFX Application Thread] roha.srvcls.service.PasswordEncoder     - getInstance() - end
2025-07-24 15:36:53,353 DEBUG [JavaFX Application Thread] roha.srvcls.service.PasswordEncoder     - getInstance() - start
2025-07-24 15:36:53,357 INFO  [JavaFX Application Thread] roha.srvcls.service.PasswordEncoder     - New instance created
2025-07-24 15:36:53,361 DEBUG [JavaFX Application Thread] roha.srvcls.service.PasswordEncoder     - getInstance() - end
2025-07-24 15:38:18,394 DEBUG [JavaFX-Launcher] roha.srvcls.service.PasswordEncoder     - getInstance() - start
2025-07-24 15:38:18,396 INFO  [JavaFX-Launcher] roha.srvcls.service.PasswordEncoder     - New instance created
2025-07-24 15:38:18,397 DEBUG [JavaFX-Launcher] roha.srvcls.service.PasswordEncoder     - getInstance() - end
2025-07-24 15:38:18,472 DEBUG [JavaFX-Launcher] roha.srvcls.service.PasswordEncoder     - getInstance() - start
2025-07-24 15:38:18,472 INFO  [JavaFX-Launcher] roha.srvcls.service.PasswordEncoder     - New instance created
2025-07-24 15:38:18,472 DEBUG [JavaFX-Launcher] roha.srvcls.service.PasswordEncoder     - getInstance() - end
2025-07-24 15:38:19,216 DEBUG [JavaFX Application Thread] roha.srvcls.service.PasswordEncoder     - getInstance() - start
2025-07-24 15:38:19,216 INFO  [JavaFX Application Thread] roha.srvcls.service.PasswordEncoder     - New instance created
2025-07-24 15:38:19,216 DEBUG [JavaFX Application Thread] roha.srvcls.service.PasswordEncoder     - getInstance() - end
2025-07-24 15:38:21,691 DEBUG [JavaFX Application Thread] roha.srvcls.service.PasswordEncoder     - getInstance() - start
2025-07-24 15:38:21,692 INFO  [JavaFX Application Thread] roha.srvcls.service.PasswordEncoder     - New instance created
2025-07-24 15:38:21,692 DEBUG [JavaFX Application Thread] roha.srvcls.service.PasswordEncoder     - getInstance() - end
2025-07-24 15:46:16,656 DEBUG [JavaFX-Launcher] roha.srvcls.service.PasswordEncoder     - getInstance() - start
2025-07-24 15:46:16,659 INFO  [JavaFX-Launcher] roha.srvcls.service.PasswordEncoder     - New instance created
2025-07-24 15:46:16,659 DEBUG [JavaFX-Launcher] roha.srvcls.service.PasswordEncoder     - getInstance() - end
2025-07-24 15:46:16,738 DEBUG [JavaFX-Launcher] roha.srvcls.service.PasswordEncoder     - getInstance() - start
2025-07-24 15:46:16,739 INFO  [JavaFX-Launcher] roha.srvcls.service.PasswordEncoder     - New instance created
2025-07-24 15:46:16,739 DEBUG [JavaFX-Launcher] roha.srvcls.service.PasswordEncoder     - getInstance() - end
2025-07-24 15:46:17,501 DEBUG [JavaFX Application Thread] roha.srvcls.service.PasswordEncoder     - getInstance() - start
2025-07-24 15:46:17,502 INFO  [JavaFX Application Thread] roha.srvcls.service.PasswordEncoder     - New instance created
2025-07-24 15:46:17,502 DEBUG [JavaFX Application Thread] roha.srvcls.service.PasswordEncoder     - getInstance() - end
2025-07-24 15:46:20,287 DEBUG [JavaFX Application Thread] roha.srvcls.service.PasswordEncoder     - getInstance() - start
2025-07-24 15:46:20,287 INFO  [JavaFX Application Thread] roha.srvcls.service.PasswordEncoder     - New instance created
2025-07-24 15:46:20,288 DEBUG [JavaFX Application Thread] roha.srvcls.service.PasswordEncoder     - getInstance() - end
2025-07-24 15:58:38,343 DEBUG [JavaFX-Launcher] roha.srvcls.service.PasswordEncoder     - getInstance() - start
2025-07-24 15:58:38,346 INFO  [JavaFX-Launcher] roha.srvcls.service.PasswordEncoder     - New instance created
2025-07-24 15:58:38,347 DEBUG [JavaFX-Launcher] roha.srvcls.service.PasswordEncoder     - getInstance() - end
2025-07-24 15:58:38,440 DEBUG [JavaFX-Launcher] roha.srvcls.service.PasswordEncoder     - getInstance() - start
2025-07-24 15:58:38,440 INFO  [JavaFX-Launcher] roha.srvcls.service.PasswordEncoder     - New instance created
2025-07-24 15:58:38,441 DEBUG [JavaFX-Launcher] roha.srvcls.service.PasswordEncoder     - getInstance() - end
2025-07-24 15:58:39,197 DEBUG [JavaFX Application Thread] roha.srvcls.service.PasswordEncoder     - getInstance() - start
2025-07-24 15:58:39,197 INFO  [JavaFX Application Thread] roha.srvcls.service.PasswordEncoder     - New instance created
2025-07-24 15:58:39,198 DEBUG [JavaFX Application Thread] roha.srvcls.service.PasswordEncoder     - getInstance() - end
2025-07-24 15:58:42,234 DEBUG [JavaFX Application Thread] roha.srvcls.service.PasswordEncoder     - getInstance() - start
2025-07-24 15:58:42,234 INFO  [JavaFX Application Thread] roha.srvcls.service.PasswordEncoder     - New instance created
2025-07-24 15:58:42,234 DEBUG [JavaFX Application Thread] roha.srvcls.service.PasswordEncoder     - getInstance() - end
2025-07-24 15:59:06,746 DEBUG [JavaFX Application Thread] roha.srvcls.service.PasswordEncoder     - getInstance() - start
2025-07-24 15:59:06,746 INFO  [JavaFX Application Thread] roha.srvcls.service.PasswordEncoder     - New instance created
2025-07-24 15:59:06,746 DEBUG [JavaFX Application Thread] roha.srvcls.service.PasswordEncoder     - getInstance() - end
2025-07-24 16:00:02,532 DEBUG [JavaFX-Launcher] roha.srvcls.service.PasswordEncoder     - getInstance() - start
2025-07-24 16:00:02,535 INFO  [JavaFX-Launcher] roha.srvcls.service.PasswordEncoder     - New instance created
2025-07-24 16:00:02,536 DEBUG [JavaFX-Launcher] roha.srvcls.service.PasswordEncoder     - getInstance() - end
2025-07-24 16:00:02,617 DEBUG [JavaFX-Launcher] roha.srvcls.service.PasswordEncoder     - getInstance() - start
2025-07-24 16:00:02,617 INFO  [JavaFX-Launcher] roha.srvcls.service.PasswordEncoder     - New instance created
2025-07-24 16:00:02,618 DEBUG [JavaFX-Launcher] roha.srvcls.service.PasswordEncoder     - getInstance() - end
2025-07-24 16:00:03,380 DEBUG [JavaFX Application Thread] roha.srvcls.service.PasswordEncoder     - getInstance() - start
2025-07-24 16:00:03,380 INFO  [JavaFX Application Thread] roha.srvcls.service.PasswordEncoder     - New instance created
2025-07-24 16:00:03,380 DEBUG [JavaFX Application Thread] roha.srvcls.service.PasswordEncoder     - getInstance() - end
2025-07-24 16:00:07,080 DEBUG [JavaFX Application Thread] roha.srvcls.service.PasswordEncoder     - getInstance() - start
2025-07-24 16:00:07,081 INFO  [JavaFX Application Thread] roha.srvcls.service.PasswordEncoder     - New instance created
2025-07-24 16:00:07,081 DEBUG [JavaFX Application Thread] roha.srvcls.service.PasswordEncoder     - getInstance() - end
2025-07-24 16:01:52,780 DEBUG [JavaFX-Launcher] roha.srvcls.service.PasswordEncoder     - getInstance() - start
2025-07-24 16:01:52,782 INFO  [JavaFX-Launcher] roha.srvcls.service.PasswordEncoder     - New instance created
2025-07-24 16:01:52,783 DEBUG [JavaFX-Launcher] roha.srvcls.service.PasswordEncoder     - getInstance() - end
2025-07-24 16:01:52,855 DEBUG [JavaFX-Launcher] roha.srvcls.service.PasswordEncoder     - getInstance() - start
2025-07-24 16:01:52,855 INFO  [JavaFX-Launcher] roha.srvcls.service.PasswordEncoder     - New instance created
2025-07-24 16:01:52,856 DEBUG [JavaFX-Launcher] roha.srvcls.service.PasswordEncoder     - getInstance() - end
2025-07-24 16:01:53,602 DEBUG [JavaFX Application Thread] roha.srvcls.service.PasswordEncoder     - getInstance() - start
2025-07-24 16:01:53,602 INFO  [JavaFX Application Thread] roha.srvcls.service.PasswordEncoder     - New instance created
2025-07-24 16:01:53,603 DEBUG [JavaFX Application Thread] roha.srvcls.service.PasswordEncoder     - getInstance() - end
2025-07-24 16:02:21,926 DEBUG [JavaFX-Launcher] roha.srvcls.service.PasswordEncoder     - getInstance() - start
2025-07-24 16:02:21,929 INFO  [JavaFX-Launcher] roha.srvcls.service.PasswordEncoder     - New instance created
2025-07-24 16:02:21,929 DEBUG [JavaFX-Launcher] roha.srvcls.service.PasswordEncoder     - getInstance() - end
2025-07-24 16:02:22,002 DEBUG [JavaFX-Launcher] roha.srvcls.service.PasswordEncoder     - getInstance() - start
2025-07-24 16:02:22,003 INFO  [JavaFX-Launcher] roha.srvcls.service.PasswordEncoder     - New instance created
2025-07-24 16:02:22,003 DEBUG [JavaFX-Launcher] roha.srvcls.service.PasswordEncoder     - getInstance() - end
2025-07-24 16:02:22,745 DEBUG [JavaFX Application Thread] roha.srvcls.service.PasswordEncoder     - getInstance() - start
2025-07-24 16:02:22,745 INFO  [JavaFX Application Thread] roha.srvcls.service.PasswordEncoder     - New instance created
2025-07-24 16:02:22,746 DEBUG [JavaFX Application Thread] roha.srvcls.service.PasswordEncoder     - getInstance() - end
2025-07-24 16:02:58,839 DEBUG [JavaFX-Launcher] roha.srvcls.service.PasswordEncoder     - getInstance() - start
2025-07-24 16:02:58,843 INFO  [JavaFX-Launcher] roha.srvcls.service.PasswordEncoder     - New instance created
2025-07-24 16:02:58,843 DEBUG [JavaFX-Launcher] roha.srvcls.service.PasswordEncoder     - getInstance() - end
2025-07-24 16:02:58,919 DEBUG [JavaFX-Launcher] roha.srvcls.service.PasswordEncoder     - getInstance() - start
2025-07-24 16:02:58,919 INFO  [JavaFX-Launcher] roha.srvcls.service.PasswordEncoder     - New instance created
2025-07-24 16:02:58,919 DEBUG [JavaFX-Launcher] roha.srvcls.service.PasswordEncoder     - getInstance() - end
2025-07-24 16:02:59,658 DEBUG [JavaFX Application Thread] roha.srvcls.service.PasswordEncoder     - getInstance() - start
2025-07-24 16:02:59,658 INFO  [JavaFX Application Thread] roha.srvcls.service.PasswordEncoder     - New instance created
2025-07-24 16:02:59,659 DEBUG [JavaFX Application Thread] roha.srvcls.service.PasswordEncoder     - getInstance() - end
2025-07-24 16:03:56,390 DEBUG [JavaFX-Launcher] roha.srvcls.service.PasswordEncoder     - getInstance() - start
2025-07-24 16:03:56,394 INFO  [JavaFX-Launcher] roha.srvcls.service.PasswordEncoder     - New instance created
2025-07-24 16:03:56,394 DEBUG [JavaFX-Launcher] roha.srvcls.service.PasswordEncoder     - getInstance() - end
2025-07-24 16:03:56,494 DEBUG [JavaFX-Launcher] roha.srvcls.service.PasswordEncoder     - getInstance() - start
2025-07-24 16:03:56,495 INFO  [JavaFX-Launcher] roha.srvcls.service.PasswordEncoder     - New instance created
2025-07-24 16:03:56,495 DEBUG [JavaFX-Launcher] roha.srvcls.service.PasswordEncoder     - getInstance() - end
2025-07-24 16:04:00,365 DEBUG [JavaFX Application Thread] roha.srvcls.service.PasswordEncoder     - getInstance() - start
2025-07-24 16:04:00,366 INFO  [JavaFX Application Thread] roha.srvcls.service.PasswordEncoder     - New instance created
2025-07-24 16:04:00,366 DEBUG [JavaFX Application Thread] roha.srvcls.service.PasswordEncoder     - getInstance() - end
2025-07-24 16:04:05,405 DEBUG [JavaFX Application Thread] roha.srvcls.service.PasswordEncoder     - getInstance() - start
2025-07-24 16:04:05,406 INFO  [JavaFX Application Thread] roha.srvcls.service.PasswordEncoder     - New instance created
2025-07-24 16:04:05,406 DEBUG [JavaFX Application Thread] roha.srvcls.service.PasswordEncoder     - getInstance() - end
2025-07-25 07:49:54,756 DEBUG [JavaFX-Launcher] roha.srvcls.service.PasswordEncoder     - getInstance() - start
2025-07-25 07:49:54,763 INFO  [JavaFX-Launcher] roha.srvcls.service.PasswordEncoder     - New instance created
2025-07-25 07:49:54,763 DEBUG [JavaFX-Launcher] roha.srvcls.service.PasswordEncoder     - getInstance() - end
2025-07-25 07:49:54,924 DEBUG [JavaFX-Launcher] roha.srvcls.service.PasswordEncoder     - getInstance() - start
2025-07-25 07:49:54,926 INFO  [JavaFX-Launcher] roha.srvcls.service.PasswordEncoder     - New instance created
2025-07-25 07:49:54,926 DEBUG [JavaFX-Launcher] roha.srvcls.service.PasswordEncoder     - getInstance() - end
2025-07-25 07:49:56,392 DEBUG [JavaFX Application Thread] roha.srvcls.service.PasswordEncoder     - getInstance() - start
2025-07-25 07:49:56,392 INFO  [JavaFX Application Thread] roha.srvcls.service.PasswordEncoder     - New instance created
2025-07-25 07:49:56,392 DEBUG [JavaFX Application Thread] roha.srvcls.service.PasswordEncoder     - getInstance() - end
2025-07-25 07:59:48,169 DEBUG [JavaFX-Launcher] roha.srvcls.service.PasswordEncoder     - getInstance() - start
2025-07-25 07:59:48,172 INFO  [JavaFX-Launcher] roha.srvcls.service.PasswordEncoder     - New instance created
2025-07-25 07:59:48,172 DEBUG [JavaFX-Launcher] roha.srvcls.service.PasswordEncoder     - getInstance() - end
2025-07-25 07:59:48,236 DEBUG [JavaFX-Launcher] roha.srvcls.service.PasswordEncoder     - getInstance() - start
2025-07-25 07:59:48,236 INFO  [JavaFX-Launcher] roha.srvcls.service.PasswordEncoder     - New instance created
2025-07-25 07:59:48,236 DEBUG [JavaFX-Launcher] roha.srvcls.service.PasswordEncoder     - getInstance() - end
2025-07-25 07:59:48,804 DEBUG [JavaFX Application Thread] roha.srvcls.service.PasswordEncoder     - getInstance() - start
2025-07-25 07:59:48,804 INFO  [JavaFX Application Thread] roha.srvcls.service.PasswordEncoder     - New instance created
2025-07-25 07:59:48,805 DEBUG [JavaFX Application Thread] roha.srvcls.service.PasswordEncoder     - getInstance() - end
2025-07-25 09:24:58,647 DEBUG [JavaFX-Launcher] roha.srvcls.service.PasswordEncoder     - getInstance() - start
2025-07-25 09:24:58,652 INFO  [JavaFX-Launcher] roha.srvcls.service.PasswordEncoder     - New instance created
2025-07-25 09:24:58,652 DEBUG [JavaFX-Launcher] roha.srvcls.service.PasswordEncoder     - getInstance() - end
2025-07-25 09:24:58,770 DEBUG [JavaFX-Launcher] roha.srvcls.service.PasswordEncoder     - getInstance() - start
2025-07-25 09:24:58,771 INFO  [JavaFX-Launcher] roha.srvcls.service.PasswordEncoder     - New instance created
2025-07-25 09:24:58,772 DEBUG [JavaFX-Launcher] roha.srvcls.service.PasswordEncoder     - getInstance() - end
2025-07-25 09:24:59,885 DEBUG [JavaFX Application Thread] roha.srvcls.service.PasswordEncoder     - getInstance() - start
2025-07-25 09:24:59,886 INFO  [JavaFX Application Thread] roha.srvcls.service.PasswordEncoder     - New instance created
2025-07-25 09:24:59,886 DEBUG [JavaFX Application Thread] roha.srvcls.service.PasswordEncoder     - getInstance() - end
2025-07-25 09:31:01,338 DEBUG [JavaFX-Launcher] roha.srvcls.service.PasswordEncoder     - getInstance() - start
2025-07-25 09:31:01,343 INFO  [JavaFX-Launcher] roha.srvcls.service.PasswordEncoder     - New instance created
2025-07-25 09:31:01,343 DEBUG [JavaFX-Launcher] roha.srvcls.service.PasswordEncoder     - getInstance() - end
2025-07-25 09:31:01,430 DEBUG [JavaFX-Launcher] roha.srvcls.service.PasswordEncoder     - getInstance() - start
2025-07-25 09:31:01,430 INFO  [JavaFX-Launcher] roha.srvcls.service.PasswordEncoder     - New instance created
2025-07-25 09:31:01,430 DEBUG [JavaFX-Launcher] roha.srvcls.service.PasswordEncoder     - getInstance() - end
2025-07-25 09:31:02,397 DEBUG [JavaFX Application Thread] roha.srvcls.service.PasswordEncoder     - getInstance() - start
2025-07-25 09:31:02,397 INFO  [JavaFX Application Thread] roha.srvcls.service.PasswordEncoder     - New instance created
2025-07-25 09:31:02,398 DEBUG [JavaFX Application Thread] roha.srvcls.service.PasswordEncoder     - getInstance() - end
2025-07-25 09:49:06,942 DEBUG [JavaFX-Launcher] roha.srvcls.service.PasswordEncoder     - getInstance() - start
2025-07-25 09:49:06,948 INFO  [JavaFX-Launcher] roha.srvcls.service.PasswordEncoder     - New instance created
2025-07-25 09:49:06,949 DEBUG [JavaFX-Launcher] roha.srvcls.service.PasswordEncoder     - getInstance() - end
2025-07-25 09:49:07,043 DEBUG [JavaFX-Launcher] roha.srvcls.service.PasswordEncoder     - getInstance() - start
2025-07-25 09:49:07,043 INFO  [JavaFX-Launcher] roha.srvcls.service.PasswordEncoder     - New instance created
2025-07-25 09:49:07,043 DEBUG [JavaFX-Launcher] roha.srvcls.service.PasswordEncoder     - getInstance() - end
2025-07-25 09:49:08,028 DEBUG [JavaFX Application Thread] roha.srvcls.service.PasswordEncoder     - getInstance() - start
2025-07-25 09:49:08,029 INFO  [JavaFX Application Thread] roha.srvcls.service.PasswordEncoder     - New instance created
2025-07-25 09:49:08,029 DEBUG [JavaFX Application Thread] roha.srvcls.service.PasswordEncoder     - getInstance() - end
2025-07-25 10:24:26,775 DEBUG [JavaFX-Launcher] roha.srvcls.service.PasswordEncoder     - getInstance() - start
2025-07-25 10:24:26,779 INFO  [JavaFX-Launcher] roha.srvcls.service.PasswordEncoder     - New instance created
2025-07-25 10:24:26,779 DEBUG [JavaFX-Launcher] roha.srvcls.service.PasswordEncoder     - getInstance() - end
2025-07-25 10:24:26,865 DEBUG [JavaFX-Launcher] roha.srvcls.service.PasswordEncoder     - getInstance() - start
2025-07-25 10:24:26,865 INFO  [JavaFX-Launcher] roha.srvcls.service.PasswordEncoder     - New instance created
2025-07-25 10:24:26,865 DEBUG [JavaFX-Launcher] roha.srvcls.service.PasswordEncoder     - getInstance() - end
2025-07-25 10:24:27,616 DEBUG [JavaFX Application Thread] roha.srvcls.service.PasswordEncoder     - getInstance() - start
2025-07-25 10:24:27,616 INFO  [JavaFX Application Thread] roha.srvcls.service.PasswordEncoder     - New instance created
2025-07-25 10:24:27,616 DEBUG [JavaFX Application Thread] roha.srvcls.service.PasswordEncoder     - getInstance() - end
2025-07-25 10:28:57,213 DEBUG [JavaFX-Launcher] roha.srvcls.service.PasswordEncoder     - getInstance() - start
2025-07-25 10:28:57,216 INFO  [JavaFX-Launcher] roha.srvcls.service.PasswordEncoder     - New instance created
2025-07-25 10:28:57,217 DEBUG [JavaFX-Launcher] roha.srvcls.service.PasswordEncoder     - getInstance() - end
2025-07-25 10:28:57,301 DEBUG [JavaFX-Launcher] roha.srvcls.service.PasswordEncoder     - getInstance() - start
2025-07-25 10:28:57,302 INFO  [JavaFX-Launcher] roha.srvcls.service.PasswordEncoder     - New instance created
2025-07-25 10:28:57,302 DEBUG [JavaFX-Launcher] roha.srvcls.service.PasswordEncoder     - getInstance() - end
2025-07-25 10:28:58,036 DEBUG [JavaFX Application Thread] roha.srvcls.service.PasswordEncoder     - getInstance() - start
2025-07-25 10:28:58,036 INFO  [JavaFX Application Thread] roha.srvcls.service.PasswordEncoder     - New instance created
2025-07-25 10:28:58,036 DEBUG [JavaFX Application Thread] roha.srvcls.service.PasswordEncoder     - getInstance() - end
2025-07-25 10:48:03,457 DEBUG [JavaFX-Launcher] roha.srvcls.service.PasswordEncoder     - getInstance() - start
2025-07-25 10:48:03,461 INFO  [JavaFX-Launcher] roha.srvcls.service.PasswordEncoder     - New instance created
2025-07-25 10:48:03,461 DEBUG [JavaFX-Launcher] roha.srvcls.service.PasswordEncoder     - getInstance() - end
2025-07-25 10:48:03,548 DEBUG [JavaFX-Launcher] roha.srvcls.service.PasswordEncoder     - getInstance() - start
2025-07-25 10:48:03,548 INFO  [JavaFX-Launcher] roha.srvcls.service.PasswordEncoder     - New instance created
2025-07-25 10:48:03,549 DEBUG [JavaFX-Launcher] roha.srvcls.service.PasswordEncoder     - getInstance() - end
2025-07-25 10:48:04,295 DEBUG [JavaFX Application Thread] roha.srvcls.service.PasswordEncoder     - getInstance() - start
2025-07-25 10:48:04,295 INFO  [JavaFX Application Thread] roha.srvcls.service.PasswordEncoder     - New instance created
2025-07-25 10:48:04,295 DEBUG [JavaFX Application Thread] roha.srvcls.service.PasswordEncoder     - getInstance() - end
2025-07-25 10:51:47,007 DEBUG [JavaFX-Launcher] roha.srvcls.service.PasswordEncoder     - getInstance() - start
2025-07-25 10:51:47,011 INFO  [JavaFX-Launcher] roha.srvcls.service.PasswordEncoder     - New instance created
2025-07-25 10:51:47,011 DEBUG [JavaFX-Launcher] roha.srvcls.service.PasswordEncoder     - getInstance() - end
2025-07-25 10:51:47,097 DEBUG [JavaFX-Launcher] roha.srvcls.service.PasswordEncoder     - getInstance() - start
2025-07-25 10:51:47,097 INFO  [JavaFX-Launcher] roha.srvcls.service.PasswordEncoder     - New instance created
2025-07-25 10:51:47,098 DEBUG [JavaFX-Launcher] roha.srvcls.service.PasswordEncoder     - getInstance() - end
2025-07-25 10:51:47,846 DEBUG [JavaFX Application Thread] roha.srvcls.service.PasswordEncoder     - getInstance() - start
2025-07-25 10:51:47,846 INFO  [JavaFX Application Thread] roha.srvcls.service.PasswordEncoder     - New instance created
2025-07-25 10:51:47,846 DEBUG [JavaFX Application Thread] roha.srvcls.service.PasswordEncoder     - getInstance() - end
2025-07-25 10:58:24,954 DEBUG [JavaFX-Launcher] roha.srvcls.service.PasswordEncoder     - getInstance() - start
2025-07-25 10:58:24,957 INFO  [JavaFX-Launcher] roha.srvcls.service.PasswordEncoder     - New instance created
2025-07-25 10:58:24,957 DEBUG [JavaFX-Launcher] roha.srvcls.service.PasswordEncoder     - getInstance() - end
2025-07-25 10:58:25,038 DEBUG [JavaFX-Launcher] roha.srvcls.service.PasswordEncoder     - getInstance() - start
2025-07-25 10:58:25,038 INFO  [JavaFX-Launcher] roha.srvcls.service.PasswordEncoder     - New instance created
2025-07-25 10:58:25,039 DEBUG [JavaFX-Launcher] roha.srvcls.service.PasswordEncoder     - getInstance() - end
2025-07-25 10:58:25,776 DEBUG [JavaFX Application Thread] roha.srvcls.service.PasswordEncoder     - getInstance() - start
2025-07-25 10:58:25,776 INFO  [JavaFX Application Thread] roha.srvcls.service.PasswordEncoder     - New instance created
2025-07-25 10:58:25,776 DEBUG [JavaFX Application Thread] roha.srvcls.service.PasswordEncoder     - getInstance() - end
2025-07-25 11:22:16,953 DEBUG [JavaFX-Launcher] roha.srvcls.service.PasswordEncoder     - getInstance() - start
2025-07-25 11:22:16,956 INFO  [JavaFX-Launcher] roha.srvcls.service.PasswordEncoder     - New instance created
2025-07-25 11:22:16,956 DEBUG [JavaFX-Launcher] roha.srvcls.service.PasswordEncoder     - getInstance() - end
2025-07-25 11:22:17,035 DEBUG [JavaFX-Launcher] roha.srvcls.service.PasswordEncoder     - getInstance() - start
2025-07-25 11:22:17,035 INFO  [JavaFX-Launcher] roha.srvcls.service.PasswordEncoder     - New instance created
2025-07-25 11:22:17,036 DEBUG [JavaFX-Launcher] roha.srvcls.service.PasswordEncoder     - getInstance() - end
2025-07-25 11:22:17,823 DEBUG [JavaFX Application Thread] roha.srvcls.service.PasswordEncoder     - getInstance() - start
2025-07-25 11:22:17,824 INFO  [JavaFX Application Thread] roha.srvcls.service.PasswordEncoder     - New instance created
2025-07-25 11:22:17,824 DEBUG [JavaFX Application Thread] roha.srvcls.service.PasswordEncoder     - getInstance() - end
2025-07-25 11:23:09,824 DEBUG [JavaFX Application Thread] roha.srvcls.service.PasswordEncoder     - getInstance() - start
2025-07-25 11:23:09,824 INFO  [JavaFX Application Thread] roha.srvcls.service.PasswordEncoder     - New instance created
2025-07-25 11:23:09,824 DEBUG [JavaFX Application Thread] roha.srvcls.service.PasswordEncoder     - getInstance() - end
2025-07-25 11:23:19,627 DEBUG [JavaFX Application Thread] roha.srvcls.service.PasswordEncoder     - getInstance() - start
2025-07-25 11:23:19,628 INFO  [JavaFX Application Thread] roha.srvcls.service.PasswordEncoder     - New instance created
2025-07-25 11:23:19,628 DEBUG [JavaFX Application Thread] roha.srvcls.service.PasswordEncoder     - getInstance() - end
2025-07-25 11:23:51,454 DEBUG [JavaFX Application Thread] roha.srvcls.service.PasswordEncoder     - getInstance() - start
2025-07-25 11:23:51,454 INFO  [JavaFX Application Thread] roha.srvcls.service.PasswordEncoder     - New instance created
2025-07-25 11:23:51,454 DEBUG [JavaFX Application Thread] roha.srvcls.service.PasswordEncoder     - getInstance() - end
2025-07-25 11:24:54,268 DEBUG [JavaFX-Launcher] roha.srvcls.service.PasswordEncoder     - getInstance() - start
2025-07-25 11:24:54,271 INFO  [JavaFX-Launcher] roha.srvcls.service.PasswordEncoder     - New instance created
2025-07-25 11:24:54,271 DEBUG [JavaFX-Launcher] roha.srvcls.service.PasswordEncoder     - getInstance() - end
2025-07-25 11:24:54,358 DEBUG [JavaFX-Launcher] roha.srvcls.service.PasswordEncoder     - getInstance() - start
2025-07-25 11:24:54,358 INFO  [JavaFX-Launcher] roha.srvcls.service.PasswordEncoder     - New instance created
2025-07-25 11:24:54,359 DEBUG [JavaFX-Launcher] roha.srvcls.service.PasswordEncoder     - getInstance() - end
2025-07-25 11:24:55,123 DEBUG [JavaFX Application Thread] roha.srvcls.service.PasswordEncoder     - getInstance() - start
2025-07-25 11:24:55,123 INFO  [JavaFX Application Thread] roha.srvcls.service.PasswordEncoder     - New instance created
2025-07-25 11:24:55,123 DEBUG [JavaFX Application Thread] roha.srvcls.service.PasswordEncoder     - getInstance() - end
2025-07-25 12:06:31,636 DEBUG [JavaFX-Launcher] roha.srvcls.service.PasswordEncoder     - getInstance() - start
2025-07-25 12:06:31,641 INFO  [JavaFX-Launcher] roha.srvcls.service.PasswordEncoder     - New instance created
2025-07-25 12:06:31,641 DEBUG [JavaFX-Launcher] roha.srvcls.service.PasswordEncoder     - getInstance() - end
2025-07-25 12:06:31,743 DEBUG [JavaFX-Launcher] roha.srvcls.service.PasswordEncoder     - getInstance() - start
2025-07-25 12:06:31,743 INFO  [JavaFX-Launcher] roha.srvcls.service.PasswordEncoder     - New instance created
2025-07-25 12:06:31,744 DEBUG [JavaFX-Launcher] roha.srvcls.service.PasswordEncoder     - getInstance() - end
2025-07-25 12:06:36,718 DEBUG [JavaFX Application Thread] roha.srvcls.service.PasswordEncoder     - getInstance() - start
2025-07-25 12:06:36,718 INFO  [JavaFX Application Thread] roha.srvcls.service.PasswordEncoder     - New instance created
2025-07-25 12:06:36,719 DEBUG [JavaFX Application Thread] roha.srvcls.service.PasswordEncoder     - getInstance() - end
2025-07-25 12:06:39,975 DEBUG [JavaFX Application Thread] roha.srvcls.service.PasswordEncoder     - getInstance() - start
2025-07-25 12:06:39,975 INFO  [JavaFX Application Thread] roha.srvcls.service.PasswordEncoder     - New instance created
2025-07-25 12:06:39,975 DEBUG [JavaFX Application Thread] roha.srvcls.service.PasswordEncoder     - getInstance() - end
2025-07-25 12:06:44,432 DEBUG [JavaFX Application Thread] roha.srvcls.service.PasswordEncoder     - getInstance() - start
2025-07-25 12:06:44,433 INFO  [JavaFX Application Thread] roha.srvcls.service.PasswordEncoder     - New instance created
2025-07-25 12:06:44,433 DEBUG [JavaFX Application Thread] roha.srvcls.service.PasswordEncoder     - getInstance() - end
2025-07-25 12:06:54,217 DEBUG [JavaFX Application Thread] roha.srvcls.service.PasswordEncoder     - getInstance() - start
2025-07-25 12:06:54,218 INFO  [JavaFX Application Thread] roha.srvcls.service.PasswordEncoder     - New instance created
2025-07-25 12:06:54,218 DEBUG [JavaFX Application Thread] roha.srvcls.service.PasswordEncoder     - getInstance() - end
2025-07-25 12:07:01,015 DEBUG [JavaFX Application Thread] roha.srvcls.service.PasswordEncoder     - getInstance() - start
2025-07-25 12:07:01,015 INFO  [JavaFX Application Thread] roha.srvcls.service.PasswordEncoder     - New instance created
2025-07-25 12:07:01,015 DEBUG [JavaFX Application Thread] roha.srvcls.service.PasswordEncoder     - getInstance() - end
2025-07-25 12:07:19,949 DEBUG [JavaFX-Launcher] roha.srvcls.service.PasswordEncoder     - getInstance() - start
2025-07-25 12:07:19,953 INFO  [JavaFX-Launcher] roha.srvcls.service.PasswordEncoder     - New instance created
2025-07-25 12:07:19,953 DEBUG [JavaFX-Launcher] roha.srvcls.service.PasswordEncoder     - getInstance() - end
2025-07-25 12:07:20,064 DEBUG [JavaFX-Launcher] roha.srvcls.service.PasswordEncoder     - getInstance() - start
2025-07-25 12:07:20,064 INFO  [JavaFX-Launcher] roha.srvcls.service.PasswordEncoder     - New instance created
2025-07-25 12:07:20,066 DEBUG [JavaFX-Launcher] roha.srvcls.service.PasswordEncoder     - getInstance() - end
2025-07-25 12:07:23,958 DEBUG [JavaFX Application Thread] roha.srvcls.service.PasswordEncoder     - getInstance() - start
2025-07-25 12:07:23,959 INFO  [JavaFX Application Thread] roha.srvcls.service.PasswordEncoder     - New instance created
2025-07-25 12:07:23,959 DEBUG [JavaFX Application Thread] roha.srvcls.service.PasswordEncoder     - getInstance() - end
2025-07-25 12:07:35,219 DEBUG [JavaFX Application Thread] roha.srvcls.service.PasswordEncoder     - getInstance() - start
2025-07-25 12:07:35,220 INFO  [JavaFX Application Thread] roha.srvcls.service.PasswordEncoder     - New instance created
2025-07-25 12:07:35,220 DEBUG [JavaFX Application Thread] roha.srvcls.service.PasswordEncoder     - getInstance() - end
2025-07-25 12:07:46,652 DEBUG [JavaFX Application Thread] roha.srvcls.service.PasswordEncoder     - getInstance() - start
2025-07-25 12:07:46,652 INFO  [JavaFX Application Thread] roha.srvcls.service.PasswordEncoder     - New instance created
2025-07-25 12:07:46,652 DEBUG [JavaFX Application Thread] roha.srvcls.service.PasswordEncoder     - getInstance() - end
2025-07-25 12:40:19,986 DEBUG [JavaFX-Launcher] roha.srvcls.service.PasswordEncoder     - getInstance() - start
2025-07-25 12:40:19,990 INFO  [JavaFX-Launcher] roha.srvcls.service.PasswordEncoder     - New instance created
2025-07-25 12:40:19,990 DEBUG [JavaFX-Launcher] roha.srvcls.service.PasswordEncoder     - getInstance() - end
2025-07-25 12:40:20,085 DEBUG [JavaFX-Launcher] roha.srvcls.service.PasswordEncoder     - getInstance() - start
2025-07-25 12:40:20,085 INFO  [JavaFX-Launcher] roha.srvcls.service.PasswordEncoder     - New instance created
2025-07-25 12:40:20,085 DEBUG [JavaFX-Launcher] roha.srvcls.service.PasswordEncoder     - getInstance() - end
2025-07-25 12:40:20,852 DEBUG [JavaFX Application Thread] roha.srvcls.service.PasswordEncoder     - getInstance() - start
2025-07-25 12:40:20,852 INFO  [JavaFX Application Thread] roha.srvcls.service.PasswordEncoder     - New instance created
2025-07-25 12:40:20,852 DEBUG [JavaFX Application Thread] roha.srvcls.service.PasswordEncoder     - getInstance() - end
2025-07-25 12:43:25,197 DEBUG [JavaFX-Launcher] roha.srvcls.service.PasswordEncoder     - getInstance() - start
2025-07-25 12:43:25,200 INFO  [JavaFX-Launcher] roha.srvcls.service.PasswordEncoder     - New instance created
2025-07-25 12:43:25,200 DEBUG [JavaFX-Launcher] roha.srvcls.service.PasswordEncoder     - getInstance() - end
2025-07-25 12:43:25,291 DEBUG [JavaFX-Launcher] roha.srvcls.service.PasswordEncoder     - getInstance() - start
2025-07-25 12:43:25,292 INFO  [JavaFX-Launcher] roha.srvcls.service.PasswordEncoder     - New instance created
2025-07-25 12:43:25,292 DEBUG [JavaFX-Launcher] roha.srvcls.service.PasswordEncoder     - getInstance() - end
2025-07-25 12:43:26,037 DEBUG [JavaFX Application Thread] roha.srvcls.service.PasswordEncoder     - getInstance() - start
2025-07-25 12:43:26,037 INFO  [JavaFX Application Thread] roha.srvcls.service.PasswordEncoder     - New instance created
2025-07-25 12:43:26,037 DEBUG [JavaFX Application Thread] roha.srvcls.service.PasswordEncoder     - getInstance() - end
2025-07-25 12:46:17,463 DEBUG [JavaFX-Launcher] roha.srvcls.service.PasswordEncoder     - getInstance() - start
2025-07-25 12:46:17,466 INFO  [JavaFX-Launcher] roha.srvcls.service.PasswordEncoder     - New instance created
2025-07-25 12:46:17,466 DEBUG [JavaFX-Launcher] roha.srvcls.service.PasswordEncoder     - getInstance() - end
2025-07-25 12:46:17,561 DEBUG [JavaFX-Launcher] roha.srvcls.service.PasswordEncoder     - getInstance() - start
2025-07-25 12:46:17,561 INFO  [JavaFX-Launcher] roha.srvcls.service.PasswordEncoder     - New instance created
2025-07-25 12:46:17,562 DEBUG [JavaFX-Launcher] roha.srvcls.service.PasswordEncoder     - getInstance() - end
2025-07-25 12:46:18,379 DEBUG [JavaFX Application Thread] roha.srvcls.service.PasswordEncoder     - getInstance() - start
2025-07-25 12:46:18,379 INFO  [JavaFX Application Thread] roha.srvcls.service.PasswordEncoder     - New instance created
2025-07-25 12:46:18,380 DEBUG [JavaFX Application Thread] roha.srvcls.service.PasswordEncoder     - getInstance() - end
2025-07-25 13:32:58,543 DEBUG [JavaFX-Launcher] roha.srvcls.service.PasswordEncoder     - getInstance() - start
2025-07-25 13:32:58,547 INFO  [JavaFX-Launcher] roha.srvcls.service.PasswordEncoder     - New instance created
2025-07-25 13:32:58,548 DEBUG [JavaFX-Launcher] roha.srvcls.service.PasswordEncoder     - getInstance() - end
2025-07-25 13:32:58,642 DEBUG [JavaFX-Launcher] roha.srvcls.service.PasswordEncoder     - getInstance() - start
2025-07-25 13:32:58,643 INFO  [JavaFX-Launcher] roha.srvcls.service.PasswordEncoder     - New instance created
2025-07-25 13:32:58,643 DEBUG [JavaFX-Launcher] roha.srvcls.service.PasswordEncoder     - getInstance() - end
2025-07-25 13:32:59,422 DEBUG [JavaFX Application Thread] roha.srvcls.service.PasswordEncoder     - getInstance() - start
2025-07-25 13:32:59,423 INFO  [JavaFX Application Thread] roha.srvcls.service.PasswordEncoder     - New instance created
2025-07-25 13:32:59,423 DEBUG [JavaFX Application Thread] roha.srvcls.service.PasswordEncoder     - getInstance() - end
2025-07-25 13:41:29,716 DEBUG [JavaFX-Launcher] roha.srvcls.service.PasswordEncoder     - getInstance() - start
2025-07-25 13:41:29,720 INFO  [JavaFX-Launcher] roha.srvcls.service.PasswordEncoder     - New instance created
2025-07-25 13:41:29,720 DEBUG [JavaFX-Launcher] roha.srvcls.service.PasswordEncoder     - getInstance() - end
2025-07-25 13:41:29,808 DEBUG [JavaFX-Launcher] roha.srvcls.service.PasswordEncoder     - getInstance() - start
2025-07-25 13:41:29,808 INFO  [JavaFX-Launcher] roha.srvcls.service.PasswordEncoder     - New instance created
2025-07-25 13:41:29,809 DEBUG [JavaFX-Launcher] roha.srvcls.service.PasswordEncoder     - getInstance() - end
2025-07-25 13:41:30,551 DEBUG [JavaFX Application Thread] roha.srvcls.service.PasswordEncoder     - getInstance() - start
2025-07-25 13:41:30,551 INFO  [JavaFX Application Thread] roha.srvcls.service.PasswordEncoder     - New instance created
2025-07-25 13:41:30,551 DEBUG [JavaFX Application Thread] roha.srvcls.service.PasswordEncoder     - getInstance() - end
2025-07-25 13:42:55,274 DEBUG [JavaFX-Launcher] roha.srvcls.service.PasswordEncoder     - getInstance() - start
2025-07-25 13:42:55,277 INFO  [JavaFX-Launcher] roha.srvcls.service.PasswordEncoder     - New instance created
2025-07-25 13:42:55,277 DEBUG [JavaFX-Launcher] roha.srvcls.service.PasswordEncoder     - getInstance() - end
2025-07-25 13:42:55,377 DEBUG [JavaFX-Launcher] roha.srvcls.service.PasswordEncoder     - getInstance() - start
2025-07-25 13:42:55,377 INFO  [JavaFX-Launcher] roha.srvcls.service.PasswordEncoder     - New instance created
2025-07-25 13:42:55,378 DEBUG [JavaFX-Launcher] roha.srvcls.service.PasswordEncoder     - getInstance() - end
2025-07-25 13:42:56,124 DEBUG [JavaFX Application Thread] roha.srvcls.service.PasswordEncoder     - getInstance() - start
2025-07-25 13:42:56,124 INFO  [JavaFX Application Thread] roha.srvcls.service.PasswordEncoder     - New instance created
2025-07-25 13:42:56,124 DEBUG [JavaFX Application Thread] roha.srvcls.service.PasswordEncoder     - getInstance() - end
2025-07-25 13:49:11,396 DEBUG [JavaFX-Launcher] roha.srvcls.service.PasswordEncoder     - getInstance() - start
2025-07-25 13:49:11,399 INFO  [JavaFX-Launcher] roha.srvcls.service.PasswordEncoder     - New instance created
2025-07-25 13:49:11,400 DEBUG [JavaFX-Launcher] roha.srvcls.service.PasswordEncoder     - getInstance() - end
2025-07-25 13:49:11,495 DEBUG [JavaFX-Launcher] roha.srvcls.service.PasswordEncoder     - getInstance() - start
2025-07-25 13:49:11,495 INFO  [JavaFX-Launcher] roha.srvcls.service.PasswordEncoder     - New instance created
2025-07-25 13:49:11,495 DEBUG [JavaFX-Launcher] roha.srvcls.service.PasswordEncoder     - getInstance() - end
2025-07-25 13:49:12,217 DEBUG [JavaFX Application Thread] roha.srvcls.service.PasswordEncoder     - getInstance() - start
2025-07-25 13:49:12,217 INFO  [JavaFX Application Thread] roha.srvcls.service.PasswordEncoder     - New instance created
2025-07-25 13:49:12,218 DEBUG [JavaFX Application Thread] roha.srvcls.service.PasswordEncoder     - getInstance() - end
2025-07-25 13:50:19,888 DEBUG [JavaFX-Launcher] roha.srvcls.service.PasswordEncoder     - getInstance() - start
2025-07-25 13:50:19,891 INFO  [JavaFX-Launcher] roha.srvcls.service.PasswordEncoder     - New instance created
2025-07-25 13:50:19,892 DEBUG [JavaFX-Launcher] roha.srvcls.service.PasswordEncoder     - getInstance() - end
2025-07-25 13:50:19,986 DEBUG [JavaFX-Launcher] roha.srvcls.service.PasswordEncoder     - getInstance() - start
2025-07-25 13:50:19,987 INFO  [JavaFX-Launcher] roha.srvcls.service.PasswordEncoder     - New instance created
2025-07-25 13:50:19,987 DEBUG [JavaFX-Launcher] roha.srvcls.service.PasswordEncoder     - getInstance() - end
2025-07-25 13:50:20,713 DEBUG [JavaFX Application Thread] roha.srvcls.service.PasswordEncoder     - getInstance() - start
2025-07-25 13:50:20,714 INFO  [JavaFX Application Thread] roha.srvcls.service.PasswordEncoder     - New instance created
2025-07-25 13:50:20,714 DEBUG [JavaFX Application Thread] roha.srvcls.service.PasswordEncoder     - getInstance() - end
2025-07-25 14:05:30,887 DEBUG [JavaFX-Launcher] roha.srvcls.service.PasswordEncoder     - getInstance() - start
2025-07-25 14:05:30,891 INFO  [JavaFX-Launcher] roha.srvcls.service.PasswordEncoder     - New instance created
2025-07-25 14:05:30,891 DEBUG [JavaFX-Launcher] roha.srvcls.service.PasswordEncoder     - getInstance() - end
2025-07-25 14:05:30,991 DEBUG [JavaFX-Launcher] roha.srvcls.service.PasswordEncoder     - getInstance() - start
2025-07-25 14:05:30,991 INFO  [JavaFX-Launcher] roha.srvcls.service.PasswordEncoder     - New instance created
2025-07-25 14:05:30,991 DEBUG [JavaFX-Launcher] roha.srvcls.service.PasswordEncoder     - getInstance() - end
2025-07-25 14:05:31,737 DEBUG [JavaFX Application Thread] roha.srvcls.service.PasswordEncoder     - getInstance() - start
2025-07-25 14:05:31,737 INFO  [JavaFX Application Thread] roha.srvcls.service.PasswordEncoder     - New instance created
2025-07-25 14:05:31,737 DEBUG [JavaFX Application Thread] roha.srvcls.service.PasswordEncoder     - getInstance() - end
2025-07-25 14:07:21,400 DEBUG [JavaFX-Launcher] roha.srvcls.service.PasswordEncoder     - getInstance() - start
2025-07-25 14:07:21,403 INFO  [JavaFX-Launcher] roha.srvcls.service.PasswordEncoder     - New instance created
2025-07-25 14:07:21,403 DEBUG [JavaFX-Launcher] roha.srvcls.service.PasswordEncoder     - getInstance() - end
2025-07-25 14:07:21,495 DEBUG [JavaFX-Launcher] roha.srvcls.service.PasswordEncoder     - getInstance() - start
2025-07-25 14:07:21,496 INFO  [JavaFX-Launcher] roha.srvcls.service.PasswordEncoder     - New instance created
2025-07-25 14:07:21,496 DEBUG [JavaFX-Launcher] roha.srvcls.service.PasswordEncoder     - getInstance() - end
2025-07-25 14:07:22,262 DEBUG [JavaFX Application Thread] roha.srvcls.service.PasswordEncoder     - getInstance() - start
2025-07-25 14:07:22,262 INFO  [JavaFX Application Thread] roha.srvcls.service.PasswordEncoder     - New instance created
2025-07-25 14:07:22,263 DEBUG [JavaFX Application Thread] roha.srvcls.service.PasswordEncoder     - getInstance() - end
2025-07-25 14:29:48,843 DEBUG [JavaFX-Launcher] roha.srvcls.service.PasswordEncoder     - getInstance() - start
2025-07-25 14:29:48,845 INFO  [JavaFX-Launcher] roha.srvcls.service.PasswordEncoder     - New instance created
2025-07-25 14:29:48,846 DEBUG [JavaFX-Launcher] roha.srvcls.service.PasswordEncoder     - getInstance() - end
2025-07-25 14:29:48,932 DEBUG [JavaFX-Launcher] roha.srvcls.service.PasswordEncoder     - getInstance() - start
2025-07-25 14:29:48,933 INFO  [JavaFX-Launcher] roha.srvcls.service.PasswordEncoder     - New instance created
2025-07-25 14:29:48,933 DEBUG [JavaFX-Launcher] roha.srvcls.service.PasswordEncoder     - getInstance() - end
2025-07-25 14:29:49,739 DEBUG [JavaFX Application Thread] roha.srvcls.service.PasswordEncoder     - getInstance() - start
2025-07-25 14:29:49,739 INFO  [JavaFX Application Thread] roha.srvcls.service.PasswordEncoder     - New instance created
2025-07-25 14:29:49,739 DEBUG [JavaFX Application Thread] roha.srvcls.service.PasswordEncoder     - getInstance() - end
2025-07-25 14:33:19,253 DEBUG [JavaFX-Launcher] roha.srvcls.service.PasswordEncoder     - getInstance() - start
2025-07-25 14:33:19,257 INFO  [JavaFX-Launcher] roha.srvcls.service.PasswordEncoder     - New instance created
2025-07-25 14:33:19,257 DEBUG [JavaFX-Launcher] roha.srvcls.service.PasswordEncoder     - getInstance() - end
2025-07-25 14:33:19,348 DEBUG [JavaFX-Launcher] roha.srvcls.service.PasswordEncoder     - getInstance() - start
2025-07-25 14:33:19,348 INFO  [JavaFX-Launcher] roha.srvcls.service.PasswordEncoder     - New instance created
2025-07-25 14:33:19,348 DEBUG [JavaFX-Launcher] roha.srvcls.service.PasswordEncoder     - getInstance() - end
2025-07-25 14:33:20,100 DEBUG [JavaFX Application Thread] roha.srvcls.service.PasswordEncoder     - getInstance() - start
2025-07-25 14:33:20,101 INFO  [JavaFX Application Thread] roha.srvcls.service.PasswordEncoder     - New instance created
2025-07-25 14:33:20,101 DEBUG [JavaFX Application Thread] roha.srvcls.service.PasswordEncoder     - getInstance() - end
2025-07-25 14:34:23,109 DEBUG [JavaFX Application Thread] roha.srvcls.service.PasswordEncoder     - getInstance() - start
2025-07-25 14:34:23,110 INFO  [JavaFX Application Thread] roha.srvcls.service.PasswordEncoder     - New instance created
2025-07-25 14:34:23,111 DEBUG [JavaFX Application Thread] roha.srvcls.service.PasswordEncoder     - getInstance() - end
2025-07-25 14:52:09,294 DEBUG [JavaFX-Launcher] roha.srvcls.service.PasswordEncoder     - getInstance() - start
2025-07-25 14:52:09,297 INFO  [JavaFX-Launcher] roha.srvcls.service.PasswordEncoder     - New instance created
2025-07-25 14:52:09,297 DEBUG [JavaFX-Launcher] roha.srvcls.service.PasswordEncoder     - getInstance() - end
2025-07-25 14:52:09,389 DEBUG [JavaFX-Launcher] roha.srvcls.service.PasswordEncoder     - getInstance() - start
2025-07-25 14:52:09,390 INFO  [JavaFX-Launcher] roha.srvcls.service.PasswordEncoder     - New instance created
2025-07-25 14:52:09,390 DEBUG [JavaFX-Launcher] roha.srvcls.service.PasswordEncoder     - getInstance() - end
2025-07-25 14:52:10,131 DEBUG [JavaFX Application Thread] roha.srvcls.service.PasswordEncoder     - getInstance() - start
2025-07-25 14:52:10,131 INFO  [JavaFX Application Thread] roha.srvcls.service.PasswordEncoder     - New instance created
2025-07-25 14:52:10,132 DEBUG [JavaFX Application Thread] roha.srvcls.service.PasswordEncoder     - getInstance() - end
2025-07-25 14:52:27,464 DEBUG [JavaFX-Launcher] roha.srvcls.service.PasswordEncoder     - getInstance() - start
2025-07-25 14:52:27,467 INFO  [JavaFX-Launcher] roha.srvcls.service.PasswordEncoder     - New instance created
2025-07-25 14:52:27,467 DEBUG [JavaFX-Launcher] roha.srvcls.service.PasswordEncoder     - getInstance() - end
2025-07-25 14:52:27,563 DEBUG [JavaFX-Launcher] roha.srvcls.service.PasswordEncoder     - getInstance() - start
2025-07-25 14:52:27,563 INFO  [JavaFX-Launcher] roha.srvcls.service.PasswordEncoder     - New instance created
2025-07-25 14:52:27,564 DEBUG [JavaFX-Launcher] roha.srvcls.service.PasswordEncoder     - getInstance() - end
2025-07-25 14:52:28,378 DEBUG [JavaFX Application Thread] roha.srvcls.service.PasswordEncoder     - getInstance() - start
2025-07-25 14:52:28,379 INFO  [JavaFX Application Thread] roha.srvcls.service.PasswordEncoder     - New instance created
2025-07-25 14:52:28,379 DEBUG [JavaFX Application Thread] roha.srvcls.service.PasswordEncoder     - getInstance() - end
2025-07-25 14:52:44,695 DEBUG [JavaFX-Launcher] roha.srvcls.service.PasswordEncoder     - getInstance() - start
2025-07-25 14:52:44,697 INFO  [JavaFX-Launcher] roha.srvcls.service.PasswordEncoder     - New instance created
2025-07-25 14:52:44,698 DEBUG [JavaFX-Launcher] roha.srvcls.service.PasswordEncoder     - getInstance() - end
2025-07-25 14:52:44,791 DEBUG [JavaFX-Launcher] roha.srvcls.service.PasswordEncoder     - getInstance() - start
2025-07-25 14:52:44,792 INFO  [JavaFX-Launcher] roha.srvcls.service.PasswordEncoder     - New instance created
2025-07-25 14:52:44,792 DEBUG [JavaFX-Launcher] roha.srvcls.service.PasswordEncoder     - getInstance() - end
2025-07-25 14:52:45,560 DEBUG [JavaFX Application Thread] roha.srvcls.service.PasswordEncoder     - getInstance() - start
2025-07-25 14:52:45,561 INFO  [JavaFX Application Thread] roha.srvcls.service.PasswordEncoder     - New instance created
2025-07-25 14:52:45,561 DEBUG [JavaFX Application Thread] roha.srvcls.service.PasswordEncoder     - getInstance() - end
2025-07-25 15:16:09,704 DEBUG [JavaFX-Launcher] roha.srvcls.service.PasswordEncoder     - getInstance() - start
2025-07-25 15:16:09,707 INFO  [JavaFX-Launcher] roha.srvcls.service.PasswordEncoder     - New instance created
2025-07-25 15:16:09,708 DEBUG [JavaFX-Launcher] roha.srvcls.service.PasswordEncoder     - getInstance() - end
2025-07-25 15:16:09,799 DEBUG [JavaFX-Launcher] roha.srvcls.service.PasswordEncoder     - getInstance() - start
2025-07-25 15:16:09,800 INFO  [JavaFX-Launcher] roha.srvcls.service.PasswordEncoder     - New instance created
2025-07-25 15:16:09,800 DEBUG [JavaFX-Launcher] roha.srvcls.service.PasswordEncoder     - getInstance() - end
2025-07-25 15:16:10,579 DEBUG [JavaFX Application Thread] roha.srvcls.service.PasswordEncoder     - getInstance() - start
2025-07-25 15:16:10,580 INFO  [JavaFX Application Thread] roha.srvcls.service.PasswordEncoder     - New instance created
2025-07-25 15:16:10,580 DEBUG [JavaFX Application Thread] roha.srvcls.service.PasswordEncoder     - getInstance() - end
2025-07-25 15:16:22,473 DEBUG [JavaFX-Launcher] roha.srvcls.service.PasswordEncoder     - getInstance() - start
2025-07-25 15:16:22,476 INFO  [JavaFX-Launcher] roha.srvcls.service.PasswordEncoder     - New instance created
2025-07-25 15:16:22,477 DEBUG [JavaFX-Launcher] roha.srvcls.service.PasswordEncoder     - getInstance() - end
2025-07-25 15:16:22,567 DEBUG [JavaFX-Launcher] roha.srvcls.service.PasswordEncoder     - getInstance() - start
2025-07-25 15:16:22,568 INFO  [JavaFX-Launcher] roha.srvcls.service.PasswordEncoder     - New instance created
2025-07-25 15:16:22,568 DEBUG [JavaFX-Launcher] roha.srvcls.service.PasswordEncoder     - getInstance() - end
2025-07-25 15:16:23,386 DEBUG [JavaFX Application Thread] roha.srvcls.service.PasswordEncoder     - getInstance() - start
2025-07-25 15:16:23,386 INFO  [JavaFX Application Thread] roha.srvcls.service.PasswordEncoder     - New instance created
2025-07-25 15:16:23,386 DEBUG [JavaFX Application Thread] roha.srvcls.service.PasswordEncoder     - getInstance() - end
2025-07-25 15:22:39,618 DEBUG [JavaFX-Launcher] roha.srvcls.service.PasswordEncoder     - getInstance() - start
2025-07-25 15:22:39,621 INFO  [JavaFX-Launcher] roha.srvcls.service.PasswordEncoder     - New instance created
2025-07-25 15:22:39,622 DEBUG [JavaFX-Launcher] roha.srvcls.service.PasswordEncoder     - getInstance() - end
2025-07-25 15:22:39,711 DEBUG [JavaFX-Launcher] roha.srvcls.service.PasswordEncoder     - getInstance() - start
2025-07-25 15:22:39,711 INFO  [JavaFX-Launcher] roha.srvcls.service.PasswordEncoder     - New instance created
2025-07-25 15:22:39,712 DEBUG [JavaFX-Launcher] roha.srvcls.service.PasswordEncoder     - getInstance() - end
2025-07-25 15:22:40,516 DEBUG [JavaFX Application Thread] roha.srvcls.service.PasswordEncoder     - getInstance() - start
2025-07-25 15:22:40,517 INFO  [JavaFX Application Thread] roha.srvcls.service.PasswordEncoder     - New instance created
2025-07-25 15:22:40,517 DEBUG [JavaFX Application Thread] roha.srvcls.service.PasswordEncoder     - getInstance() - end
2025-07-25 15:24:57,521 DEBUG [JavaFX-Launcher] roha.srvcls.service.PasswordEncoder     - getInstance() - start
2025-07-25 15:24:57,524 INFO  [JavaFX-Launcher] roha.srvcls.service.PasswordEncoder     - New instance created
2025-07-25 15:24:57,524 DEBUG [JavaFX-Launcher] roha.srvcls.service.PasswordEncoder     - getInstance() - end
2025-07-25 15:24:57,618 DEBUG [JavaFX-Launcher] roha.srvcls.service.PasswordEncoder     - getInstance() - start
2025-07-25 15:24:57,618 INFO  [JavaFX-Launcher] roha.srvcls.service.PasswordEncoder     - New instance created
2025-07-25 15:24:57,619 DEBUG [JavaFX-Launcher] roha.srvcls.service.PasswordEncoder     - getInstance() - end
2025-07-25 15:24:58,392 DEBUG [JavaFX Application Thread] roha.srvcls.service.PasswordEncoder     - getInstance() - start
2025-07-25 15:24:58,392 INFO  [JavaFX Application Thread] roha.srvcls.service.PasswordEncoder     - New instance created
2025-07-25 15:24:58,392 DEBUG [JavaFX Application Thread] roha.srvcls.service.PasswordEncoder     - getInstance() - end
2025-07-25 15:29:11,013 DEBUG [JavaFX-Launcher] roha.srvcls.service.PasswordEncoder     - getInstance() - start
2025-07-25 15:29:11,016 INFO  [JavaFX-Launcher] roha.srvcls.service.PasswordEncoder     - New instance created
2025-07-25 15:29:11,016 DEBUG [JavaFX-Launcher] roha.srvcls.service.PasswordEncoder     - getInstance() - end
2025-07-25 15:29:11,104 DEBUG [JavaFX-Launcher] roha.srvcls.service.PasswordEncoder     - getInstance() - start
2025-07-25 15:29:11,104 INFO  [JavaFX-Launcher] roha.srvcls.service.PasswordEncoder     - New instance created
2025-07-25 15:29:11,104 DEBUG [JavaFX-Launcher] roha.srvcls.service.PasswordEncoder     - getInstance() - end
2025-07-25 15:29:11,900 DEBUG [JavaFX Application Thread] roha.srvcls.service.PasswordEncoder     - getInstance() - start
2025-07-25 15:29:11,900 INFO  [JavaFX Application Thread] roha.srvcls.service.PasswordEncoder     - New instance created
2025-07-25 15:29:11,900 DEBUG [JavaFX Application Thread] roha.srvcls.service.PasswordEncoder     - getInstance() - end
2025-07-25 15:35:10,460 DEBUG [JavaFX-Launcher] roha.srvcls.service.PasswordEncoder     - getInstance() - start
2025-07-25 15:35:10,463 INFO  [JavaFX-Launcher] roha.srvcls.service.PasswordEncoder     - New instance created
2025-07-25 15:35:10,463 DEBUG [JavaFX-Launcher] roha.srvcls.service.PasswordEncoder     - getInstance() - end
2025-07-25 15:35:10,551 DEBUG [JavaFX-Launcher] roha.srvcls.service.PasswordEncoder     - getInstance() - start
2025-07-25 15:35:10,551 INFO  [JavaFX-Launcher] roha.srvcls.service.PasswordEncoder     - New instance created
2025-07-25 15:35:10,552 DEBUG [JavaFX-Launcher] roha.srvcls.service.PasswordEncoder     - getInstance() - end
2025-07-25 15:35:11,342 DEBUG [JavaFX Application Thread] roha.srvcls.service.PasswordEncoder     - getInstance() - start
2025-07-25 15:35:11,342 INFO  [JavaFX Application Thread] roha.srvcls.service.PasswordEncoder     - New instance created
2025-07-25 15:35:11,342 DEBUG [JavaFX Application Thread] roha.srvcls.service.PasswordEncoder     - getInstance() - end
2025-07-28 07:47:35,345 DEBUG [JavaFX-Launcher] roha.srvcls.service.PasswordEncoder     - getInstance() - start
2025-07-28 07:47:35,349 INFO  [JavaFX-Launcher] roha.srvcls.service.PasswordEncoder     - New instance created
2025-07-28 07:47:35,350 DEBUG [JavaFX-Launcher] roha.srvcls.service.PasswordEncoder     - getInstance() - end
2025-07-28 07:47:35,516 DEBUG [JavaFX-Launcher] roha.srvcls.service.PasswordEncoder     - getInstance() - start
2025-07-28 07:47:35,516 INFO  [JavaFX-Launcher] roha.srvcls.service.PasswordEncoder     - New instance created
2025-07-28 07:47:35,517 DEBUG [JavaFX-Launcher] roha.srvcls.service.PasswordEncoder     - getInstance() - end
2025-07-28 07:48:06,375 DEBUG [JavaFX Application Thread] roha.srvcls.service.PasswordEncoder     - getInstance() - start
2025-07-28 07:48:06,376 INFO  [JavaFX Application Thread] roha.srvcls.service.PasswordEncoder     - New instance created
2025-07-28 07:48:06,376 DEBUG [JavaFX Application Thread] roha.srvcls.service.PasswordEncoder     - getInstance() - end
2025-07-28 07:49:43,995 DEBUG [JavaFX-Launcher] roha.srvcls.service.PasswordEncoder     - getInstance() - start
2025-07-28 07:49:44,000 INFO  [JavaFX-Launcher] roha.srvcls.service.PasswordEncoder     - New instance created
2025-07-28 07:49:44,000 DEBUG [JavaFX-Launcher] roha.srvcls.service.PasswordEncoder     - getInstance() - end
2025-07-28 07:49:44,225 DEBUG [JavaFX-Launcher] roha.srvcls.service.PasswordEncoder     - getInstance() - start
2025-07-28 07:49:44,226 INFO  [JavaFX-Launcher] roha.srvcls.service.PasswordEncoder     - New instance created
2025-07-28 07:49:44,226 DEBUG [JavaFX-Launcher] roha.srvcls.service.PasswordEncoder     - getInstance() - end
2025-07-28 07:53:23,827 DEBUG [JavaFX-Launcher] roha.srvcls.service.PasswordEncoder     - getInstance() - start
2025-07-28 07:53:23,832 INFO  [JavaFX-Launcher] roha.srvcls.service.PasswordEncoder     - New instance created
2025-07-28 07:53:23,832 DEBUG [JavaFX-Launcher] roha.srvcls.service.PasswordEncoder     - getInstance() - end
2025-07-28 07:53:24,010 DEBUG [JavaFX-Launcher] roha.srvcls.service.PasswordEncoder     - getInstance() - start
2025-07-28 07:53:24,010 INFO  [JavaFX-Launcher] roha.srvcls.service.PasswordEncoder     - New instance created
2025-07-28 07:53:24,010 DEBUG [JavaFX-Launcher] roha.srvcls.service.PasswordEncoder     - getInstance() - end
2025-07-28 07:53:25,540 DEBUG [JavaFX Application Thread] roha.srvcls.service.PasswordEncoder     - getInstance() - start
2025-07-28 07:53:25,540 INFO  [JavaFX Application Thread] roha.srvcls.service.PasswordEncoder     - New instance created
2025-07-28 07:53:25,540 DEBUG [JavaFX Application Thread] roha.srvcls.service.PasswordEncoder     - getInstance() - end
2025-07-28 07:58:11,084 DEBUG [JavaFX-Launcher] roha.srvcls.service.PasswordEncoder     - getInstance() - start
2025-07-28 07:58:11,088 INFO  [JavaFX-Launcher] roha.srvcls.service.PasswordEncoder     - New instance created
2025-07-28 07:58:11,088 DEBUG [JavaFX-Launcher] roha.srvcls.service.PasswordEncoder     - getInstance() - end
2025-07-28 07:58:11,192 DEBUG [JavaFX-Launcher] roha.srvcls.service.PasswordEncoder     - getInstance() - start
2025-07-28 07:58:11,193 INFO  [JavaFX-Launcher] roha.srvcls.service.PasswordEncoder     - New instance created
2025-07-28 07:58:11,193 DEBUG [JavaFX-Launcher] roha.srvcls.service.PasswordEncoder     - getInstance() - end
2025-07-28 08:16:47,738 DEBUG [JavaFX-Launcher] roha.srvcls.service.PasswordEncoder     - getInstance() - start
2025-07-28 08:16:47,742 INFO  [JavaFX-Launcher] roha.srvcls.service.PasswordEncoder     - New instance created
2025-07-28 08:16:47,742 DEBUG [JavaFX-Launcher] roha.srvcls.service.PasswordEncoder     - getInstance() - end
2025-07-28 08:16:47,834 DEBUG [JavaFX-Launcher] roha.srvcls.service.PasswordEncoder     - getInstance() - start
2025-07-28 08:16:47,834 INFO  [JavaFX-Launcher] roha.srvcls.service.PasswordEncoder     - New instance created
2025-07-28 08:16:47,835 DEBUG [JavaFX-Launcher] roha.srvcls.service.PasswordEncoder     - getInstance() - end
2025-07-28 08:16:48,685 DEBUG [JavaFX Application Thread] roha.srvcls.service.PasswordEncoder     - getInstance() - start
2025-07-28 08:16:48,686 INFO  [JavaFX Application Thread] roha.srvcls.service.PasswordEncoder     - New instance created
2025-07-28 08:16:48,686 DEBUG [JavaFX Application Thread] roha.srvcls.service.PasswordEncoder     - getInstance() - end
2025-07-28 08:17:05,660 DEBUG [JavaFX-Launcher] roha.srvcls.service.PasswordEncoder     - getInstance() - start
2025-07-28 08:17:05,664 INFO  [JavaFX-Launcher] roha.srvcls.service.PasswordEncoder     - New instance created
2025-07-28 08:17:05,665 DEBUG [JavaFX-Launcher] roha.srvcls.service.PasswordEncoder     - getInstance() - end
2025-07-28 08:17:05,755 DEBUG [JavaFX-Launcher] roha.srvcls.service.PasswordEncoder     - getInstance() - start
2025-07-28 08:17:05,755 INFO  [JavaFX-Launcher] roha.srvcls.service.PasswordEncoder     - New instance created
2025-07-28 08:17:05,756 DEBUG [JavaFX-Launcher] roha.srvcls.service.PasswordEncoder     - getInstance() - end
2025-07-28 08:19:46,554 DEBUG [JavaFX-Launcher] roha.srvcls.service.PasswordEncoder     - getInstance() - start
2025-07-28 08:19:46,558 INFO  [JavaFX-Launcher] roha.srvcls.service.PasswordEncoder     - New instance created
2025-07-28 08:19:46,558 DEBUG [JavaFX-Launcher] roha.srvcls.service.PasswordEncoder     - getInstance() - end
2025-07-28 08:19:46,650 DEBUG [JavaFX-Launcher] roha.srvcls.service.PasswordEncoder     - getInstance() - start
2025-07-28 08:19:46,650 INFO  [JavaFX-Launcher] roha.srvcls.service.PasswordEncoder     - New instance created
2025-07-28 08:19:46,650 DEBUG [JavaFX-Launcher] roha.srvcls.service.PasswordEncoder     - getInstance() - end
2025-07-28 08:19:47,502 DEBUG [JavaFX Application Thread] roha.srvcls.service.PasswordEncoder     - getInstance() - start
2025-07-28 08:19:47,503 INFO  [JavaFX Application Thread] roha.srvcls.service.PasswordEncoder     - New instance created
2025-07-28 08:19:47,503 DEBUG [JavaFX Application Thread] roha.srvcls.service.PasswordEncoder     - getInstance() - end
2025-07-28 08:20:07,705 DEBUG [JavaFX-Launcher] roha.srvcls.service.PasswordEncoder     - getInstance() - start
2025-07-28 08:20:07,708 INFO  [JavaFX-Launcher] roha.srvcls.service.PasswordEncoder     - New instance created
2025-07-28 08:20:07,708 DEBUG [JavaFX-Launcher] roha.srvcls.service.PasswordEncoder     - getInstance() - end
2025-07-28 08:20:07,794 DEBUG [JavaFX-Launcher] roha.srvcls.service.PasswordEncoder     - getInstance() - start
2025-07-28 08:20:07,794 INFO  [JavaFX-Launcher] roha.srvcls.service.PasswordEncoder     - New instance created
2025-07-28 08:20:07,794 DEBUG [JavaFX-Launcher] roha.srvcls.service.PasswordEncoder     - getInstance() - end
2025-07-28 08:20:48,860 DEBUG [JavaFX-Launcher] roha.srvcls.service.PasswordEncoder     - getInstance() - start
2025-07-28 08:20:48,863 INFO  [JavaFX-Launcher] roha.srvcls.service.PasswordEncoder     - New instance created
2025-07-28 08:20:48,863 DEBUG [JavaFX-Launcher] roha.srvcls.service.PasswordEncoder     - getInstance() - end
2025-07-28 08:20:48,957 DEBUG [JavaFX-Launcher] roha.srvcls.service.PasswordEncoder     - getInstance() - start
2025-07-28 08:20:48,957 INFO  [JavaFX-Launcher] roha.srvcls.service.PasswordEncoder     - New instance created
2025-07-28 08:20:48,958 DEBUG [JavaFX-Launcher] roha.srvcls.service.PasswordEncoder     - getInstance() - end
2025-07-28 08:46:31,457 DEBUG [JavaFX-Launcher] roha.srvcls.service.PasswordEncoder     - getInstance() - start
2025-07-28 08:46:31,460 INFO  [JavaFX-Launcher] roha.srvcls.service.PasswordEncoder     - New instance created
2025-07-28 08:46:31,460 DEBUG [JavaFX-Launcher] roha.srvcls.service.PasswordEncoder     - getInstance() - end
2025-07-28 08:46:31,560 DEBUG [JavaFX-Launcher] roha.srvcls.service.PasswordEncoder     - getInstance() - start
2025-07-28 08:46:31,560 INFO  [JavaFX-Launcher] roha.srvcls.service.PasswordEncoder     - New instance created
2025-07-28 08:46:31,560 DEBUG [JavaFX-Launcher] roha.srvcls.service.PasswordEncoder     - getInstance() - end
2025-07-28 08:46:32,440 DEBUG [JavaFX Application Thread] roha.srvcls.service.PasswordEncoder     - getInstance() - start
2025-07-28 08:46:32,440 INFO  [JavaFX Application Thread] roha.srvcls.service.PasswordEncoder     - New instance created
2025-07-28 08:46:32,440 DEBUG [JavaFX Application Thread] roha.srvcls.service.PasswordEncoder     - getInstance() - end
2025-07-28 08:46:45,346 DEBUG [JavaFX-Launcher] roha.srvcls.service.PasswordEncoder     - getInstance() - start
2025-07-28 08:46:45,349 INFO  [JavaFX-Launcher] roha.srvcls.service.PasswordEncoder     - New instance created
2025-07-28 08:46:45,349 DEBUG [JavaFX-Launcher] roha.srvcls.service.PasswordEncoder     - getInstance() - end
2025-07-28 08:46:45,440 DEBUG [JavaFX-Launcher] roha.srvcls.service.PasswordEncoder     - getInstance() - start
2025-07-28 08:46:45,440 INFO  [JavaFX-Launcher] roha.srvcls.service.PasswordEncoder     - New instance created
2025-07-28 08:46:45,441 DEBUG [JavaFX-Launcher] roha.srvcls.service.PasswordEncoder     - getInstance() - end
2025-07-28 08:49:32,668 DEBUG [JavaFX-Launcher] roha.srvcls.service.PasswordEncoder     - getInstance() - start
2025-07-28 08:49:32,672 INFO  [JavaFX-Launcher] roha.srvcls.service.PasswordEncoder     - New instance created
2025-07-28 08:49:32,673 DEBUG [JavaFX-Launcher] roha.srvcls.service.PasswordEncoder     - getInstance() - end
2025-07-28 08:49:32,811 DEBUG [JavaFX-Launcher] roha.srvcls.service.PasswordEncoder     - getInstance() - start
2025-07-28 08:49:32,811 INFO  [JavaFX-Launcher] roha.srvcls.service.PasswordEncoder     - New instance created
2025-07-28 08:49:32,812 DEBUG [JavaFX-Launcher] roha.srvcls.service.PasswordEncoder     - getInstance() - end
2025-07-28 08:50:56,554 DEBUG [JavaFX Application Thread] roha.srvcls.service.PasswordEncoder     - getInstance() - start
2025-07-28 08:50:56,554 INFO  [JavaFX Application Thread] roha.srvcls.service.PasswordEncoder     - New instance created
2025-07-28 08:50:56,554 DEBUG [JavaFX Application Thread] roha.srvcls.service.PasswordEncoder     - getInstance() - end
2025-07-28 09:01:18,420 DEBUG [JavaFX-Launcher] roha.srvcls.service.PasswordEncoder     - getInstance() - start
2025-07-28 09:01:18,424 INFO  [JavaFX-Launcher] roha.srvcls.service.PasswordEncoder     - New instance created
2025-07-28 09:01:18,425 DEBUG [JavaFX-Launcher] roha.srvcls.service.PasswordEncoder     - getInstance() - end
2025-07-28 09:01:18,524 DEBUG [JavaFX-Launcher] roha.srvcls.service.PasswordEncoder     - getInstance() - start
2025-07-28 09:01:18,524 INFO  [JavaFX-Launcher] roha.srvcls.service.PasswordEncoder     - New instance created
2025-07-28 09:01:18,525 DEBUG [JavaFX-Launcher] roha.srvcls.service.PasswordEncoder     - getInstance() - end
2025-07-28 09:04:36,519 DEBUG [JavaFX-Launcher] roha.srvcls.service.PasswordEncoder     - getInstance() - start
2025-07-28 09:04:36,524 INFO  [JavaFX-Launcher] roha.srvcls.service.PasswordEncoder     - New instance created
2025-07-28 09:04:36,524 DEBUG [JavaFX-Launcher] roha.srvcls.service.PasswordEncoder     - getInstance() - end
2025-07-28 09:04:36,622 DEBUG [JavaFX-Launcher] roha.srvcls.service.PasswordEncoder     - getInstance() - start
2025-07-28 09:04:36,622 INFO  [JavaFX-Launcher] roha.srvcls.service.PasswordEncoder     - New instance created
2025-07-28 09:04:36,623 DEBUG [JavaFX-Launcher] roha.srvcls.service.PasswordEncoder     - getInstance() - end
2025-07-28 09:04:37,500 DEBUG [JavaFX Application Thread] roha.srvcls.service.PasswordEncoder     - getInstance() - start
2025-07-28 09:04:37,500 INFO  [JavaFX Application Thread] roha.srvcls.service.PasswordEncoder     - New instance created
2025-07-28 09:04:37,500 DEBUG [JavaFX Application Thread] roha.srvcls.service.PasswordEncoder     - getInstance() - end
2025-07-28 09:05:10,060 DEBUG [JavaFX-Launcher] roha.srvcls.service.PasswordEncoder     - getInstance() - start
2025-07-28 09:05:10,064 INFO  [JavaFX-Launcher] roha.srvcls.service.PasswordEncoder     - New instance created
2025-07-28 09:05:10,064 DEBUG [JavaFX-Launcher] roha.srvcls.service.PasswordEncoder     - getInstance() - end
2025-07-28 09:05:10,199 DEBUG [JavaFX-Launcher] roha.srvcls.service.PasswordEncoder     - getInstance() - start
2025-07-28 09:05:10,200 INFO  [JavaFX-Launcher] roha.srvcls.service.PasswordEncoder     - New instance created
2025-07-28 09:05:10,200 DEBUG [JavaFX-Launcher] roha.srvcls.service.PasswordEncoder     - getInstance() - end
2025-07-28 09:05:51,740 DEBUG [JavaFX Application Thread] roha.srvcls.service.PasswordEncoder     - getInstance() - start
2025-07-28 09:05:51,741 INFO  [JavaFX Application Thread] roha.srvcls.service.PasswordEncoder     - New instance created
2025-07-28 09:05:51,741 DEBUG [JavaFX Application Thread] roha.srvcls.service.PasswordEncoder     - getInstance() - end
2025-07-28 09:22:46,382 DEBUG [JavaFX-Launcher] roha.srvcls.service.PasswordEncoder     - getInstance() - start
2025-07-28 09:22:46,385 INFO  [JavaFX-Launcher] roha.srvcls.service.PasswordEncoder     - New instance created
2025-07-28 09:22:46,386 DEBUG [JavaFX-Launcher] roha.srvcls.service.PasswordEncoder     - getInstance() - end
2025-07-28 09:22:46,476 DEBUG [JavaFX-Launcher] roha.srvcls.service.PasswordEncoder     - getInstance() - start
2025-07-28 09:22:46,477 INFO  [JavaFX-Launcher] roha.srvcls.service.PasswordEncoder     - New instance created
2025-07-28 09:22:46,477 DEBUG [JavaFX-Launcher] roha.srvcls.service.PasswordEncoder     - getInstance() - end
2025-07-28 09:22:47,340 DEBUG [JavaFX Application Thread] roha.srvcls.service.PasswordEncoder     - getInstance() - start
2025-07-28 09:22:47,341 INFO  [JavaFX Application Thread] roha.srvcls.service.PasswordEncoder     - New instance created
2025-07-28 09:22:47,341 DEBUG [JavaFX Application Thread] roha.srvcls.service.PasswordEncoder     - getInstance() - end
2025-07-28 09:29:23,460 DEBUG [JavaFX-Launcher] roha.srvcls.service.PasswordEncoder     - getInstance() - start
2025-07-28 09:29:23,463 INFO  [JavaFX-Launcher] roha.srvcls.service.PasswordEncoder     - New instance created
2025-07-28 09:29:23,464 DEBUG [JavaFX-Launcher] roha.srvcls.service.PasswordEncoder     - getInstance() - end
2025-07-28 09:29:23,596 DEBUG [JavaFX-Launcher] roha.srvcls.service.PasswordEncoder     - getInstance() - start
2025-07-28 09:29:23,596 INFO  [JavaFX-Launcher] roha.srvcls.service.PasswordEncoder     - New instance created
2025-07-28 09:29:23,597 DEBUG [JavaFX-Launcher] roha.srvcls.service.PasswordEncoder     - getInstance() - end
2025-07-28 09:29:32,396 DEBUG [JavaFX Application Thread] roha.srvcls.service.PasswordEncoder     - getInstance() - start
2025-07-28 09:29:32,396 INFO  [JavaFX Application Thread] roha.srvcls.service.PasswordEncoder     - New instance created
2025-07-28 09:29:32,396 DEBUG [JavaFX Application Thread] roha.srvcls.service.PasswordEncoder     - getInstance() - end
2025-07-28 09:29:45,949 DEBUG [JavaFX-Launcher] roha.srvcls.service.PasswordEncoder     - getInstance() - start
2025-07-28 09:29:45,952 INFO  [JavaFX-Launcher] roha.srvcls.service.PasswordEncoder     - New instance created
2025-07-28 09:29:45,953 DEBUG [JavaFX-Launcher] roha.srvcls.service.PasswordEncoder     - getInstance() - end
2025-07-28 09:29:46,040 DEBUG [JavaFX-Launcher] roha.srvcls.service.PasswordEncoder     - getInstance() - start
2025-07-28 09:29:46,041 INFO  [JavaFX-Launcher] roha.srvcls.service.PasswordEncoder     - New instance created
2025-07-28 09:29:46,041 DEBUG [JavaFX-Launcher] roha.srvcls.service.PasswordEncoder     - getInstance() - end
2025-07-28 09:29:46,872 DEBUG [JavaFX Application Thread] roha.srvcls.service.PasswordEncoder     - getInstance() - start
2025-07-28 09:29:46,872 INFO  [JavaFX Application Thread] roha.srvcls.service.PasswordEncoder     - New instance created
2025-07-28 09:29:46,872 DEBUG [JavaFX Application Thread] roha.srvcls.service.PasswordEncoder     - getInstance() - end
2025-07-28 09:31:37,442 DEBUG [JavaFX-Launcher] roha.srvcls.service.PasswordEncoder     - getInstance() - start
2025-07-28 09:31:37,446 INFO  [JavaFX-Launcher] roha.srvcls.service.PasswordEncoder     - New instance created
2025-07-28 09:31:37,446 DEBUG [JavaFX-Launcher] roha.srvcls.service.PasswordEncoder     - getInstance() - end
2025-07-28 09:31:37,566 DEBUG [JavaFX-Launcher] roha.srvcls.service.PasswordEncoder     - getInstance() - start
2025-07-28 09:31:37,567 INFO  [JavaFX-Launcher] roha.srvcls.service.PasswordEncoder     - New instance created
2025-07-28 09:31:37,567 DEBUG [JavaFX-Launcher] roha.srvcls.service.PasswordEncoder     - getInstance() - end
2025-07-28 09:31:47,892 DEBUG [JavaFX Application Thread] roha.srvcls.service.PasswordEncoder     - getInstance() - start
2025-07-28 09:31:47,892 INFO  [JavaFX Application Thread] roha.srvcls.service.PasswordEncoder     - New instance created
2025-07-28 09:31:47,892 DEBUG [JavaFX Application Thread] roha.srvcls.service.PasswordEncoder     - getInstance() - end
2025-07-28 09:39:11,600 DEBUG [JavaFX-Launcher] roha.srvcls.service.PasswordEncoder     - getInstance() - start
2025-07-28 09:39:11,603 INFO  [JavaFX-Launcher] roha.srvcls.service.PasswordEncoder     - New instance created
2025-07-28 09:39:11,603 DEBUG [JavaFX-Launcher] roha.srvcls.service.PasswordEncoder     - getInstance() - end
2025-07-28 09:39:11,695 DEBUG [JavaFX-Launcher] roha.srvcls.service.PasswordEncoder     - getInstance() - start
2025-07-28 09:39:11,696 INFO  [JavaFX-Launcher] roha.srvcls.service.PasswordEncoder     - New instance created
2025-07-28 09:39:11,696 DEBUG [JavaFX-Launcher] roha.srvcls.service.PasswordEncoder     - getInstance() - end
2025-07-28 09:39:12,538 DEBUG [JavaFX Application Thread] roha.srvcls.service.PasswordEncoder     - getInstance() - start
2025-07-28 09:39:12,539 INFO  [JavaFX Application Thread] roha.srvcls.service.PasswordEncoder     - New instance created
2025-07-28 09:39:12,539 DEBUG [JavaFX Application Thread] roha.srvcls.service.PasswordEncoder     - getInstance() - end
2025-07-28 10:53:34,462 DEBUG [JavaFX-Launcher] roha.srvcls.service.PasswordEncoder     - getInstance() - start
2025-07-28 10:53:34,464 INFO  [JavaFX-Launcher] roha.srvcls.service.PasswordEncoder     - New instance created
2025-07-28 10:53:34,464 DEBUG [JavaFX-Launcher] roha.srvcls.service.PasswordEncoder     - getInstance() - end
2025-07-28 10:53:34,543 DEBUG [JavaFX-Launcher] roha.srvcls.service.PasswordEncoder     - getInstance() - start
2025-07-28 10:53:34,543 INFO  [JavaFX-Launcher] roha.srvcls.service.PasswordEncoder     - New instance created
2025-07-28 10:53:34,544 DEBUG [JavaFX-Launcher] roha.srvcls.service.PasswordEncoder     - getInstance() - end
2025-07-28 10:53:35,439 DEBUG [JavaFX Application Thread] roha.srvcls.service.PasswordEncoder     - getInstance() - start
2025-07-28 10:53:35,440 INFO  [JavaFX Application Thread] roha.srvcls.service.PasswordEncoder     - New instance created
2025-07-28 10:53:35,440 DEBUG [JavaFX Application Thread] roha.srvcls.service.PasswordEncoder     - getInstance() - end
2025-07-28 10:56:42,867 DEBUG [JavaFX-Launcher] roha.srvcls.service.PasswordEncoder     - getInstance() - start
2025-07-28 10:56:42,870 INFO  [JavaFX-Launcher] roha.srvcls.service.PasswordEncoder     - New instance created
2025-07-28 10:56:42,870 DEBUG [JavaFX-Launcher] roha.srvcls.service.PasswordEncoder     - getInstance() - end
2025-07-28 10:56:42,992 DEBUG [JavaFX-Launcher] roha.srvcls.service.PasswordEncoder     - getInstance() - start
2025-07-28 10:56:42,993 INFO  [JavaFX-Launcher] roha.srvcls.service.PasswordEncoder     - New instance created
2025-07-28 10:56:42,994 DEBUG [JavaFX-Launcher] roha.srvcls.service.PasswordEncoder     - getInstance() - end
2025-07-28 10:56:44,077 DEBUG [JavaFX Application Thread] roha.srvcls.service.PasswordEncoder     - getInstance() - start
2025-07-28 10:56:44,077 INFO  [JavaFX Application Thread] roha.srvcls.service.PasswordEncoder     - New instance created
2025-07-28 10:56:44,078 DEBUG [JavaFX Application Thread] roha.srvcls.service.PasswordEncoder     - getInstance() - end
2025-07-28 10:57:24,638 DEBUG [JavaFX-Launcher] roha.srvcls.service.PasswordEncoder     - getInstance() - start
2025-07-28 10:57:24,642 INFO  [JavaFX-Launcher] roha.srvcls.service.PasswordEncoder     - New instance created
2025-07-28 10:57:24,643 DEBUG [JavaFX-Launcher] roha.srvcls.service.PasswordEncoder     - getInstance() - end
2025-07-28 10:57:24,772 DEBUG [JavaFX-Launcher] roha.srvcls.service.PasswordEncoder     - getInstance() - start
2025-07-28 10:57:24,772 INFO  [JavaFX-Launcher] roha.srvcls.service.PasswordEncoder     - New instance created
2025-07-28 10:57:24,772 DEBUG [JavaFX-Launcher] roha.srvcls.service.PasswordEncoder     - getInstance() - end
2025-07-28 10:57:25,845 DEBUG [JavaFX Application Thread] roha.srvcls.service.PasswordEncoder     - getInstance() - start
2025-07-28 10:57:25,845 INFO  [JavaFX Application Thread] roha.srvcls.service.PasswordEncoder     - New instance created
2025-07-28 10:57:25,845 DEBUG [JavaFX Application Thread] roha.srvcls.service.PasswordEncoder     - getInstance() - end
2025-07-28 11:00:02,643 DEBUG [JavaFX-Launcher] roha.srvcls.service.PasswordEncoder     - getInstance() - start
2025-07-28 11:00:02,648 INFO  [JavaFX-Launcher] roha.srvcls.service.PasswordEncoder     - New instance created
2025-07-28 11:00:02,648 DEBUG [JavaFX-Launcher] roha.srvcls.service.PasswordEncoder     - getInstance() - end
2025-07-28 11:00:02,767 DEBUG [JavaFX-Launcher] roha.srvcls.service.PasswordEncoder     - getInstance() - start
2025-07-28 11:00:02,767 INFO  [JavaFX-Launcher] roha.srvcls.service.PasswordEncoder     - New instance created
2025-07-28 11:00:02,768 DEBUG [JavaFX-Launcher] roha.srvcls.service.PasswordEncoder     - getInstance() - end
2025-07-28 11:00:03,817 DEBUG [JavaFX Application Thread] roha.srvcls.service.PasswordEncoder     - getInstance() - start
2025-07-28 11:00:03,817 INFO  [JavaFX Application Thread] roha.srvcls.service.PasswordEncoder     - New instance created
2025-07-28 11:00:03,817 DEBUG [JavaFX Application Thread] roha.srvcls.service.PasswordEncoder     - getInstance() - end
2025-07-28 11:01:22,026 DEBUG [JavaFX-Launcher] roha.srvcls.service.PasswordEncoder     - getInstance() - start
2025-07-28 11:01:22,029 INFO  [JavaFX-Launcher] roha.srvcls.service.PasswordEncoder     - New instance created
2025-07-28 11:01:22,029 DEBUG [JavaFX-Launcher] roha.srvcls.service.PasswordEncoder     - getInstance() - end
2025-07-28 11:01:22,165 DEBUG [JavaFX-Launcher] roha.srvcls.service.PasswordEncoder     - getInstance() - start
2025-07-28 11:01:22,165 INFO  [JavaFX-Launcher] roha.srvcls.service.PasswordEncoder     - New instance created
2025-07-28 11:01:22,166 DEBUG [JavaFX-Launcher] roha.srvcls.service.PasswordEncoder     - getInstance() - end
2025-07-28 11:01:23,281 DEBUG [JavaFX Application Thread] roha.srvcls.service.PasswordEncoder     - getInstance() - start
2025-07-28 11:01:23,282 INFO  [JavaFX Application Thread] roha.srvcls.service.PasswordEncoder     - New instance created
2025-07-28 11:01:23,282 DEBUG [JavaFX Application Thread] roha.srvcls.service.PasswordEncoder     - getInstance() - end
2025-07-28 11:02:01,267 DEBUG [JavaFX-Launcher] roha.srvcls.service.PasswordEncoder     - getInstance() - start
2025-07-28 11:02:01,270 INFO  [JavaFX-Launcher] roha.srvcls.service.PasswordEncoder     - New instance created
2025-07-28 11:02:01,271 DEBUG [JavaFX-Launcher] roha.srvcls.service.PasswordEncoder     - getInstance() - end
2025-07-28 11:02:01,379 DEBUG [JavaFX-Launcher] roha.srvcls.service.PasswordEncoder     - getInstance() - start
2025-07-28 11:02:01,379 INFO  [JavaFX-Launcher] roha.srvcls.service.PasswordEncoder     - New instance created
2025-07-28 11:02:01,380 DEBUG [JavaFX-Launcher] roha.srvcls.service.PasswordEncoder     - getInstance() - end
2025-07-28 11:02:02,483 DEBUG [JavaFX Application Thread] roha.srvcls.service.PasswordEncoder     - getInstance() - start
2025-07-28 11:02:02,483 INFO  [JavaFX Application Thread] roha.srvcls.service.PasswordEncoder     - New instance created
2025-07-28 11:02:02,485 DEBUG [JavaFX Application Thread] roha.srvcls.service.PasswordEncoder     - getInstance() - end
2025-07-28 11:03:13,809 DEBUG [JavaFX-Launcher] roha.srvcls.service.PasswordEncoder     - getInstance() - start
2025-07-28 11:03:13,812 INFO  [JavaFX-Launcher] roha.srvcls.service.PasswordEncoder     - New instance created
2025-07-28 11:03:13,813 DEBUG [JavaFX-Launcher] roha.srvcls.service.PasswordEncoder     - getInstance() - end
2025-07-28 11:03:13,916 DEBUG [JavaFX-Launcher] roha.srvcls.service.PasswordEncoder     - getInstance() - start
2025-07-28 11:03:13,916 INFO  [JavaFX-Launcher] roha.srvcls.service.PasswordEncoder     - New instance created
2025-07-28 11:03:13,917 DEBUG [JavaFX-Launcher] roha.srvcls.service.PasswordEncoder     - getInstance() - end
2025-07-28 11:03:15,029 DEBUG [JavaFX Application Thread] roha.srvcls.service.PasswordEncoder     - getInstance() - start
2025-07-28 11:03:15,029 INFO  [JavaFX Application Thread] roha.srvcls.service.PasswordEncoder     - New instance created
2025-07-28 11:03:15,030 DEBUG [JavaFX Application Thread] roha.srvcls.service.PasswordEncoder     - getInstance() - end
2025-07-28 11:05:35,851 DEBUG [JavaFX-Launcher] roha.srvcls.service.PasswordEncoder     - getInstance() - start
2025-07-28 11:05:35,853 INFO  [JavaFX-Launcher] roha.srvcls.service.PasswordEncoder     - New instance created
2025-07-28 11:05:35,853 DEBUG [JavaFX-Launcher] roha.srvcls.service.PasswordEncoder     - getInstance() - end
2025-07-28 11:05:35,934 DEBUG [JavaFX-Launcher] roha.srvcls.service.PasswordEncoder     - getInstance() - start
2025-07-28 11:05:35,934 INFO  [JavaFX-Launcher] roha.srvcls.service.PasswordEncoder     - New instance created
2025-07-28 11:05:35,935 DEBUG [JavaFX-Launcher] roha.srvcls.service.PasswordEncoder     - getInstance() - end
2025-07-28 11:05:36,809 DEBUG [JavaFX Application Thread] roha.srvcls.service.PasswordEncoder     - getInstance() - start
2025-07-28 11:05:36,810 INFO  [JavaFX Application Thread] roha.srvcls.service.PasswordEncoder     - New instance created
2025-07-28 11:05:36,810 DEBUG [JavaFX Application Thread] roha.srvcls.service.PasswordEncoder     - getInstance() - end
2025-07-28 11:06:34,683 DEBUG [JavaFX-Launcher] roha.srvcls.service.PasswordEncoder     - getInstance() - start
2025-07-28 11:06:34,686 INFO  [JavaFX-Launcher] roha.srvcls.service.PasswordEncoder     - New instance created
2025-07-28 11:06:34,686 DEBUG [JavaFX-Launcher] roha.srvcls.service.PasswordEncoder     - getInstance() - end
2025-07-28 11:06:34,803 DEBUG [JavaFX-Launcher] roha.srvcls.service.PasswordEncoder     - getInstance() - start
2025-07-28 11:06:34,804 INFO  [JavaFX-Launcher] roha.srvcls.service.PasswordEncoder     - New instance created
2025-07-28 11:06:34,804 DEBUG [JavaFX-Launcher] roha.srvcls.service.PasswordEncoder     - getInstance() - end
2025-07-28 11:06:35,899 DEBUG [JavaFX Application Thread] roha.srvcls.service.PasswordEncoder     - getInstance() - start
2025-07-28 11:06:35,899 INFO  [JavaFX Application Thread] roha.srvcls.service.PasswordEncoder     - New instance created
2025-07-28 11:06:35,899 DEBUG [JavaFX Application Thread] roha.srvcls.service.PasswordEncoder     - getInstance() - end
2025-07-28 11:07:40,285 DEBUG [JavaFX-Launcher] roha.srvcls.service.PasswordEncoder     - getInstance() - start
2025-07-28 11:07:40,289 INFO  [JavaFX-Launcher] roha.srvcls.service.PasswordEncoder     - New instance created
2025-07-28 11:07:40,290 DEBUG [JavaFX-Launcher] roha.srvcls.service.PasswordEncoder     - getInstance() - end
2025-07-28 11:07:40,410 DEBUG [JavaFX-Launcher] roha.srvcls.service.PasswordEncoder     - getInstance() - start
2025-07-28 11:07:40,411 INFO  [JavaFX-Launcher] roha.srvcls.service.PasswordEncoder     - New instance created
2025-07-28 11:07:40,412 DEBUG [JavaFX-Launcher] roha.srvcls.service.PasswordEncoder     - getInstance() - end
2025-07-28 11:07:41,480 DEBUG [JavaFX Application Thread] roha.srvcls.service.PasswordEncoder     - getInstance() - start
2025-07-28 11:07:41,481 INFO  [JavaFX Application Thread] roha.srvcls.service.PasswordEncoder     - New instance created
2025-07-28 11:07:41,481 DEBUG [JavaFX Application Thread] roha.srvcls.service.PasswordEncoder     - getInstance() - end
2025-07-28 11:20:05,897 DEBUG [JavaFX-Launcher] roha.srvcls.service.PasswordEncoder     - getInstance() - start
2025-07-28 11:20:05,899 INFO  [JavaFX-Launcher] roha.srvcls.service.PasswordEncoder     - New instance created
2025-07-28 11:20:05,900 DEBUG [JavaFX-Launcher] roha.srvcls.service.PasswordEncoder     - getInstance() - end
2025-07-28 11:20:05,976 DEBUG [JavaFX-Launcher] roha.srvcls.service.PasswordEncoder     - getInstance() - start
2025-07-28 11:20:05,977 INFO  [JavaFX-Launcher] roha.srvcls.service.PasswordEncoder     - New instance created
2025-07-28 11:20:05,977 DEBUG [JavaFX-Launcher] roha.srvcls.service.PasswordEncoder     - getInstance() - end
2025-07-28 11:20:06,878 DEBUG [JavaFX Application Thread] roha.srvcls.service.PasswordEncoder     - getInstance() - start
2025-07-28 11:20:06,879 INFO  [JavaFX Application Thread] roha.srvcls.service.PasswordEncoder     - New instance created
2025-07-28 11:20:06,879 DEBUG [JavaFX Application Thread] roha.srvcls.service.PasswordEncoder     - getInstance() - end
2025-07-28 14:27:42,739 DEBUG [JavaFX-Launcher] roha.srvcls.service.PasswordEncoder     - getInstance() - start
2025-07-28 14:27:42,742 INFO  [JavaFX-Launcher] roha.srvcls.service.PasswordEncoder     - New instance created
2025-07-28 14:27:42,742 DEBUG [JavaFX-Launcher] roha.srvcls.service.PasswordEncoder     - getInstance() - end
2025-07-28 14:27:42,836 DEBUG [JavaFX-Launcher] roha.srvcls.service.PasswordEncoder     - getInstance() - start
2025-07-28 14:27:42,836 INFO  [JavaFX-Launcher] roha.srvcls.service.PasswordEncoder     - New instance created
2025-07-28 14:27:42,837 DEBUG [JavaFX-Launcher] roha.srvcls.service.PasswordEncoder     - getInstance() - end
2025-07-28 14:27:43,692 DEBUG [JavaFX Application Thread] roha.srvcls.service.PasswordEncoder     - getInstance() - start
2025-07-28 14:27:43,692 INFO  [JavaFX Application Thread] roha.srvcls.service.PasswordEncoder     - New instance created
2025-07-28 14:27:43,693 DEBUG [JavaFX Application Thread] roha.srvcls.service.PasswordEncoder     - getInstance() - end
2025-07-28 14:28:00,519 DEBUG [JavaFX-Launcher] roha.srvcls.service.PasswordEncoder     - getInstance() - start
2025-07-28 14:28:00,523 INFO  [JavaFX-Launcher] roha.srvcls.service.PasswordEncoder     - New instance created
2025-07-28 14:28:00,523 DEBUG [JavaFX-Launcher] roha.srvcls.service.PasswordEncoder     - getInstance() - end
2025-07-28 14:28:00,611 DEBUG [JavaFX-Launcher] roha.srvcls.service.PasswordEncoder     - getInstance() - start
2025-07-28 14:28:00,612 INFO  [JavaFX-Launcher] roha.srvcls.service.PasswordEncoder     - New instance created
2025-07-28 14:28:00,612 DEBUG [JavaFX-Launcher] roha.srvcls.service.PasswordEncoder     - getInstance() - end
2025-07-28 14:28:01,466 DEBUG [JavaFX Application Thread] roha.srvcls.service.PasswordEncoder     - getInstance() - start
2025-07-28 14:28:01,466 INFO  [JavaFX Application Thread] roha.srvcls.service.PasswordEncoder     - New instance created
2025-07-28 14:28:01,466 DEBUG [JavaFX Application Thread] roha.srvcls.service.PasswordEncoder     - getInstance() - end
2025-07-28 14:29:22,017 DEBUG [JavaFX-Launcher] roha.srvcls.service.PasswordEncoder     - getInstance() - start
2025-07-28 14:29:22,020 INFO  [JavaFX-Launcher] roha.srvcls.service.PasswordEncoder     - New instance created
2025-07-28 14:29:22,020 DEBUG [JavaFX-Launcher] roha.srvcls.service.PasswordEncoder     - getInstance() - end
2025-07-28 14:29:22,112 DEBUG [JavaFX-Launcher] roha.srvcls.service.PasswordEncoder     - getInstance() - start
2025-07-28 14:29:22,112 INFO  [JavaFX-Launcher] roha.srvcls.service.PasswordEncoder     - New instance created
2025-07-28 14:29:22,113 DEBUG [JavaFX-Launcher] roha.srvcls.service.PasswordEncoder     - getInstance() - end
2025-07-28 14:29:43,970 DEBUG [JavaFX-Launcher] roha.srvcls.service.PasswordEncoder     - getInstance() - start
2025-07-28 14:29:43,973 INFO  [JavaFX-Launcher] roha.srvcls.service.PasswordEncoder     - New instance created
2025-07-28 14:29:43,973 DEBUG [JavaFX-Launcher] roha.srvcls.service.PasswordEncoder     - getInstance() - end
2025-07-28 14:29:44,074 DEBUG [JavaFX-Launcher] roha.srvcls.service.PasswordEncoder     - getInstance() - start
2025-07-28 14:29:44,074 INFO  [JavaFX-Launcher] roha.srvcls.service.PasswordEncoder     - New instance created
2025-07-28 14:29:44,074 DEBUG [JavaFX-Launcher] roha.srvcls.service.PasswordEncoder     - getInstance() - end
2025-07-28 14:29:44,936 DEBUG [JavaFX Application Thread] roha.srvcls.service.PasswordEncoder     - getInstance() - start
2025-07-28 14:29:44,937 INFO  [JavaFX Application Thread] roha.srvcls.service.PasswordEncoder     - New instance created
2025-07-28 14:29:44,937 DEBUG [JavaFX Application Thread] roha.srvcls.service.PasswordEncoder     - getInstance() - end
2025-07-28 14:30:21,364 DEBUG [JavaFX-Launcher] roha.srvcls.service.PasswordEncoder     - getInstance() - start
2025-07-28 14:30:21,367 INFO  [JavaFX-Launcher] roha.srvcls.service.PasswordEncoder     - New instance created
2025-07-28 14:30:21,367 DEBUG [JavaFX-Launcher] roha.srvcls.service.PasswordEncoder     - getInstance() - end
2025-07-28 14:30:21,458 DEBUG [JavaFX-Launcher] roha.srvcls.service.PasswordEncoder     - getInstance() - start
2025-07-28 14:30:21,459 INFO  [JavaFX-Launcher] roha.srvcls.service.PasswordEncoder     - New instance created
2025-07-28 14:30:21,459 DEBUG [JavaFX-Launcher] roha.srvcls.service.PasswordEncoder     - getInstance() - end
2025-07-28 14:30:22,297 DEBUG [JavaFX Application Thread] roha.srvcls.service.PasswordEncoder     - getInstance() - start
2025-07-28 14:30:22,297 INFO  [JavaFX Application Thread] roha.srvcls.service.PasswordEncoder     - New instance created
2025-07-28 14:30:22,297 DEBUG [JavaFX Application Thread] roha.srvcls.service.PasswordEncoder     - getInstance() - end
2025-07-28 14:30:43,848 DEBUG [JavaFX-Launcher] roha.srvcls.service.PasswordEncoder     - getInstance() - start
2025-07-28 14:30:43,852 INFO  [JavaFX-Launcher] roha.srvcls.service.PasswordEncoder     - New instance created
2025-07-28 14:30:43,852 DEBUG [JavaFX-Launcher] roha.srvcls.service.PasswordEncoder     - getInstance() - end
2025-07-28 14:30:43,943 DEBUG [JavaFX-Launcher] roha.srvcls.service.PasswordEncoder     - getInstance() - start
2025-07-28 14:30:43,943 INFO  [JavaFX-Launcher] roha.srvcls.service.PasswordEncoder     - New instance created
2025-07-28 14:30:43,944 DEBUG [JavaFX-Launcher] roha.srvcls.service.PasswordEncoder     - getInstance() - end
2025-07-28 14:30:44,787 DEBUG [JavaFX Application Thread] roha.srvcls.service.PasswordEncoder     - getInstance() - start
2025-07-28 14:30:44,787 INFO  [JavaFX Application Thread] roha.srvcls.service.PasswordEncoder     - New instance created
2025-07-28 14:30:44,788 DEBUG [JavaFX Application Thread] roha.srvcls.service.PasswordEncoder     - getInstance() - end
2025-07-28 14:30:50,425 DEBUG [JavaFX Application Thread] roha.srvcls.service.PasswordEncoder     - getInstance() - start
2025-07-28 14:30:50,426 INFO  [JavaFX Application Thread] roha.srvcls.service.PasswordEncoder     - New instance created
2025-07-28 14:30:50,426 DEBUG [JavaFX Application Thread] roha.srvcls.service.PasswordEncoder     - getInstance() - end
2025-07-28 14:31:23,506 DEBUG [JavaFX-Launcher] roha.srvcls.service.PasswordEncoder     - getInstance() - start
2025-07-28 14:31:23,508 INFO  [JavaFX-Launcher] roha.srvcls.service.PasswordEncoder     - New instance created
2025-07-28 14:31:23,509 DEBUG [JavaFX-Launcher] roha.srvcls.service.PasswordEncoder     - getInstance() - end
2025-07-28 14:31:23,603 DEBUG [JavaFX-Launcher] roha.srvcls.service.PasswordEncoder     - getInstance() - start
2025-07-28 14:31:23,604 INFO  [JavaFX-Launcher] roha.srvcls.service.PasswordEncoder     - New instance created
2025-07-28 14:31:23,604 DEBUG [JavaFX-Launcher] roha.srvcls.service.PasswordEncoder     - getInstance() - end
2025-07-28 14:31:24,463 DEBUG [JavaFX Application Thread] roha.srvcls.service.PasswordEncoder     - getInstance() - start
2025-07-28 14:31:24,464 INFO  [JavaFX Application Thread] roha.srvcls.service.PasswordEncoder     - New instance created
2025-07-28 14:31:24,464 DEBUG [JavaFX Application Thread] roha.srvcls.service.PasswordEncoder     - getInstance() - end
2025-07-28 14:31:29,187 DEBUG [JavaFX Application Thread] roha.srvcls.service.PasswordEncoder     - getInstance() - start
2025-07-28 14:31:29,187 INFO  [JavaFX Application Thread] roha.srvcls.service.PasswordEncoder     - New instance created
2025-07-28 14:31:29,188 DEBUG [JavaFX Application Thread] roha.srvcls.service.PasswordEncoder     - getInstance() - end
2025-07-28 14:50:34,590 DEBUG [JavaFX-Launcher] roha.srvcls.service.PasswordEncoder     - getInstance() - start
2025-07-28 14:50:34,594 INFO  [JavaFX-Launcher] roha.srvcls.service.PasswordEncoder     - New instance created
2025-07-28 14:50:34,594 DEBUG [JavaFX-Launcher] roha.srvcls.service.PasswordEncoder     - getInstance() - end
2025-07-28 14:50:34,691 DEBUG [JavaFX-Launcher] roha.srvcls.service.PasswordEncoder     - getInstance() - start
2025-07-28 14:50:34,691 INFO  [JavaFX-Launcher] roha.srvcls.service.PasswordEncoder     - New instance created
2025-07-28 14:50:34,692 DEBUG [JavaFX-Launcher] roha.srvcls.service.PasswordEncoder     - getInstance() - end
2025-07-28 14:50:35,555 DEBUG [JavaFX Application Thread] roha.srvcls.service.PasswordEncoder     - getInstance() - start
2025-07-28 14:50:35,555 INFO  [JavaFX Application Thread] roha.srvcls.service.PasswordEncoder     - New instance created
2025-07-28 14:50:35,555 DEBUG [JavaFX Application Thread] roha.srvcls.service.PasswordEncoder     - getInstance() - end
2025-07-28 14:51:38,574 DEBUG [JavaFX-Launcher] roha.srvcls.service.PasswordEncoder     - getInstance() - start
2025-07-28 14:51:38,576 INFO  [JavaFX-Launcher] roha.srvcls.service.PasswordEncoder     - New instance created
2025-07-28 14:51:38,577 DEBUG [JavaFX-Launcher] roha.srvcls.service.PasswordEncoder     - getInstance() - end
2025-07-28 14:51:38,665 DEBUG [JavaFX-Launcher] roha.srvcls.service.PasswordEncoder     - getInstance() - start
2025-07-28 14:51:38,666 INFO  [JavaFX-Launcher] roha.srvcls.service.PasswordEncoder     - New instance created
2025-07-28 14:51:38,666 DEBUG [JavaFX-Launcher] roha.srvcls.service.PasswordEncoder     - getInstance() - end
2025-07-28 14:51:39,512 DEBUG [JavaFX Application Thread] roha.srvcls.service.PasswordEncoder     - getInstance() - start
2025-07-28 14:51:39,513 INFO  [JavaFX Application Thread] roha.srvcls.service.PasswordEncoder     - New instance created
2025-07-28 14:51:39,514 DEBUG [JavaFX Application Thread] roha.srvcls.service.PasswordEncoder     - getInstance() - end
2025-07-28 14:53:23,666 DEBUG [JavaFX-Launcher] roha.srvcls.service.PasswordEncoder     - getInstance() - start
2025-07-28 14:53:23,669 INFO  [JavaFX-Launcher] roha.srvcls.service.PasswordEncoder     - New instance created
2025-07-28 14:53:23,669 DEBUG [JavaFX-Launcher] roha.srvcls.service.PasswordEncoder     - getInstance() - end
2025-07-28 14:53:23,771 DEBUG [JavaFX-Launcher] roha.srvcls.service.PasswordEncoder     - getInstance() - start
2025-07-28 14:53:23,771 INFO  [JavaFX-Launcher] roha.srvcls.service.PasswordEncoder     - New instance created
2025-07-28 14:53:23,772 DEBUG [JavaFX-Launcher] roha.srvcls.service.PasswordEncoder     - getInstance() - end
2025-07-28 14:53:24,623 DEBUG [JavaFX Application Thread] roha.srvcls.service.PasswordEncoder     - getInstance() - start
2025-07-28 14:53:24,624 INFO  [JavaFX Application Thread] roha.srvcls.service.PasswordEncoder     - New instance created
2025-07-28 14:53:24,624 DEBUG [JavaFX Application Thread] roha.srvcls.service.PasswordEncoder     - getInstance() - end
2025-07-28 14:54:28,178 DEBUG [JavaFX-Launcher] roha.srvcls.service.PasswordEncoder     - getInstance() - start
2025-07-28 14:54:28,182 INFO  [JavaFX-Launcher] roha.srvcls.service.PasswordEncoder     - New instance created
2025-07-28 14:54:28,182 DEBUG [JavaFX-Launcher] roha.srvcls.service.PasswordEncoder     - getInstance() - end
2025-07-28 14:54:28,277 DEBUG [JavaFX-Launcher] roha.srvcls.service.PasswordEncoder     - getInstance() - start
2025-07-28 14:54:28,278 INFO  [JavaFX-Launcher] roha.srvcls.service.PasswordEncoder     - New instance created
2025-07-28 14:54:28,278 DEBUG [JavaFX-Launcher] roha.srvcls.service.PasswordEncoder     - getInstance() - end
2025-07-28 14:54:29,110 DEBUG [JavaFX Application Thread] roha.srvcls.service.PasswordEncoder     - getInstance() - start
2025-07-28 14:54:29,111 INFO  [JavaFX Application Thread] roha.srvcls.service.PasswordEncoder     - New instance created
2025-07-28 14:54:29,111 DEBUG [JavaFX Application Thread] roha.srvcls.service.PasswordEncoder     - getInstance() - end
2025-07-28 14:55:43,411 DEBUG [JavaFX Application Thread] roha.srvcls.service.PasswordEncoder     - getInstance() - start
2025-07-28 14:55:43,412 INFO  [JavaFX Application Thread] roha.srvcls.service.PasswordEncoder     - New instance created
2025-07-28 14:55:43,413 DEBUG [JavaFX Application Thread] roha.srvcls.service.PasswordEncoder     - getInstance() - end
2025-07-28 14:56:05,105 DEBUG [JavaFX Application Thread] roha.srvcls.service.PasswordEncoder     - getInstance() - start
2025-07-28 14:56:05,105 INFO  [JavaFX Application Thread] roha.srvcls.service.PasswordEncoder     - New instance created
2025-07-28 14:56:05,107 DEBUG [JavaFX Application Thread] roha.srvcls.service.PasswordEncoder     - getInstance() - end
2025-07-28 15:11:56,325 DEBUG [JavaFX-Launcher] roha.srvcls.service.PasswordEncoder     - getInstance() - start
2025-07-28 15:11:56,328 INFO  [JavaFX-Launcher] roha.srvcls.service.PasswordEncoder     - New instance created
2025-07-28 15:11:56,328 DEBUG [JavaFX-Launcher] roha.srvcls.service.PasswordEncoder     - getInstance() - end
2025-07-28 15:11:56,426 DEBUG [JavaFX-Launcher] roha.srvcls.service.PasswordEncoder     - getInstance() - start
2025-07-28 15:11:56,427 INFO  [JavaFX-Launcher] roha.srvcls.service.PasswordEncoder     - New instance created
2025-07-28 15:11:56,427 DEBUG [JavaFX-Launcher] roha.srvcls.service.PasswordEncoder     - getInstance() - end
2025-07-28 15:11:57,303 DEBUG [JavaFX Application Thread] roha.srvcls.service.PasswordEncoder     - getInstance() - start
2025-07-28 15:11:57,305 INFO  [JavaFX Application Thread] roha.srvcls.service.PasswordEncoder     - New instance created
2025-07-28 15:11:57,305 DEBUG [JavaFX Application Thread] roha.srvcls.service.PasswordEncoder     - getInstance() - end
2025-07-28 15:12:10,620 DEBUG [JavaFX Application Thread] roha.srvcls.service.PasswordEncoder     - getInstance() - start
2025-07-28 15:12:10,621 INFO  [JavaFX Application Thread] roha.srvcls.service.PasswordEncoder     - New instance created
2025-07-28 15:12:10,621 DEBUG [JavaFX Application Thread] roha.srvcls.service.PasswordEncoder     - getInstance() - end
2025-07-28 15:13:15,302 DEBUG [JavaFX-Launcher] roha.srvcls.service.PasswordEncoder     - getInstance() - start
2025-07-28 15:13:15,305 INFO  [JavaFX-Launcher] roha.srvcls.service.PasswordEncoder     - New instance created
2025-07-28 15:13:15,306 DEBUG [JavaFX-Launcher] roha.srvcls.service.PasswordEncoder     - getInstance() - end
2025-07-28 15:13:15,407 DEBUG [JavaFX-Launcher] roha.srvcls.service.PasswordEncoder     - getInstance() - start
2025-07-28 15:13:15,407 INFO  [JavaFX-Launcher] roha.srvcls.service.PasswordEncoder     - New instance created
2025-07-28 15:13:15,408 DEBUG [JavaFX-Launcher] roha.srvcls.service.PasswordEncoder     - getInstance() - end
2025-07-28 15:13:16,324 DEBUG [JavaFX Application Thread] roha.srvcls.service.PasswordEncoder     - getInstance() - start
2025-07-28 15:13:16,325 INFO  [JavaFX Application Thread] roha.srvcls.service.PasswordEncoder     - New instance created
2025-07-28 15:13:16,325 DEBUG [JavaFX Application Thread] roha.srvcls.service.PasswordEncoder     - getInstance() - end
2025-07-28 15:13:22,874 DEBUG [JavaFX Application Thread] roha.srvcls.service.PasswordEncoder     - getInstance() - start
2025-07-28 15:13:22,874 INFO  [JavaFX Application Thread] roha.srvcls.service.PasswordEncoder     - New instance created
2025-07-28 15:13:22,875 DEBUG [JavaFX Application Thread] roha.srvcls.service.PasswordEncoder     - getInstance() - end
2025-07-28 15:14:00,473 DEBUG [JavaFX-Launcher] roha.srvcls.service.PasswordEncoder     - getInstance() - start
2025-07-28 15:14:00,477 INFO  [JavaFX-Launcher] roha.srvcls.service.PasswordEncoder     - New instance created
2025-07-28 15:14:00,478 DEBUG [JavaFX-Launcher] roha.srvcls.service.PasswordEncoder     - getInstance() - end
2025-07-28 15:14:00,598 DEBUG [JavaFX-Launcher] roha.srvcls.service.PasswordEncoder     - getInstance() - start
2025-07-28 15:14:00,598 INFO  [JavaFX-Launcher] roha.srvcls.service.PasswordEncoder     - New instance created
2025-07-28 15:14:00,599 DEBUG [JavaFX-Launcher] roha.srvcls.service.PasswordEncoder     - getInstance() - end
2025-07-28 15:14:04,550 DEBUG [JavaFX Application Thread] roha.srvcls.service.PasswordEncoder     - getInstance() - start
2025-07-28 15:14:04,550 INFO  [JavaFX Application Thread] roha.srvcls.service.PasswordEncoder     - New instance created
2025-07-28 15:14:04,550 DEBUG [JavaFX Application Thread] roha.srvcls.service.PasswordEncoder     - getInstance() - end
2025-07-28 15:17:12,624 DEBUG [JavaFX-Launcher] roha.srvcls.service.PasswordEncoder     - getInstance() - start
2025-07-28 15:17:12,626 INFO  [JavaFX-Launcher] roha.srvcls.service.PasswordEncoder     - New instance created
2025-07-28 15:17:12,627 DEBUG [JavaFX-Launcher] roha.srvcls.service.PasswordEncoder     - getInstance() - end
2025-07-28 15:17:12,716 DEBUG [JavaFX-Launcher] roha.srvcls.service.PasswordEncoder     - getInstance() - start
2025-07-28 15:17:12,716 INFO  [JavaFX-Launcher] roha.srvcls.service.PasswordEncoder     - New instance created
2025-07-28 15:17:12,717 DEBUG [JavaFX-Launcher] roha.srvcls.service.PasswordEncoder     - getInstance() - end
2025-07-28 15:17:13,616 DEBUG [JavaFX Application Thread] roha.srvcls.service.PasswordEncoder     - getInstance() - start
2025-07-28 15:17:13,616 INFO  [JavaFX Application Thread] roha.srvcls.service.PasswordEncoder     - New instance created
2025-07-28 15:17:13,616 DEBUG [JavaFX Application Thread] roha.srvcls.service.PasswordEncoder     - getInstance() - end
2025-07-28 15:17:16,515 DEBUG [JavaFX Application Thread] roha.srvcls.service.PasswordEncoder     - getInstance() - start
2025-07-28 15:17:16,515 INFO  [JavaFX Application Thread] roha.srvcls.service.PasswordEncoder     - New instance created
2025-07-28 15:17:16,515 DEBUG [JavaFX Application Thread] roha.srvcls.service.PasswordEncoder     - getInstance() - end
2025-07-29 15:24:28,151 DEBUG [JavaFX-Launcher] roha.srvcls.service.PasswordEncoder     - getInstance() - start
2025-07-29 15:24:28,154 INFO  [JavaFX-Launcher] roha.srvcls.service.PasswordEncoder     - New instance created
2025-07-29 15:24:28,154 DEBUG [JavaFX-Launcher] roha.srvcls.service.PasswordEncoder     - getInstance() - end
2025-07-29 15:24:28,263 DEBUG [JavaFX-Launcher] roha.srvcls.service.PasswordEncoder     - getInstance() - start
2025-07-29 15:24:28,264 INFO  [JavaFX-Launcher] roha.srvcls.service.PasswordEncoder     - New instance created
2025-07-29 15:24:28,264 DEBUG [JavaFX-Launcher] roha.srvcls.service.PasswordEncoder     - getInstance() - end
2025-07-29 15:24:29,166 DEBUG [JavaFX Application Thread] roha.srvcls.service.PasswordEncoder     - getInstance() - start
2025-07-29 15:24:29,166 INFO  [JavaFX Application Thread] roha.srvcls.service.PasswordEncoder     - New instance created
2025-07-29 15:24:29,166 DEBUG [JavaFX Application Thread] roha.srvcls.service.PasswordEncoder     - getInstance() - end
2025-08-07 10:04:23,189 DEBUG [JavaFX-Launcher] roha.srvcls.service.PasswordEncoder     - getInstance() - start
2025-08-07 10:04:23,194 INFO  [JavaFX-Launcher] roha.srvcls.service.PasswordEncoder     - New instance created
2025-08-07 10:04:23,194 DEBUG [JavaFX-Launcher] roha.srvcls.service.PasswordEncoder     - getInstance() - end
2025-08-07 10:04:28,315 DEBUG [JavaFX-Launcher] roha.srvcls.service.PasswordEncoder     - getInstance() - start
2025-08-07 10:04:28,315 INFO  [JavaFX-Launcher] roha.srvcls.service.PasswordEncoder     - New instance created
2025-08-07 10:04:28,316 DEBUG [JavaFX-Launcher] roha.srvcls.service.PasswordEncoder     - getInstance() - end
2025-08-07 10:04:29,238 DEBUG [JavaFX Application Thread] roha.srvcls.service.PasswordEncoder     - getInstance() - start
2025-08-07 10:04:29,238 INFO  [JavaFX Application Thread] roha.srvcls.service.PasswordEncoder     - New instance created
2025-08-07 10:04:29,238 DEBUG [JavaFX Application Thread] roha.srvcls.service.PasswordEncoder     - getInstance() - end
2025-08-07 10:06:13,923 DEBUG [JavaFX-Launcher] roha.srvcls.service.PasswordEncoder     - getInstance() - start
2025-08-07 10:06:13,927 INFO  [JavaFX-Launcher] roha.srvcls.service.PasswordEncoder     - New instance created
2025-08-07 10:06:13,928 DEBUG [JavaFX-Launcher] roha.srvcls.service.PasswordEncoder     - getInstance() - end
2025-08-07 10:06:14,002 DEBUG [JavaFX-Launcher] roha.srvcls.service.PasswordEncoder     - getInstance() - start
2025-08-07 10:06:14,003 INFO  [JavaFX-Launcher] roha.srvcls.service.PasswordEncoder     - New instance created
2025-08-07 10:06:14,003 DEBUG [JavaFX-Launcher] roha.srvcls.service.PasswordEncoder     - getInstance() - end
2025-08-07 10:06:14,859 DEBUG [JavaFX Application Thread] roha.srvcls.service.PasswordEncoder     - getInstance() - start
2025-08-07 10:06:14,860 INFO  [JavaFX Application Thread] roha.srvcls.service.PasswordEncoder     - New instance created
2025-08-07 10:06:14,860 DEBUG [JavaFX Application Thread] roha.srvcls.service.PasswordEncoder     - getInstance() - end
2025-08-07 10:07:03,759 DEBUG [JavaFX-Launcher] roha.srvcls.service.PasswordEncoder     - getInstance() - start
2025-08-07 10:07:03,763 INFO  [JavaFX-Launcher] roha.srvcls.service.PasswordEncoder     - New instance created
2025-08-07 10:07:03,763 DEBUG [JavaFX-Launcher] roha.srvcls.service.PasswordEncoder     - getInstance() - end
2025-08-07 10:07:03,880 DEBUG [JavaFX-Launcher] roha.srvcls.service.PasswordEncoder     - getInstance() - start
2025-08-07 10:07:03,880 INFO  [JavaFX-Launcher] roha.srvcls.service.PasswordEncoder     - New instance created
2025-08-07 10:07:03,881 DEBUG [JavaFX-Launcher] roha.srvcls.service.PasswordEncoder     - getInstance() - end
2025-08-07 10:07:15,222 DEBUG [JavaFX Application Thread] roha.srvcls.service.PasswordEncoder     - getInstance() - start
2025-08-07 10:07:15,222 INFO  [JavaFX Application Thread] roha.srvcls.service.PasswordEncoder     - New instance created
2025-08-07 10:07:15,222 DEBUG [JavaFX Application Thread] roha.srvcls.service.PasswordEncoder     - getInstance() - end
2025-08-07 10:08:02,366 DEBUG [JavaFX-Launcher] roha.srvcls.service.PasswordEncoder     - getInstance() - start
2025-08-07 10:08:02,370 INFO  [JavaFX-Launcher] roha.srvcls.service.PasswordEncoder     - New instance created
2025-08-07 10:08:02,370 DEBUG [JavaFX-Launcher] roha.srvcls.service.PasswordEncoder     - getInstance() - end
2025-08-07 10:08:11,724 DEBUG [JavaFX-Launcher] roha.srvcls.service.PasswordEncoder     - getInstance() - start
2025-08-07 10:08:11,724 INFO  [JavaFX-Launcher] roha.srvcls.service.PasswordEncoder     - New instance created
2025-08-07 10:08:11,724 DEBUG [JavaFX-Launcher] roha.srvcls.service.PasswordEncoder     - getInstance() - end
2025-08-07 10:08:12,903 DEBUG [JavaFX Application Thread] roha.srvcls.service.PasswordEncoder     - getInstance() - start
2025-08-07 10:08:12,903 INFO  [JavaFX Application Thread] roha.srvcls.service.PasswordEncoder     - New instance created
2025-08-07 10:08:12,903 DEBUG [JavaFX Application Thread] roha.srvcls.service.PasswordEncoder     - getInstance() - end
2025-08-07 10:11:22,175 DEBUG [JavaFX-Launcher] roha.srvcls.service.PasswordEncoder     - getInstance() - start
2025-08-07 10:11:22,178 INFO  [JavaFX-Launcher] roha.srvcls.service.PasswordEncoder     - New instance created
2025-08-07 10:11:22,179 DEBUG [JavaFX-Launcher] roha.srvcls.service.PasswordEncoder     - getInstance() - end
2025-08-07 10:11:25,462 DEBUG [JavaFX-Launcher] roha.srvcls.service.PasswordEncoder     - getInstance() - start
2025-08-07 10:11:25,462 INFO  [JavaFX-Launcher] roha.srvcls.service.PasswordEncoder     - New instance created
2025-08-07 10:11:25,462 DEBUG [JavaFX-Launcher] roha.srvcls.service.PasswordEncoder     - getInstance() - end
2025-08-07 10:11:26,637 DEBUG [JavaFX Application Thread] roha.srvcls.service.PasswordEncoder     - getInstance() - start
2025-08-07 10:11:26,637 INFO  [JavaFX Application Thread] roha.srvcls.service.PasswordEncoder     - New instance created
2025-08-07 10:11:26,637 DEBUG [JavaFX Application Thread] roha.srvcls.service.PasswordEncoder     - getInstance() - end
2025-08-07 10:13:50,098 DEBUG [JavaFX-Launcher] roha.srvcls.service.PasswordEncoder     - getInstance() - start
2025-08-07 10:13:50,102 INFO  [JavaFX-Launcher] roha.srvcls.service.PasswordEncoder     - New instance created
2025-08-07 10:13:50,102 DEBUG [JavaFX-Launcher] roha.srvcls.service.PasswordEncoder     - getInstance() - end
2025-08-07 10:13:52,541 DEBUG [JavaFX-Launcher] roha.srvcls.service.PasswordEncoder     - getInstance() - start
2025-08-07 10:13:52,542 INFO  [JavaFX-Launcher] roha.srvcls.service.PasswordEncoder     - New instance created
2025-08-07 10:13:52,542 DEBUG [JavaFX-Launcher] roha.srvcls.service.PasswordEncoder     - getInstance() - end
2025-08-07 10:14:10,858 DEBUG [JavaFX Application Thread] roha.srvcls.service.PasswordEncoder     - getInstance() - start
2025-08-07 10:14:10,858 INFO  [JavaFX Application Thread] roha.srvcls.service.PasswordEncoder     - New instance created
2025-08-07 10:14:10,858 DEBUG [JavaFX Application Thread] roha.srvcls.service.PasswordEncoder     - getInstance() - end
2025-08-07 10:15:37,598 DEBUG [JavaFX-Launcher] roha.srvcls.service.PasswordEncoder     - getInstance() - start
2025-08-07 10:15:37,601 INFO  [JavaFX-Launcher] roha.srvcls.service.PasswordEncoder     - New instance created
2025-08-07 10:15:37,601 DEBUG [JavaFX-Launcher] roha.srvcls.service.PasswordEncoder     - getInstance() - end
2025-08-07 10:15:39,757 DEBUG [JavaFX-Launcher] roha.srvcls.service.PasswordEncoder     - getInstance() - start
2025-08-07 10:15:39,758 INFO  [JavaFX-Launcher] roha.srvcls.service.PasswordEncoder     - New instance created
2025-08-07 10:15:39,758 DEBUG [JavaFX-Launcher] roha.srvcls.service.PasswordEncoder     - getInstance() - end
2025-08-07 10:15:42,814 DEBUG [JavaFX Application Thread] roha.srvcls.service.PasswordEncoder     - getInstance() - start
2025-08-07 10:15:42,814 INFO  [JavaFX Application Thread] roha.srvcls.service.PasswordEncoder     - New instance created
2025-08-07 10:15:42,814 DEBUG [JavaFX Application Thread] roha.srvcls.service.PasswordEncoder     - getInstance() - end
2025-08-07 10:19:03,160 DEBUG [JavaFX-Launcher] roha.srvcls.service.PasswordEncoder     - getInstance() - start
2025-08-07 10:19:03,163 INFO  [JavaFX-Launcher] roha.srvcls.service.PasswordEncoder     - New instance created
2025-08-07 10:19:03,163 DEBUG [JavaFX-Launcher] roha.srvcls.service.PasswordEncoder     - getInstance() - end
2025-08-07 10:19:19,416 DEBUG [JavaFX-Launcher] roha.srvcls.service.PasswordEncoder     - getInstance() - start
2025-08-07 10:19:19,419 INFO  [JavaFX-Launcher] roha.srvcls.service.PasswordEncoder     - New instance created
2025-08-07 10:19:19,420 DEBUG [JavaFX-Launcher] roha.srvcls.service.PasswordEncoder     - getInstance() - end
2025-08-07 10:19:21,447 DEBUG [JavaFX-Launcher] roha.srvcls.service.PasswordEncoder     - getInstance() - start
2025-08-07 10:19:21,447 INFO  [JavaFX-Launcher] roha.srvcls.service.PasswordEncoder     - New instance created
2025-08-07 10:19:21,448 DEBUG [JavaFX-Launcher] roha.srvcls.service.PasswordEncoder     - getInstance() - end
2025-08-07 10:19:24,721 DEBUG [JavaFX Application Thread] roha.srvcls.service.PasswordEncoder     - getInstance() - start
2025-08-07 10:19:24,722 INFO  [JavaFX Application Thread] roha.srvcls.service.PasswordEncoder     - New instance created
2025-08-07 10:19:24,722 DEBUG [JavaFX Application Thread] roha.srvcls.service.PasswordEncoder     - getInstance() - end
2025-08-07 10:20:29,589 DEBUG [JavaFX-Launcher] roha.srvcls.service.PasswordEncoder     - getInstance() - start
2025-08-07 10:20:29,593 INFO  [JavaFX-Launcher] roha.srvcls.service.PasswordEncoder     - New instance created
2025-08-07 10:20:29,594 DEBUG [JavaFX-Launcher] roha.srvcls.service.PasswordEncoder     - getInstance() - end
2025-08-07 10:20:29,675 DEBUG [JavaFX-Launcher] roha.srvcls.service.PasswordEncoder     - getInstance() - start
2025-08-07 10:20:29,675 INFO  [JavaFX-Launcher] roha.srvcls.service.PasswordEncoder     - New instance created
2025-08-07 10:20:29,675 DEBUG [JavaFX-Launcher] roha.srvcls.service.PasswordEncoder     - getInstance() - end
2025-08-07 10:20:30,553 DEBUG [JavaFX Application Thread] roha.srvcls.service.PasswordEncoder     - getInstance() - start
2025-08-07 10:20:30,554 INFO  [JavaFX Application Thread] roha.srvcls.service.PasswordEncoder     - New instance created
2025-08-07 10:20:30,554 DEBUG [JavaFX Application Thread] roha.srvcls.service.PasswordEncoder     - getInstance() - end
2025-08-07 10:21:20,509 DEBUG [JavaFX-Launcher] roha.srvcls.service.PasswordEncoder     - getInstance() - start
2025-08-07 10:21:20,512 INFO  [JavaFX-Launcher] roha.srvcls.service.PasswordEncoder     - New instance created
2025-08-07 10:21:20,513 DEBUG [JavaFX-Launcher] roha.srvcls.service.PasswordEncoder     - getInstance() - end
2025-08-07 10:21:20,593 DEBUG [JavaFX-Launcher] roha.srvcls.service.PasswordEncoder     - getInstance() - start
2025-08-07 10:21:20,593 INFO  [JavaFX-Launcher] roha.srvcls.service.PasswordEncoder     - New instance created
2025-08-07 10:21:20,594 DEBUG [JavaFX-Launcher] roha.srvcls.service.PasswordEncoder     - getInstance() - end
2025-08-07 10:21:21,472 DEBUG [JavaFX Application Thread] roha.srvcls.service.PasswordEncoder     - getInstance() - start
2025-08-07 10:21:21,472 INFO  [JavaFX Application Thread] roha.srvcls.service.PasswordEncoder     - New instance created
2025-08-07 10:21:21,472 DEBUG [JavaFX Application Thread] roha.srvcls.service.PasswordEncoder     - getInstance() - end
2025-08-07 10:23:08,996 DEBUG [JavaFX-Launcher] roha.srvcls.service.PasswordEncoder     - getInstance() - start
2025-08-07 10:23:08,999 INFO  [JavaFX-Launcher] roha.srvcls.service.PasswordEncoder     - New instance created
2025-08-07 10:23:08,999 DEBUG [JavaFX-Launcher] roha.srvcls.service.PasswordEncoder     - getInstance() - end
2025-08-07 10:23:09,076 DEBUG [JavaFX-Launcher] roha.srvcls.service.PasswordEncoder     - getInstance() - start
2025-08-07 10:23:09,076 INFO  [JavaFX-Launcher] roha.srvcls.service.PasswordEncoder     - New instance created
2025-08-07 10:23:09,077 DEBUG [JavaFX-Launcher] roha.srvcls.service.PasswordEncoder     - getInstance() - end
2025-08-07 10:23:09,940 DEBUG [JavaFX Application Thread] roha.srvcls.service.PasswordEncoder     - getInstance() - start
2025-08-07 10:23:09,941 INFO  [JavaFX Application Thread] roha.srvcls.service.PasswordEncoder     - New instance created
2025-08-07 10:23:09,941 DEBUG [JavaFX Application Thread] roha.srvcls.service.PasswordEncoder     - getInstance() - end
2025-08-07 10:24:28,074 DEBUG [JavaFX-Launcher] roha.srvcls.service.PasswordEncoder     - getInstance() - start
2025-08-07 10:24:28,076 INFO  [JavaFX-Launcher] roha.srvcls.service.PasswordEncoder     - New instance created
2025-08-07 10:24:28,077 DEBUG [JavaFX-Launcher] roha.srvcls.service.PasswordEncoder     - getInstance() - end
2025-08-07 10:24:30,660 DEBUG [JavaFX-Launcher] roha.srvcls.service.PasswordEncoder     - getInstance() - start
2025-08-07 10:24:30,660 INFO  [JavaFX-Launcher] roha.srvcls.service.PasswordEncoder     - New instance created
2025-08-07 10:24:30,661 DEBUG [JavaFX-Launcher] roha.srvcls.service.PasswordEncoder     - getInstance() - end
2025-08-07 10:24:33,982 DEBUG [JavaFX Application Thread] roha.srvcls.service.PasswordEncoder     - getInstance() - start
2025-08-07 10:24:33,983 INFO  [JavaFX Application Thread] roha.srvcls.service.PasswordEncoder     - New instance created
2025-08-07 10:24:33,983 DEBUG [JavaFX Application Thread] roha.srvcls.service.PasswordEncoder     - getInstance() - end
2025-08-07 10:34:27,595 DEBUG [JavaFX-Launcher] roha.srvcls.service.PasswordEncoder     - getInstance() - start
2025-08-07 10:34:27,597 INFO  [JavaFX-Launcher] roha.srvcls.service.PasswordEncoder     - New instance created
2025-08-07 10:34:27,598 DEBUG [JavaFX-Launcher] roha.srvcls.service.PasswordEncoder     - getInstance() - end
2025-08-07 10:34:27,672 DEBUG [JavaFX-Launcher] roha.srvcls.service.PasswordEncoder     - getInstance() - start
2025-08-07 10:34:27,672 INFO  [JavaFX-Launcher] roha.srvcls.service.PasswordEncoder     - New instance created
2025-08-07 10:34:27,672 DEBUG [JavaFX-Launcher] roha.srvcls.service.PasswordEncoder     - getInstance() - end
2025-08-07 10:34:28,538 DEBUG [JavaFX Application Thread] roha.srvcls.service.PasswordEncoder     - getInstance() - start
2025-08-07 10:34:28,538 INFO  [JavaFX Application Thread] roha.srvcls.service.PasswordEncoder     - New instance created
2025-08-07 10:34:28,538 DEBUG [JavaFX Application Thread] roha.srvcls.service.PasswordEncoder     - getInstance() - end
2025-08-07 10:34:47,111 DEBUG [JavaFX-Launcher] roha.srvcls.service.PasswordEncoder     - getInstance() - start
2025-08-07 10:34:47,114 INFO  [JavaFX-Launcher] roha.srvcls.service.PasswordEncoder     - New instance created
2025-08-07 10:34:47,114 DEBUG [JavaFX-Launcher] roha.srvcls.service.PasswordEncoder     - getInstance() - end
2025-08-07 10:34:47,194 DEBUG [JavaFX-Launcher] roha.srvcls.service.PasswordEncoder     - getInstance() - start
2025-08-07 10:34:47,195 INFO  [JavaFX-Launcher] roha.srvcls.service.PasswordEncoder     - New instance created
2025-08-07 10:34:47,195 DEBUG [JavaFX-Launcher] roha.srvcls.service.PasswordEncoder     - getInstance() - end
2025-08-07 10:34:48,068 DEBUG [JavaFX Application Thread] roha.srvcls.service.PasswordEncoder     - getInstance() - start
2025-08-07 10:34:48,068 INFO  [JavaFX Application Thread] roha.srvcls.service.PasswordEncoder     - New instance created
2025-08-07 10:34:48,068 DEBUG [JavaFX Application Thread] roha.srvcls.service.PasswordEncoder     - getInstance() - end
2025-08-07 10:35:29,197 DEBUG [JavaFX-Launcher] roha.srvcls.service.PasswordEncoder     - getInstance() - start
2025-08-07 10:35:29,201 INFO  [JavaFX-Launcher] roha.srvcls.service.PasswordEncoder     - New instance created
2025-08-07 10:35:29,201 DEBUG [JavaFX-Launcher] roha.srvcls.service.PasswordEncoder     - getInstance() - end
2025-08-07 10:35:29,276 DEBUG [JavaFX-Launcher] roha.srvcls.service.PasswordEncoder     - getInstance() - start
2025-08-07 10:35:29,277 INFO  [JavaFX-Launcher] roha.srvcls.service.PasswordEncoder     - New instance created
2025-08-07 10:35:29,277 DEBUG [JavaFX-Launcher] roha.srvcls.service.PasswordEncoder     - getInstance() - end
2025-08-07 10:35:30,147 DEBUG [JavaFX Application Thread] roha.srvcls.service.PasswordEncoder     - getInstance() - start
2025-08-07 10:35:30,147 INFO  [JavaFX Application Thread] roha.srvcls.service.PasswordEncoder     - New instance created
2025-08-07 10:35:30,147 DEBUG [JavaFX Application Thread] roha.srvcls.service.PasswordEncoder     - getInstance() - end
2025-08-07 10:35:34,839 DEBUG [JavaFX Application Thread] roha.srvcls.service.PasswordEncoder     - getInstance() - start
2025-08-07 10:35:34,839 INFO  [JavaFX Application Thread] roha.srvcls.service.PasswordEncoder     - New instance created
2025-08-07 10:35:34,840 DEBUG [JavaFX Application Thread] roha.srvcls.service.PasswordEncoder     - getInstance() - end
2025-08-07 10:53:07,291 DEBUG [JavaFX-Launcher] roha.srvcls.service.PasswordEncoder     - getInstance() - start
2025-08-07 10:53:07,294 INFO  [JavaFX-Launcher] roha.srvcls.service.PasswordEncoder     - New instance created
2025-08-07 10:53:07,294 DEBUG [JavaFX-Launcher] roha.srvcls.service.PasswordEncoder     - getInstance() - end
2025-08-07 10:53:07,381 DEBUG [JavaFX-Launcher] roha.srvcls.service.PasswordEncoder     - getInstance() - start
2025-08-07 10:53:07,381 INFO  [JavaFX-Launcher] roha.srvcls.service.PasswordEncoder     - New instance created
2025-08-07 10:53:07,381 DEBUG [JavaFX-Launcher] roha.srvcls.service.PasswordEncoder     - getInstance() - end
2025-08-07 10:53:08,252 DEBUG [JavaFX Application Thread] roha.srvcls.service.PasswordEncoder     - getInstance() - start
2025-08-07 10:53:08,253 INFO  [JavaFX Application Thread] roha.srvcls.service.PasswordEncoder     - New instance created
2025-08-07 10:53:08,253 DEBUG [JavaFX Application Thread] roha.srvcls.service.PasswordEncoder     - getInstance() - end
2025-08-07 10:57:54,221 DEBUG [JavaFX-Launcher] roha.srvcls.service.PasswordEncoder     - getInstance() - start
2025-08-07 10:57:54,225 INFO  [JavaFX-Launcher] roha.srvcls.service.PasswordEncoder     - New instance created
2025-08-07 10:57:54,226 DEBUG [JavaFX-Launcher] roha.srvcls.service.PasswordEncoder     - getInstance() - end
2025-08-07 10:57:54,322 DEBUG [JavaFX-Launcher] roha.srvcls.service.PasswordEncoder     - getInstance() - start
2025-08-07 10:57:54,322 INFO  [JavaFX-Launcher] roha.srvcls.service.PasswordEncoder     - New instance created
2025-08-07 10:57:54,323 DEBUG [JavaFX-Launcher] roha.srvcls.service.PasswordEncoder     - getInstance() - end
2025-08-07 10:57:55,215 DEBUG [JavaFX Application Thread] roha.srvcls.service.PasswordEncoder     - getInstance() - start
2025-08-07 10:57:55,215 INFO  [JavaFX Application Thread] roha.srvcls.service.PasswordEncoder     - New instance created
2025-08-07 10:57:55,215 DEBUG [JavaFX Application Thread] roha.srvcls.service.PasswordEncoder     - getInstance() - end
2025-08-07 11:00:54,430 DEBUG [JavaFX-Launcher] roha.srvcls.service.PasswordEncoder     - getInstance() - start
2025-08-07 11:00:54,433 INFO  [JavaFX-Launcher] roha.srvcls.service.PasswordEncoder     - New instance created
2025-08-07 11:00:54,433 DEBUG [JavaFX-Launcher] roha.srvcls.service.PasswordEncoder     - getInstance() - end
2025-08-07 11:00:58,938 DEBUG [JavaFX-Launcher] roha.srvcls.service.PasswordEncoder     - getInstance() - start
2025-08-07 11:00:58,939 INFO  [JavaFX-Launcher] roha.srvcls.service.PasswordEncoder     - New instance created
2025-08-07 11:00:58,939 DEBUG [JavaFX-Launcher] roha.srvcls.service.PasswordEncoder     - getInstance() - end
2025-08-07 11:01:08,496 DEBUG [JavaFX Application Thread] roha.srvcls.service.PasswordEncoder     - getInstance() - start
2025-08-07 11:01:08,497 INFO  [JavaFX Application Thread] roha.srvcls.service.PasswordEncoder     - New instance created
2025-08-07 11:01:08,497 DEBUG [JavaFX Application Thread] roha.srvcls.service.PasswordEncoder     - getInstance() - end
2025-08-07 13:30:18,746 DEBUG [JavaFX-Launcher] roha.srvcls.service.PasswordEncoder     - getInstance() - start
2025-08-07 13:30:18,749 INFO  [JavaFX-Launcher] roha.srvcls.service.PasswordEncoder     - New instance created
2025-08-07 13:30:18,749 DEBUG [JavaFX-Launcher] roha.srvcls.service.PasswordEncoder     - getInstance() - end
2025-08-07 13:30:18,837 DEBUG [JavaFX-Launcher] roha.srvcls.service.PasswordEncoder     - getInstance() - start
2025-08-07 13:30:18,837 INFO  [JavaFX-Launcher] roha.srvcls.service.PasswordEncoder     - New instance created
2025-08-07 13:30:18,838 DEBUG [JavaFX-Launcher] roha.srvcls.service.PasswordEncoder     - getInstance() - end
2025-08-07 13:30:19,717 DEBUG [JavaFX Application Thread] roha.srvcls.service.PasswordEncoder     - getInstance() - start
2025-08-07 13:30:19,717 INFO  [JavaFX Application Thread] roha.srvcls.service.PasswordEncoder     - New instance created
2025-08-07 13:30:19,717 DEBUG [JavaFX Application Thread] roha.srvcls.service.PasswordEncoder     - getInstance() - end
2025-08-07 13:31:12,175 DEBUG [JavaFX Application Thread] roha.srvcls.service.PasswordEncoder     - getInstance() - start
2025-08-07 13:31:12,176 INFO  [JavaFX Application Thread] roha.srvcls.service.PasswordEncoder     - New instance created
2025-08-07 13:31:12,176 DEBUG [JavaFX Application Thread] roha.srvcls.service.PasswordEncoder     - getInstance() - end
2025-08-07 13:32:33,381 DEBUG [JavaFX-Launcher] roha.srvcls.service.PasswordEncoder     - getInstance() - start
2025-08-07 13:32:33,383 INFO  [JavaFX-Launcher] roha.srvcls.service.PasswordEncoder     - New instance created
2025-08-07 13:32:33,383 DEBUG [JavaFX-Launcher] roha.srvcls.service.PasswordEncoder     - getInstance() - end
2025-08-07 13:32:33,471 DEBUG [JavaFX-Launcher] roha.srvcls.service.PasswordEncoder     - getInstance() - start
2025-08-07 13:32:33,471 INFO  [JavaFX-Launcher] roha.srvcls.service.PasswordEncoder     - New instance created
2025-08-07 13:32:33,472 DEBUG [JavaFX-Launcher] roha.srvcls.service.PasswordEncoder     - getInstance() - end
2025-08-07 13:32:34,357 DEBUG [JavaFX Application Thread] roha.srvcls.service.PasswordEncoder     - getInstance() - start
2025-08-07 13:32:34,358 INFO  [JavaFX Application Thread] roha.srvcls.service.PasswordEncoder     - New instance created
2025-08-07 13:32:34,358 DEBUG [JavaFX Application Thread] roha.srvcls.service.PasswordEncoder     - getInstance() - end
2025-08-07 13:32:45,274 DEBUG [JavaFX Application Thread] roha.srvcls.service.PasswordEncoder     - getInstance() - start
2025-08-07 13:32:45,274 INFO  [JavaFX Application Thread] roha.srvcls.service.PasswordEncoder     - New instance created
2025-08-07 13:32:45,274 DEBUG [JavaFX Application Thread] roha.srvcls.service.PasswordEncoder     - getInstance() - end
2025-08-07 13:34:10,466 DEBUG [JavaFX Application Thread] roha.srvcls.service.PasswordEncoder     - getInstance() - start
2025-08-07 13:34:10,467 INFO  [JavaFX Application Thread] roha.srvcls.service.PasswordEncoder     - New instance created
2025-08-07 13:34:10,467 DEBUG [JavaFX Application Thread] roha.srvcls.service.PasswordEncoder     - getInstance() - end
2025-08-07 13:43:23,124 DEBUG [JavaFX-Launcher] roha.srvcls.service.PasswordEncoder     - getInstance() - start
2025-08-07 13:43:23,127 INFO  [JavaFX-Launcher] roha.srvcls.service.PasswordEncoder     - New instance created
2025-08-07 13:43:23,128 DEBUG [JavaFX-Launcher] roha.srvcls.service.PasswordEncoder     - getInstance() - end
2025-08-07 13:43:23,235 DEBUG [JavaFX-Launcher] roha.srvcls.service.PasswordEncoder     - getInstance() - start
2025-08-07 13:43:23,236 INFO  [JavaFX-Launcher] roha.srvcls.service.PasswordEncoder     - New instance created
2025-08-07 13:43:23,236 DEBUG [JavaFX-Launcher] roha.srvcls.service.PasswordEncoder     - getInstance() - end
2025-08-07 13:43:24,142 DEBUG [JavaFX Application Thread] roha.srvcls.service.PasswordEncoder     - getInstance() - start
2025-08-07 13:43:24,142 INFO  [JavaFX Application Thread] roha.srvcls.service.PasswordEncoder     - New instance created
2025-08-07 13:43:24,143 DEBUG [JavaFX Application Thread] roha.srvcls.service.PasswordEncoder     - getInstance() - end
2025-08-07 13:43:30,260 DEBUG [JavaFX Application Thread] roha.srvcls.service.PasswordEncoder     - getInstance() - start
2025-08-07 13:43:30,261 INFO  [JavaFX Application Thread] roha.srvcls.service.PasswordEncoder     - New instance created
2025-08-07 13:43:30,261 DEBUG [JavaFX Application Thread] roha.srvcls.service.PasswordEncoder     - getInstance() - end
2025-08-07 13:44:02,338 DEBUG [JavaFX Application Thread] roha.srvcls.service.PasswordEncoder     - getInstance() - start
2025-08-07 13:44:02,339 INFO  [JavaFX Application Thread] roha.srvcls.service.PasswordEncoder     - New instance created
2025-08-07 13:44:02,339 DEBUG [JavaFX Application Thread] roha.srvcls.service.PasswordEncoder     - getInstance() - end
2025-08-07 13:44:39,359 DEBUG [JavaFX Application Thread] roha.srvcls.service.PasswordEncoder     - getInstance() - start
2025-08-07 13:44:39,359 INFO  [JavaFX Application Thread] roha.srvcls.service.PasswordEncoder     - New instance created
2025-08-07 13:44:39,360 DEBUG [JavaFX Application Thread] roha.srvcls.service.PasswordEncoder     - getInstance() - end
2025-08-07 13:48:21,425 DEBUG [JavaFX-Launcher] roha.srvcls.service.PasswordEncoder     - getInstance() - start
2025-08-07 13:48:21,429 INFO  [JavaFX-Launcher] roha.srvcls.service.PasswordEncoder     - New instance created
2025-08-07 13:48:21,429 DEBUG [JavaFX-Launcher] roha.srvcls.service.PasswordEncoder     - getInstance() - end
2025-08-07 13:48:21,551 DEBUG [JavaFX-Launcher] roha.srvcls.service.PasswordEncoder     - getInstance() - start
2025-08-07 13:48:21,551 INFO  [JavaFX-Launcher] roha.srvcls.service.PasswordEncoder     - New instance created
2025-08-07 13:48:21,551 DEBUG [JavaFX-Launcher] roha.srvcls.service.PasswordEncoder     - getInstance() - end
2025-08-07 13:48:25,899 DEBUG [JavaFX Application Thread] roha.srvcls.service.PasswordEncoder     - getInstance() - start
2025-08-07 13:48:25,899 INFO  [JavaFX Application Thread] roha.srvcls.service.PasswordEncoder     - New instance created
2025-08-07 13:48:25,899 DEBUG [JavaFX Application Thread] roha.srvcls.service.PasswordEncoder     - getInstance() - end
2025-08-07 13:48:48,568 DEBUG [JavaFX Application Thread] roha.srvcls.service.PasswordEncoder     - getInstance() - start
2025-08-07 13:48:48,568 INFO  [JavaFX Application Thread] roha.srvcls.service.PasswordEncoder     - New instance created
2025-08-07 13:48:48,568 DEBUG [JavaFX Application Thread] roha.srvcls.service.PasswordEncoder     - getInstance() - end
2025-08-07 14:19:04,216 DEBUG [JavaFX-Launcher] roha.srvcls.service.PasswordEncoder     - getInstance() - start
2025-08-07 14:19:04,219 INFO  [JavaFX-Launcher] roha.srvcls.service.PasswordEncoder     - New instance created
2025-08-07 14:19:04,219 DEBUG [JavaFX-Launcher] roha.srvcls.service.PasswordEncoder     - getInstance() - end
2025-08-07 14:19:04,308 DEBUG [JavaFX-Launcher] roha.srvcls.service.PasswordEncoder     - getInstance() - start
2025-08-07 14:19:04,308 INFO  [JavaFX-Launcher] roha.srvcls.service.PasswordEncoder     - New instance created
2025-08-07 14:19:04,309 DEBUG [JavaFX-Launcher] roha.srvcls.service.PasswordEncoder     - getInstance() - end
2025-08-07 14:19:05,182 DEBUG [JavaFX Application Thread] roha.srvcls.service.PasswordEncoder     - getInstance() - start
2025-08-07 14:19:05,182 INFO  [JavaFX Application Thread] roha.srvcls.service.PasswordEncoder     - New instance created
2025-08-07 14:19:05,182 DEBUG [JavaFX Application Thread] roha.srvcls.service.PasswordEncoder     - getInstance() - end
2025-08-07 14:19:10,368 DEBUG [JavaFX Application Thread] roha.srvcls.service.PasswordEncoder     - getInstance() - start
2025-08-07 14:19:10,368 INFO  [JavaFX Application Thread] roha.srvcls.service.PasswordEncoder     - New instance created
2025-08-07 14:19:10,368 DEBUG [JavaFX Application Thread] roha.srvcls.service.PasswordEncoder     - getInstance() - end
2025-08-07 14:19:16,667 DEBUG [JavaFX Application Thread] roha.srvcls.service.PasswordEncoder     - getInstance() - start
2025-08-07 14:19:16,667 INFO  [JavaFX Application Thread] roha.srvcls.service.PasswordEncoder     - New instance created
2025-08-07 14:19:16,667 DEBUG [JavaFX Application Thread] roha.srvcls.service.PasswordEncoder     - getInstance() - end
2025-08-07 14:19:53,067 DEBUG [JavaFX Application Thread] roha.srvcls.service.PasswordEncoder     - getInstance() - start
2025-08-07 14:19:53,067 INFO  [JavaFX Application Thread] roha.srvcls.service.PasswordEncoder     - New instance created
2025-08-07 14:19:53,067 DEBUG [JavaFX Application Thread] roha.srvcls.service.PasswordEncoder     - getInstance() - end
2025-08-07 14:20:02,157 DEBUG [JavaFX Application Thread] roha.srvcls.service.PasswordEncoder     - getInstance() - start
2025-08-07 14:20:02,157 INFO  [JavaFX Application Thread] roha.srvcls.service.PasswordEncoder     - New instance created
2025-08-07 14:20:02,157 DEBUG [JavaFX Application Thread] roha.srvcls.service.PasswordEncoder     - getInstance() - end
2025-08-07 15:56:41,550 DEBUG [JavaFX-Launcher] roha.srvcls.service.PasswordEncoder     - getInstance() - start
2025-08-07 15:56:41,553 INFO  [JavaFX-Launcher] roha.srvcls.service.PasswordEncoder     - New instance created
2025-08-07 15:56:41,553 DEBUG [JavaFX-Launcher] roha.srvcls.service.PasswordEncoder     - getInstance() - end
2025-08-07 15:56:41,638 DEBUG [JavaFX-Launcher] roha.srvcls.service.PasswordEncoder     - getInstance() - start
2025-08-07 15:56:41,639 INFO  [JavaFX-Launcher] roha.srvcls.service.PasswordEncoder     - New instance created
2025-08-07 15:56:41,639 DEBUG [JavaFX-Launcher] roha.srvcls.service.PasswordEncoder     - getInstance() - end
2025-08-07 15:56:42,542 DEBUG [JavaFX Application Thread] roha.srvcls.service.PasswordEncoder     - getInstance() - start
2025-08-07 15:56:42,542 INFO  [JavaFX Application Thread] roha.srvcls.service.PasswordEncoder     - New instance created
2025-08-07 15:56:42,542 DEBUG [JavaFX Application Thread] roha.srvcls.service.PasswordEncoder     - getInstance() - end
2025-08-07 15:56:45,726 DEBUG [JavaFX Application Thread] roha.srvcls.service.PasswordEncoder     - getInstance() - start
2025-08-07 15:56:45,727 INFO  [JavaFX Application Thread] roha.srvcls.service.PasswordEncoder     - New instance created
2025-08-07 15:56:45,727 DEBUG [JavaFX Application Thread] roha.srvcls.service.PasswordEncoder     - getInstance() - end
2025-08-13 15:49:54,962 DEBUG [JavaFX-Launcher] roha.srvcls.service.PasswordEncoder     - getInstance() - start
2025-08-13 15:49:54,965 INFO  [JavaFX-Launcher] roha.srvcls.service.PasswordEncoder     - New instance created
2025-08-13 15:49:54,965 DEBUG [JavaFX-Launcher] roha.srvcls.service.PasswordEncoder     - getInstance() - end
2025-08-13 15:49:55,065 DEBUG [JavaFX-Launcher] roha.srvcls.service.PasswordEncoder     - getInstance() - start
2025-08-13 15:49:55,066 INFO  [JavaFX-Launcher] roha.srvcls.service.PasswordEncoder     - New instance created
2025-08-13 15:49:55,066 DEBUG [JavaFX-Launcher] roha.srvcls.service.PasswordEncoder     - getInstance() - end
2025-08-13 15:51:38,723 DEBUG [JavaFX-Launcher] roha.srvcls.service.PasswordEncoder     - getInstance() - start
2025-08-13 15:51:38,726 INFO  [JavaFX-Launcher] roha.srvcls.service.PasswordEncoder     - New instance created
2025-08-13 15:51:38,726 DEBUG [JavaFX-Launcher] roha.srvcls.service.PasswordEncoder     - getInstance() - end
2025-08-13 15:51:38,807 DEBUG [JavaFX-Launcher] roha.srvcls.service.PasswordEncoder     - getInstance() - start
2025-08-13 15:51:38,807 INFO  [JavaFX-Launcher] roha.srvcls.service.PasswordEncoder     - New instance created
2025-08-13 15:51:38,807 DEBUG [JavaFX-Launcher] roha.srvcls.service.PasswordEncoder     - getInstance() - end
2025-08-13 15:51:39,831 DEBUG [JavaFX Application Thread] roha.srvcls.service.PasswordEncoder     - getInstance() - start
2025-08-13 15:51:39,831 INFO  [JavaFX Application Thread] roha.srvcls.service.PasswordEncoder     - New instance created
2025-08-13 15:51:39,831 DEBUG [JavaFX Application Thread] roha.srvcls.service.PasswordEncoder     - getInstance() - end
2025-08-13 15:58:57,948 DEBUG [JavaFX-Launcher] roha.srvcls.service.PasswordEncoder     - getInstance() - start
2025-08-13 15:58:57,951 INFO  [JavaFX-Launcher] roha.srvcls.service.PasswordEncoder     - New instance created
2025-08-13 15:58:57,952 DEBUG [JavaFX-Launcher] roha.srvcls.service.PasswordEncoder     - getInstance() - end
2025-08-13 15:58:58,029 DEBUG [JavaFX-Launcher] roha.srvcls.service.PasswordEncoder     - getInstance() - start
2025-08-13 15:58:58,030 INFO  [JavaFX-Launcher] roha.srvcls.service.PasswordEncoder     - New instance created
2025-08-13 15:58:58,030 DEBUG [JavaFX-Launcher] roha.srvcls.service.PasswordEncoder     - getInstance() - end
2025-08-13 15:58:58,916 DEBUG [JavaFX Application Thread] roha.srvcls.service.PasswordEncoder     - getInstance() - start
2025-08-13 15:58:58,917 INFO  [JavaFX Application Thread] roha.srvcls.service.PasswordEncoder     - New instance created
2025-08-13 15:58:58,917 DEBUG [JavaFX Application Thread] roha.srvcls.service.PasswordEncoder     - getInstance() - end
2025-08-14 15:23:45,075 DEBUG [JavaFX-Launcher] roha.srvcls.service.PasswordEncoder     - getInstance() - start
2025-08-14 15:23:45,078 INFO  [JavaFX-Launcher] roha.srvcls.service.PasswordEncoder     - New instance created
2025-08-14 15:23:45,079 DEBUG [JavaFX-Launcher] roha.srvcls.service.PasswordEncoder     - getInstance() - end
2025-08-14 15:23:45,183 DEBUG [JavaFX-Launcher] roha.srvcls.service.PasswordEncoder     - getInstance() - start
2025-08-14 15:23:45,183 INFO  [JavaFX-Launcher] roha.srvcls.service.PasswordEncoder     - New instance created
2025-08-14 15:23:45,183 DEBUG [JavaFX-Launcher] roha.srvcls.service.PasswordEncoder     - getInstance() - end
2025-08-14 15:23:46,098 DEBUG [JavaFX Application Thread] roha.srvcls.service.PasswordEncoder     - getInstance() - start
2025-08-14 15:23:46,098 INFO  [JavaFX Application Thread] roha.srvcls.service.PasswordEncoder     - New instance created
2025-08-14 15:23:46,098 DEBUG [JavaFX Application Thread] roha.srvcls.service.PasswordEncoder     - getInstance() - end
2025-08-26 14:31:07,968 DEBUG [JavaFX-Launcher] roha.srvcls.service.PasswordEncoder     - getInstance() - start
2025-08-26 14:31:07,971 INFO  [JavaFX-Launcher] roha.srvcls.service.PasswordEncoder     - New instance created
2025-08-26 14:31:07,971 DEBUG [JavaFX-Launcher] roha.srvcls.service.PasswordEncoder     - getInstance() - end
2025-08-26 14:31:08,118 DEBUG [JavaFX-Launcher] roha.srvcls.service.PasswordEncoder     - getInstance() - start
2025-08-26 14:31:08,119 INFO  [JavaFX-Launcher] roha.srvcls.service.PasswordEncoder     - New instance created
2025-08-26 14:31:08,119 DEBUG [JavaFX-Launcher] roha.srvcls.service.PasswordEncoder     - getInstance() - end
2025-08-26 14:31:09,362 DEBUG [JavaFX Application Thread] roha.srvcls.service.PasswordEncoder     - getInstance() - start
2025-08-26 14:31:09,363 INFO  [JavaFX Application Thread] roha.srvcls.service.PasswordEncoder     - New instance created
2025-08-26 14:31:09,363 DEBUG [JavaFX Application Thread] roha.srvcls.service.PasswordEncoder     - getInstance() - end
2025-08-26 14:33:34,989 DEBUG [JavaFX Application Thread] roha.srvcls.service.PasswordEncoder     - getInstance() - start
2025-08-26 14:33:34,989 INFO  [JavaFX Application Thread] roha.srvcls.service.PasswordEncoder     - New instance created
2025-08-26 14:33:34,989 DEBUG [JavaFX Application Thread] roha.srvcls.service.PasswordEncoder     - getInstance() - end
2025-08-26 14:34:46,288 DEBUG [JavaFX-Launcher] roha.srvcls.service.PasswordEncoder     - getInstance() - start
2025-08-26 14:34:46,292 INFO  [JavaFX-Launcher] roha.srvcls.service.PasswordEncoder     - New instance created
2025-08-26 14:34:46,293 DEBUG [JavaFX-Launcher] roha.srvcls.service.PasswordEncoder     - getInstance() - end
2025-08-26 14:34:46,428 DEBUG [JavaFX-Launcher] roha.srvcls.service.PasswordEncoder     - getInstance() - start
2025-08-26 14:34:46,428 INFO  [JavaFX-Launcher] roha.srvcls.service.PasswordEncoder     - New instance created
2025-08-26 14:34:46,429 DEBUG [JavaFX-Launcher] roha.srvcls.service.PasswordEncoder     - getInstance() - end
2025-08-26 14:34:47,784 DEBUG [JavaFX Application Thread] roha.srvcls.service.PasswordEncoder     - getInstance() - start
2025-08-26 14:34:47,784 INFO  [JavaFX Application Thread] roha.srvcls.service.PasswordEncoder     - New instance created
2025-08-26 14:34:47,784 DEBUG [JavaFX Application Thread] roha.srvcls.service.PasswordEncoder     - getInstance() - end
2025-08-26 14:34:58,968 DEBUG [JavaFX Application Thread] roha.srvcls.service.PasswordEncoder     - getInstance() - start
2025-08-26 14:34:58,969 INFO  [JavaFX Application Thread] roha.srvcls.service.PasswordEncoder     - New instance created
2025-08-26 14:34:58,969 DEBUG [JavaFX Application Thread] roha.srvcls.service.PasswordEncoder     - getInstance() - end
2025-08-29 11:49:16,946 DEBUG [JavaFX-Launcher] roha.srvcls.service.PasswordEncoder     - getInstance() - start
2025-08-29 11:49:16,949 INFO  [JavaFX-Launcher] roha.srvcls.service.PasswordEncoder     - New instance created
2025-08-29 11:49:16,949 DEBUG [JavaFX-Launcher] roha.srvcls.service.PasswordEncoder     - getInstance() - end
2025-08-29 11:49:17,080 DEBUG [JavaFX-Launcher] roha.srvcls.service.PasswordEncoder     - getInstance() - start
2025-08-29 11:49:17,080 INFO  [JavaFX-Launcher] roha.srvcls.service.PasswordEncoder     - New instance created
2025-08-29 11:49:17,080 DEBUG [JavaFX-Launcher] roha.srvcls.service.PasswordEncoder     - getInstance() - end
2025-08-29 11:49:29,142 DEBUG [JavaFX Application Thread] roha.srvcls.service.PasswordEncoder     - getInstance() - start
2025-08-29 11:49:29,142 INFO  [JavaFX Application Thread] roha.srvcls.service.PasswordEncoder     - New instance created
2025-08-29 11:49:29,143 DEBUG [JavaFX Application Thread] roha.srvcls.service.PasswordEncoder     - getInstance() - end
2025-08-29 11:51:43,875 DEBUG [JavaFX-Launcher] roha.srvcls.service.PasswordEncoder     - getInstance() - start
2025-08-29 11:51:43,878 INFO  [JavaFX-Launcher] roha.srvcls.service.PasswordEncoder     - New instance created
2025-08-29 11:51:43,878 DEBUG [JavaFX-Launcher] roha.srvcls.service.PasswordEncoder     - getInstance() - end
2025-08-29 11:51:44,006 DEBUG [JavaFX-Launcher] roha.srvcls.service.PasswordEncoder     - getInstance() - start
2025-08-29 11:51:44,006 INFO  [JavaFX-Launcher] roha.srvcls.service.PasswordEncoder     - New instance created
2025-08-29 11:51:44,006 DEBUG [JavaFX-Launcher] roha.srvcls.service.PasswordEncoder     - getInstance() - end
2025-08-29 11:51:45,143 DEBUG [JavaFX Application Thread] roha.srvcls.service.PasswordEncoder     - getInstance() - start
2025-08-29 11:51:45,144 INFO  [JavaFX Application Thread] roha.srvcls.service.PasswordEncoder     - New instance created
2025-08-29 11:51:45,144 DEBUG [JavaFX Application Thread] roha.srvcls.service.PasswordEncoder     - getInstance() - end
2025-08-29 11:55:00,204 DEBUG [JavaFX-Launcher] roha.srvcls.service.PasswordEncoder     - getInstance() - start
2025-08-29 11:55:00,208 INFO  [JavaFX-Launcher] roha.srvcls.service.PasswordEncoder     - New instance created
2025-08-29 11:55:00,209 DEBUG [JavaFX-Launcher] roha.srvcls.service.PasswordEncoder     - getInstance() - end
2025-08-29 11:55:00,313 DEBUG [JavaFX-Launcher] roha.srvcls.service.PasswordEncoder     - getInstance() - start
2025-08-29 11:55:00,314 INFO  [JavaFX-Launcher] roha.srvcls.service.PasswordEncoder     - New instance created
2025-08-29 11:55:00,314 DEBUG [JavaFX-Launcher] roha.srvcls.service.PasswordEncoder     - getInstance() - end
2025-08-29 11:55:01,226 DEBUG [JavaFX Application Thread] roha.srvcls.service.PasswordEncoder     - getInstance() - start
2025-08-29 11:55:01,226 INFO  [JavaFX Application Thread] roha.srvcls.service.PasswordEncoder     - New instance created
2025-08-29 11:55:01,227 DEBUG [JavaFX Application Thread] roha.srvcls.service.PasswordEncoder     - getInstance() - end
2025-08-29 11:57:53,900 DEBUG [JavaFX-Launcher] roha.srvcls.service.PasswordEncoder     - getInstance() - start
2025-08-29 11:57:53,903 INFO  [JavaFX-Launcher] roha.srvcls.service.PasswordEncoder     - New instance created
2025-08-29 11:57:53,903 DEBUG [JavaFX-Launcher] roha.srvcls.service.PasswordEncoder     - getInstance() - end
2025-08-29 11:57:54,030 DEBUG [JavaFX-Launcher] roha.srvcls.service.PasswordEncoder     - getInstance() - start
2025-08-29 11:57:54,031 INFO  [JavaFX-Launcher] roha.srvcls.service.PasswordEncoder     - New instance created
2025-08-29 11:57:54,031 DEBUG [JavaFX-Launcher] roha.srvcls.service.PasswordEncoder     - getInstance() - end
2025-08-29 11:57:55,163 DEBUG [JavaFX Application Thread] roha.srvcls.service.PasswordEncoder     - getInstance() - start
2025-08-29 11:57:55,165 INFO  [JavaFX Application Thread] roha.srvcls.service.PasswordEncoder     - New instance created
2025-08-29 11:57:55,165 DEBUG [JavaFX Application Thread] roha.srvcls.service.PasswordEncoder     - getInstance() - end
2025-08-29 11:59:49,417 DEBUG [JavaFX-Launcher] roha.srvcls.service.PasswordEncoder     - getInstance() - start
2025-08-29 11:59:49,419 INFO  [JavaFX-Launcher] roha.srvcls.service.PasswordEncoder     - New instance created
2025-08-29 11:59:49,420 DEBUG [JavaFX-Launcher] roha.srvcls.service.PasswordEncoder     - getInstance() - end
2025-08-29 11:59:49,520 DEBUG [JavaFX-Launcher] roha.srvcls.service.PasswordEncoder     - getInstance() - start
2025-08-29 11:59:49,520 INFO  [JavaFX-Launcher] roha.srvcls.service.PasswordEncoder     - New instance created
2025-08-29 11:59:49,521 DEBUG [JavaFX-Launcher] roha.srvcls.service.PasswordEncoder     - getInstance() - end
2025-08-29 11:59:50,415 DEBUG [JavaFX Application Thread] roha.srvcls.service.PasswordEncoder     - getInstance() - start
2025-08-29 11:59:50,415 INFO  [JavaFX Application Thread] roha.srvcls.service.PasswordEncoder     - New instance created
2025-08-29 11:59:50,415 DEBUG [JavaFX Application Thread] roha.srvcls.service.PasswordEncoder     - getInstance() - end
2025-08-29 13:40:27,643 DEBUG [JavaFX-Launcher] roha.srvcls.service.PasswordEncoder     - getInstance() - start
2025-08-29 13:40:27,646 INFO  [JavaFX-Launcher] roha.srvcls.service.PasswordEncoder     - New instance created
2025-08-29 13:40:27,646 DEBUG [JavaFX-Launcher] roha.srvcls.service.PasswordEncoder     - getInstance() - end
2025-08-29 13:40:27,747 DEBUG [JavaFX-Launcher] roha.srvcls.service.PasswordEncoder     - getInstance() - start
2025-08-29 13:40:27,747 INFO  [JavaFX-Launcher] roha.srvcls.service.PasswordEncoder     - New instance created
2025-08-29 13:40:27,748 DEBUG [JavaFX-Launcher] roha.srvcls.service.PasswordEncoder     - getInstance() - end
2025-08-29 13:40:28,650 DEBUG [JavaFX Application Thread] roha.srvcls.service.PasswordEncoder     - getInstance() - start
2025-08-29 13:40:28,651 INFO  [JavaFX Application Thread] roha.srvcls.service.PasswordEncoder     - New instance created
2025-08-29 13:40:28,651 DEBUG [JavaFX Application Thread] roha.srvcls.service.PasswordEncoder     - getInstance() - end
2025-08-29 15:34:18,180 DEBUG [JavaFX-Launcher] roha.srvcls.service.PasswordEncoder     - getInstance() - start
2025-08-29 15:34:18,182 INFO  [JavaFX-Launcher] roha.srvcls.service.PasswordEncoder     - New instance created
2025-08-29 15:34:18,183 DEBUG [JavaFX-Launcher] roha.srvcls.service.PasswordEncoder     - getInstance() - end
2025-08-29 15:34:18,292 DEBUG [JavaFX-Launcher] roha.srvcls.service.PasswordEncoder     - getInstance() - start
2025-08-29 15:34:18,293 INFO  [JavaFX-Launcher] roha.srvcls.service.PasswordEncoder     - New instance created
2025-08-29 15:34:18,293 DEBUG [JavaFX-Launcher] roha.srvcls.service.PasswordEncoder     - getInstance() - end
2025-08-29 15:37:45,701 DEBUG [JavaFX-Launcher] roha.srvcls.service.PasswordEncoder     - getInstance() - start
2025-08-29 15:37:45,704 INFO  [JavaFX-Launcher] roha.srvcls.service.PasswordEncoder     - New instance created
2025-08-29 15:37:45,704 DEBUG [JavaFX-Launcher] roha.srvcls.service.PasswordEncoder     - getInstance() - end
2025-08-29 15:37:45,804 DEBUG [JavaFX-Launcher] roha.srvcls.service.PasswordEncoder     - getInstance() - start
2025-08-29 15:37:45,804 INFO  [JavaFX-Launcher] roha.srvcls.service.PasswordEncoder     - New instance created
2025-08-29 15:37:45,805 DEBUG [JavaFX-Launcher] roha.srvcls.service.PasswordEncoder     - getInstance() - end
2025-08-29 15:39:50,100 DEBUG [JavaFX-Launcher] roha.srvcls.service.PasswordEncoder     - getInstance() - start
2025-08-29 15:39:50,104 INFO  [JavaFX-Launcher] roha.srvcls.service.PasswordEncoder     - New instance created
2025-08-29 15:39:50,105 DEBUG [JavaFX-Launcher] roha.srvcls.service.PasswordEncoder     - getInstance() - end
2025-08-29 15:39:50,207 DEBUG [JavaFX-Launcher] roha.srvcls.service.PasswordEncoder     - getInstance() - start
2025-08-29 15:39:50,207 INFO  [JavaFX-Launcher] roha.srvcls.service.PasswordEncoder     - New instance created
2025-08-29 15:39:50,207 DEBUG [JavaFX-Launcher] roha.srvcls.service.PasswordEncoder     - getInstance() - end
2025-09-01 08:08:55,686 DEBUG [JavaFX-Launcher] roha.srvcls.service.PasswordEncoder     - getInstance() - start
2025-09-01 08:08:55,691 INFO  [JavaFX-Launcher] roha.srvcls.service.PasswordEncoder     - New instance created
2025-09-01 08:08:55,692 DEBUG [JavaFX-Launcher] roha.srvcls.service.PasswordEncoder     - getInstance() - end
2025-09-01 08:08:55,853 DEBUG [JavaFX-Launcher] roha.srvcls.service.PasswordEncoder     - getInstance() - start
2025-09-01 08:08:55,853 INFO  [JavaFX-Launcher] roha.srvcls.service.PasswordEncoder     - New instance created
2025-09-01 08:08:55,853 DEBUG [JavaFX-Launcher] roha.srvcls.service.PasswordEncoder     - getInstance() - end
2025-09-01 08:10:52,400 DEBUG [JavaFX-Launcher] roha.srvcls.service.PasswordEncoder     - getInstance() - start
2025-09-01 08:10:52,403 INFO  [JavaFX-Launcher] roha.srvcls.service.PasswordEncoder     - New instance created
2025-09-01 08:10:52,404 DEBUG [JavaFX-Launcher] roha.srvcls.service.PasswordEncoder     - getInstance() - end
2025-09-01 08:10:52,563 DEBUG [JavaFX-Launcher] roha.srvcls.service.PasswordEncoder     - getInstance() - start
2025-09-01 08:10:52,563 INFO  [JavaFX-Launcher] roha.srvcls.service.PasswordEncoder     - New instance created
2025-09-01 08:10:52,563 DEBUG [JavaFX-Launcher] roha.srvcls.service.PasswordEncoder     - getInstance() - end
2025-09-01 08:12:53,215 DEBUG [JavaFX-Launcher] roha.srvcls.service.PasswordEncoder     - getInstance() - start
2025-09-01 08:12:53,218 INFO  [JavaFX-Launcher] roha.srvcls.service.PasswordEncoder     - New instance created
2025-09-01 08:12:53,218 DEBUG [JavaFX-Launcher] roha.srvcls.service.PasswordEncoder     - getInstance() - end
2025-09-01 08:12:53,315 DEBUG [JavaFX-Launcher] roha.srvcls.service.PasswordEncoder     - getInstance() - start
2025-09-01 08:12:53,315 INFO  [JavaFX-Launcher] roha.srvcls.service.PasswordEncoder     - New instance created
2025-09-01 08:12:53,316 DEBUG [JavaFX-Launcher] roha.srvcls.service.PasswordEncoder     - getInstance() - end
2025-09-01 08:25:54,274 DEBUG [JavaFX-Launcher] roha.srvcls.service.PasswordEncoder     - getInstance() - start
2025-09-01 08:25:54,276 INFO  [JavaFX-Launcher] roha.srvcls.service.PasswordEncoder     - New instance created
2025-09-01 08:25:54,277 DEBUG [JavaFX-Launcher] roha.srvcls.service.PasswordEncoder     - getInstance() - end
2025-09-01 08:25:54,401 DEBUG [JavaFX-Launcher] roha.srvcls.service.PasswordEncoder     - getInstance() - start
2025-09-01 08:25:54,402 INFO  [JavaFX-Launcher] roha.srvcls.service.PasswordEncoder     - New instance created
2025-09-01 08:25:54,402 DEBUG [JavaFX-Launcher] roha.srvcls.service.PasswordEncoder     - getInstance() - end
2025-09-01 11:05:05,283 DEBUG [JavaFX-Launcher] roha.srvcls.service.PasswordEncoder     - getInstance() - start
2025-09-01 11:05:05,286 INFO  [JavaFX-Launcher] roha.srvcls.service.PasswordEncoder     - New instance created
2025-09-01 11:05:05,286 DEBUG [JavaFX-Launcher] roha.srvcls.service.PasswordEncoder     - getInstance() - end
2025-09-01 11:05:05,403 DEBUG [JavaFX-Launcher] roha.srvcls.service.PasswordEncoder     - getInstance() - start
2025-09-01 11:05:05,403 INFO  [JavaFX-Launcher] roha.srvcls.service.PasswordEncoder     - New instance created
2025-09-01 11:05:05,404 DEBUG [JavaFX-Launcher] roha.srvcls.service.PasswordEncoder     - getInstance() - end
2025-09-01 11:05:17,706 DEBUG [JavaFX-Launcher] roha.srvcls.service.PasswordEncoder     - getInstance() - start
2025-09-01 11:05:17,709 INFO  [JavaFX-Launcher] roha.srvcls.service.PasswordEncoder     - New instance created
2025-09-01 11:05:17,709 DEBUG [JavaFX-Launcher] roha.srvcls.service.PasswordEncoder     - getInstance() - end
2025-09-01 11:05:17,831 DEBUG [JavaFX-Launcher] roha.srvcls.service.PasswordEncoder     - getInstance() - start
2025-09-01 11:05:17,831 INFO  [JavaFX-Launcher] roha.srvcls.service.PasswordEncoder     - New instance created
2025-09-01 11:05:17,832 DEBUG [JavaFX-Launcher] roha.srvcls.service.PasswordEncoder     - getInstance() - end
2025-09-01 11:06:54,397 DEBUG [JavaFX-Launcher] roha.srvcls.service.PasswordEncoder     - getInstance() - start
2025-09-01 11:06:54,400 INFO  [JavaFX-Launcher] roha.srvcls.service.PasswordEncoder     - New instance created
2025-09-01 11:06:54,400 DEBUG [JavaFX-Launcher] roha.srvcls.service.PasswordEncoder     - getInstance() - end
2025-09-01 11:06:54,518 DEBUG [JavaFX-Launcher] roha.srvcls.service.PasswordEncoder     - getInstance() - start
2025-09-01 11:06:54,518 INFO  [JavaFX-Launcher] roha.srvcls.service.PasswordEncoder     - New instance created
2025-09-01 11:06:54,518 DEBUG [JavaFX-Launcher] roha.srvcls.service.PasswordEncoder     - getInstance() - end
2025-09-01 12:31:56,871 DEBUG [JavaFX-Launcher] roha.srvcls.service.PasswordEncoder     - getInstance() - start
2025-09-01 12:31:56,874 INFO  [JavaFX-Launcher] roha.srvcls.service.PasswordEncoder     - New instance created
2025-09-01 12:31:56,874 DEBUG [JavaFX-Launcher] roha.srvcls.service.PasswordEncoder     - getInstance() - end
2025-09-01 12:31:56,997 DEBUG [JavaFX-Launcher] roha.srvcls.service.PasswordEncoder     - getInstance() - start
2025-09-01 12:31:56,998 INFO  [JavaFX-Launcher] roha.srvcls.service.PasswordEncoder     - New instance created
2025-09-01 12:31:56,998 DEBUG [JavaFX-Launcher] roha.srvcls.service.PasswordEncoder     - getInstance() - end
2025-09-01 15:22:56,892 DEBUG [JavaFX-Launcher] roha.srvcls.service.PasswordEncoder     - getInstance() - start
2025-09-01 15:22:56,896 INFO  [JavaFX-Launcher] roha.srvcls.service.PasswordEncoder     - New instance created
2025-09-01 15:22:56,896 DEBUG [JavaFX-Launcher] roha.srvcls.service.PasswordEncoder     - getInstance() - end
2025-09-01 15:22:57,014 DEBUG [JavaFX-Launcher] roha.srvcls.service.PasswordEncoder     - getInstance() - start
2025-09-01 15:22:57,015 INFO  [JavaFX-Launcher] roha.srvcls.service.PasswordEncoder     - New instance created
2025-09-01 15:22:57,015 DEBUG [JavaFX-Launcher] roha.srvcls.service.PasswordEncoder     - getInstance() - end
2025-09-01 15:37:19,118 DEBUG [JavaFX-Launcher] roha.srvcls.service.PasswordEncoder     - getInstance() - start
2025-09-01 15:37:19,121 INFO  [JavaFX-Launcher] roha.srvcls.service.PasswordEncoder     - New instance created
2025-09-01 15:37:19,122 DEBUG [JavaFX-Launcher] roha.srvcls.service.PasswordEncoder     - getInstance() - end
2025-09-01 15:37:19,295 DEBUG [JavaFX-Launcher] roha.srvcls.service.PasswordEncoder     - getInstance() - start
2025-09-01 15:37:19,296 INFO  [JavaFX-Launcher] roha.srvcls.service.PasswordEncoder     - New instance created
2025-09-01 15:37:19,296 DEBUG [JavaFX-Launcher] roha.srvcls.service.PasswordEncoder     - getInstance() - end
2025-09-01 15:43:03,660 DEBUG [JavaFX-Launcher] roha.srvcls.service.PasswordEncoder     - getInstance() - start
2025-09-01 15:43:03,664 INFO  [JavaFX-Launcher] roha.srvcls.service.PasswordEncoder     - New instance created
2025-09-01 15:43:03,664 DEBUG [JavaFX-Launcher] roha.srvcls.service.PasswordEncoder     - getInstance() - end
2025-09-01 15:43:03,835 DEBUG [JavaFX-Launcher] roha.srvcls.service.PasswordEncoder     - getInstance() - start
2025-09-01 15:43:03,835 INFO  [JavaFX-Launcher] roha.srvcls.service.PasswordEncoder     - New instance created
2025-09-01 15:43:03,836 DEBUG [JavaFX-Launcher] roha.srvcls.service.PasswordEncoder     - getInstance() - end
2025-09-01 15:51:17,483 DEBUG [JavaFX-Launcher] roha.srvcls.service.PasswordEncoder     - getInstance() - start
2025-09-01 15:51:17,487 INFO  [JavaFX-Launcher] roha.srvcls.service.PasswordEncoder     - New instance created
2025-09-01 15:51:17,487 DEBUG [JavaFX-Launcher] roha.srvcls.service.PasswordEncoder     - getInstance() - end
2025-09-01 15:51:17,719 DEBUG [JavaFX-Launcher] roha.srvcls.service.PasswordEncoder     - getInstance() - start
2025-09-01 15:51:17,720 INFO  [JavaFX-Launcher] roha.srvcls.service.PasswordEncoder     - New instance created
2025-09-01 15:51:17,720 DEBUG [JavaFX-Launcher] roha.srvcls.service.PasswordEncoder     - getInstance() - end
2025-09-01 15:52:42,694 DEBUG [JavaFX-Launcher] roha.srvcls.service.PasswordEncoder     - getInstance() - start
2025-09-01 15:52:42,696 INFO  [JavaFX-Launcher] roha.srvcls.service.PasswordEncoder     - New instance created
2025-09-01 15:52:42,697 DEBUG [JavaFX-Launcher] roha.srvcls.service.PasswordEncoder     - getInstance() - end
2025-09-01 15:52:42,821 DEBUG [JavaFX-Launcher] roha.srvcls.service.PasswordEncoder     - getInstance() - start
2025-09-01 15:52:42,821 INFO  [JavaFX-Launcher] roha.srvcls.service.PasswordEncoder     - New instance created
2025-09-01 15:52:42,822 DEBUG [JavaFX-Launcher] roha.srvcls.service.PasswordEncoder     - getInstance() - end
2025-09-01 15:54:20,901 DEBUG [JavaFX-Launcher] roha.srvcls.service.PasswordEncoder     - getInstance() - start
2025-09-01 15:54:20,903 INFO  [JavaFX-Launcher] roha.srvcls.service.PasswordEncoder     - New instance created
2025-09-01 15:54:20,903 DEBUG [JavaFX-Launcher] roha.srvcls.service.PasswordEncoder     - getInstance() - end
2025-09-01 15:54:21,027 DEBUG [JavaFX-Launcher] roha.srvcls.service.PasswordEncoder     - getInstance() - start
2025-09-01 15:54:21,027 INFO  [JavaFX-Launcher] roha.srvcls.service.PasswordEncoder     - New instance created
2025-09-01 15:54:21,028 DEBUG [JavaFX-Launcher] roha.srvcls.service.PasswordEncoder     - getInstance() - end
2025-09-02 08:04:25,064 DEBUG [JavaFX-Launcher] roha.srvcls.service.PasswordEncoder     - getInstance() - start
2025-09-02 08:04:25,067 INFO  [JavaFX-Launcher] roha.srvcls.service.PasswordEncoder     - New instance created
2025-09-02 08:04:25,067 DEBUG [JavaFX-Launcher] roha.srvcls.service.PasswordEncoder     - getInstance() - end
2025-09-02 08:04:25,199 DEBUG [JavaFX-Launcher] roha.srvcls.service.PasswordEncoder     - getInstance() - start
2025-09-02 08:04:25,200 INFO  [JavaFX-Launcher] roha.srvcls.service.PasswordEncoder     - New instance created
2025-09-02 08:04:25,200 DEBUG [JavaFX-Launcher] roha.srvcls.service.PasswordEncoder     - getInstance() - end
2025-09-02 08:05:45,877 DEBUG [JavaFX-Launcher] roha.srvcls.service.PasswordEncoder     - getInstance() - start
2025-09-02 08:05:45,880 INFO  [JavaFX-Launcher] roha.srvcls.service.PasswordEncoder     - New instance created
2025-09-02 08:05:45,881 DEBUG [JavaFX-Launcher] roha.srvcls.service.PasswordEncoder     - getInstance() - end
2025-09-02 08:05:46,001 DEBUG [JavaFX-Launcher] roha.srvcls.service.PasswordEncoder     - getInstance() - start
2025-09-02 08:05:46,001 INFO  [JavaFX-Launcher] roha.srvcls.service.PasswordEncoder     - New instance created
2025-09-02 08:05:46,002 DEBUG [JavaFX-Launcher] roha.srvcls.service.PasswordEncoder     - getInstance() - end
2025-09-02 09:11:33,304 DEBUG [JavaFX-Launcher] roha.srvcls.service.PasswordEncoder     - getInstance() - start
2025-09-02 09:11:33,309 INFO  [JavaFX-Launcher] roha.srvcls.service.PasswordEncoder     - New instance created
2025-09-02 09:11:33,309 DEBUG [JavaFX-Launcher] roha.srvcls.service.PasswordEncoder     - getInstance() - end
2025-09-02 09:11:33,424 DEBUG [JavaFX-Launcher] roha.srvcls.service.PasswordEncoder     - getInstance() - start
2025-09-02 09:11:33,424 INFO  [JavaFX-Launcher] roha.srvcls.service.PasswordEncoder     - New instance created
2025-09-02 09:11:33,425 DEBUG [JavaFX-Launcher] roha.srvcls.service.PasswordEncoder     - getInstance() - end
2025-09-02 09:12:44,357 DEBUG [JavaFX-Launcher] roha.srvcls.service.PasswordEncoder     - getInstance() - start
2025-09-02 09:12:44,361 INFO  [JavaFX-Launcher] roha.srvcls.service.PasswordEncoder     - New instance created
2025-09-02 09:12:44,361 DEBUG [JavaFX-Launcher] roha.srvcls.service.PasswordEncoder     - getInstance() - end
2025-09-02 09:12:44,479 DEBUG [JavaFX-Launcher] roha.srvcls.service.PasswordEncoder     - getInstance() - start
2025-09-02 09:12:44,479 INFO  [JavaFX-Launcher] roha.srvcls.service.PasswordEncoder     - New instance created
2025-09-02 09:12:44,480 DEBUG [JavaFX-Launcher] roha.srvcls.service.PasswordEncoder     - getInstance() - end
2025-09-03 09:15:24,639 DEBUG [JavaFX-Launcher] roha.srvcls.service.PasswordEncoder     - getInstance() - start
2025-09-03 09:15:24,642 INFO  [JavaFX-Launcher] roha.srvcls.service.PasswordEncoder     - New instance created
2025-09-03 09:15:24,642 DEBUG [JavaFX-Launcher] roha.srvcls.service.PasswordEncoder     - getInstance() - end
2025-09-03 09:15:24,789 DEBUG [JavaFX-Launcher] roha.srvcls.service.PasswordEncoder     - getInstance() - start
2025-09-03 09:15:24,789 INFO  [JavaFX-Launcher] roha.srvcls.service.PasswordEncoder     - New instance created
2025-09-03 09:15:24,790 DEBUG [JavaFX-Launcher] roha.srvcls.service.PasswordEncoder     - getInstance() - end
2025-09-03 09:19:57,098 DEBUG [JavaFX-Launcher] roha.srvcls.service.PasswordEncoder     - getInstance() - start
2025-09-03 09:19:57,101 INFO  [JavaFX-Launcher] roha.srvcls.service.PasswordEncoder     - New instance created
2025-09-03 09:19:57,102 DEBUG [JavaFX-Launcher] roha.srvcls.service.PasswordEncoder     - getInstance() - end
2025-09-03 09:19:57,233 DEBUG [JavaFX-Launcher] roha.srvcls.service.PasswordEncoder     - getInstance() - start
2025-09-03 09:19:57,234 INFO  [JavaFX-Launcher] roha.srvcls.service.PasswordEncoder     - New instance created
2025-09-03 09:19:57,234 DEBUG [JavaFX-Launcher] roha.srvcls.service.PasswordEncoder     - getInstance() - end
2025-09-04 15:46:10,323 DEBUG [JavaFX-Launcher] roha.srvcls.service.PasswordEncoder     - getInstance() - start
2025-09-04 15:46:10,326 INFO  [JavaFX-Launcher] roha.srvcls.service.PasswordEncoder     - New instance created
2025-09-04 15:46:10,326 DEBUG [JavaFX-Launcher] roha.srvcls.service.PasswordEncoder     - getInstance() - end
2025-09-04 15:46:10,445 DEBUG [JavaFX-Launcher] roha.srvcls.service.PasswordEncoder     - getInstance() - start
2025-09-04 15:46:10,446 INFO  [JavaFX-Launcher] roha.srvcls.service.PasswordEncoder     - New instance created
2025-09-04 15:46:10,446 DEBUG [JavaFX-Launcher] roha.srvcls.service.PasswordEncoder     - getInstance() - end
2025-09-04 15:46:36,290 DEBUG [JavaFX-Launcher] roha.srvcls.service.PasswordEncoder     - getInstance() - start
2025-09-04 15:46:36,295 INFO  [JavaFX-Launcher] roha.srvcls.service.PasswordEncoder     - New instance created
2025-09-04 15:46:36,295 DEBUG [JavaFX-Launcher] roha.srvcls.service.PasswordEncoder     - getInstance() - end
2025-09-04 15:46:36,419 DEBUG [JavaFX-Launcher] roha.srvcls.service.PasswordEncoder     - getInstance() - start
2025-09-04 15:46:36,419 INFO  [JavaFX-Launcher] roha.srvcls.service.PasswordEncoder     - New instance created
2025-09-04 15:46:36,420 DEBUG [JavaFX-Launcher] roha.srvcls.service.PasswordEncoder     - getInstance() - end
2025-09-04 15:47:12,432 DEBUG [JavaFX-Launcher] roha.srvcls.service.PasswordEncoder     - getInstance() - start
2025-09-04 15:47:12,437 INFO  [JavaFX-Launcher] roha.srvcls.service.PasswordEncoder     - New instance created
2025-09-04 15:47:12,438 DEBUG [JavaFX-Launcher] roha.srvcls.service.PasswordEncoder     - getInstance() - end
2025-09-04 15:47:12,558 DEBUG [JavaFX-Launcher] roha.srvcls.service.PasswordEncoder     - getInstance() - start
2025-09-04 15:47:12,558 INFO  [JavaFX-Launcher] roha.srvcls.service.PasswordEncoder     - New instance created
2025-09-04 15:47:12,558 DEBUG [JavaFX-Launcher] roha.srvcls.service.PasswordEncoder     - getInstance() - end
2025-09-04 15:57:15,464 DEBUG [JavaFX-Launcher] roha.srvcls.service.PasswordEncoder     - getInstance() - start
2025-09-04 15:57:15,466 INFO  [JavaFX-Launcher] roha.srvcls.service.PasswordEncoder     - New instance created
2025-09-04 15:57:15,466 DEBUG [JavaFX-Launcher] roha.srvcls.service.PasswordEncoder     - getInstance() - end
2025-09-04 15:57:15,591 DEBUG [JavaFX-Launcher] roha.srvcls.service.PasswordEncoder     - getInstance() - start
2025-09-04 15:57:15,592 INFO  [JavaFX-Launcher] roha.srvcls.service.PasswordEncoder     - New instance created
2025-09-04 15:57:15,592 DEBUG [JavaFX-Launcher] roha.srvcls.service.PasswordEncoder     - getInstance() - end
2025-09-04 16:02:24,454 DEBUG [JavaFX-Launcher] roha.srvcls.service.PasswordEncoder     - getInstance() - start
2025-09-04 16:02:24,457 INFO  [JavaFX-Launcher] roha.srvcls.service.PasswordEncoder     - New instance created
2025-09-04 16:02:24,458 DEBUG [JavaFX-Launcher] roha.srvcls.service.PasswordEncoder     - getInstance() - end
2025-09-04 16:02:24,578 DEBUG [JavaFX-Launcher] roha.srvcls.service.PasswordEncoder     - getInstance() - start
2025-09-04 16:02:24,578 INFO  [JavaFX-Launcher] roha.srvcls.service.PasswordEncoder     - New instance created
2025-09-04 16:02:24,578 DEBUG [JavaFX-Launcher] roha.srvcls.service.PasswordEncoder     - getInstance() - end
2025-09-04 16:03:01,616 DEBUG [JavaFX-Launcher] roha.srvcls.service.PasswordEncoder     - getInstance() - start
2025-09-04 16:03:01,619 INFO  [JavaFX-Launcher] roha.srvcls.service.PasswordEncoder     - New instance created
2025-09-04 16:03:01,619 DEBUG [JavaFX-Launcher] roha.srvcls.service.PasswordEncoder     - getInstance() - end
2025-09-04 16:03:01,738 DEBUG [JavaFX-Launcher] roha.srvcls.service.PasswordEncoder     - getInstance() - start
2025-09-04 16:03:01,738 INFO  [JavaFX-Launcher] roha.srvcls.service.PasswordEncoder     - New instance created
2025-09-04 16:03:01,739 DEBUG [JavaFX-Launcher] roha.srvcls.service.PasswordEncoder     - getInstance() - end
2025-09-05 08:04:52,340 DEBUG [JavaFX-Launcher] roha.srvcls.service.PasswordEncoder     - getInstance() - start
2025-09-05 08:04:52,343 INFO  [JavaFX-Launcher] roha.srvcls.service.PasswordEncoder     - New instance created
2025-09-05 08:04:52,343 DEBUG [JavaFX-Launcher] roha.srvcls.service.PasswordEncoder     - getInstance() - end
2025-09-05 08:04:52,483 DEBUG [JavaFX-Launcher] roha.srvcls.service.PasswordEncoder     - getInstance() - start
2025-09-05 08:04:52,483 INFO  [JavaFX-Launcher] roha.srvcls.service.PasswordEncoder     - New instance created
2025-09-05 08:04:52,484 DEBUG [JavaFX-Launcher] roha.srvcls.service.PasswordEncoder     - getInstance() - end
2025-09-05 08:07:06,760 DEBUG [JavaFX-Launcher] roha.srvcls.service.PasswordEncoder     - getInstance() - start
2025-09-05 08:07:06,764 INFO  [JavaFX-Launcher] roha.srvcls.service.PasswordEncoder     - New instance created
2025-09-05 08:07:06,764 DEBUG [JavaFX-Launcher] roha.srvcls.service.PasswordEncoder     - getInstance() - end
2025-09-05 08:07:06,885 DEBUG [JavaFX-Launcher] roha.srvcls.service.PasswordEncoder     - getInstance() - start
2025-09-05 08:07:06,885 INFO  [JavaFX-Launcher] roha.srvcls.service.PasswordEncoder     - New instance created
2025-09-05 08:07:06,886 DEBUG [JavaFX-Launcher] roha.srvcls.service.PasswordEncoder     - getInstance() - end
2025-09-05 08:17:29,026 DEBUG [JavaFX-Launcher] roha.srvcls.service.PasswordEncoder     - getInstance() - start
2025-09-05 08:17:29,029 INFO  [JavaFX-Launcher] roha.srvcls.service.PasswordEncoder     - New instance created
2025-09-05 08:17:29,030 DEBUG [JavaFX-Launcher] roha.srvcls.service.PasswordEncoder     - getInstance() - end
2025-09-05 08:17:29,189 DEBUG [JavaFX-Launcher] roha.srvcls.service.PasswordEncoder     - getInstance() - start
2025-09-05 08:17:29,190 INFO  [JavaFX-Launcher] roha.srvcls.service.PasswordEncoder     - New instance created
2025-09-05 08:17:29,191 DEBUG [JavaFX-Launcher] roha.srvcls.service.PasswordEncoder     - getInstance() - end
2025-09-05 08:30:05,227 DEBUG [JavaFX-Launcher] roha.srvcls.service.PasswordEncoder     - getInstance() - start
2025-09-05 08:30:05,230 INFO  [JavaFX-Launcher] roha.srvcls.service.PasswordEncoder     - New instance created
2025-09-05 08:30:05,230 DEBUG [JavaFX-Launcher] roha.srvcls.service.PasswordEncoder     - getInstance() - end
2025-09-05 08:30:05,352 DEBUG [JavaFX-Launcher] roha.srvcls.service.PasswordEncoder     - getInstance() - start
2025-09-05 08:30:05,353 INFO  [JavaFX-Launcher] roha.srvcls.service.PasswordEncoder     - New instance created
2025-09-05 08:30:05,353 DEBUG [JavaFX-Launcher] roha.srvcls.service.PasswordEncoder     - getInstance() - end
2025-09-05 08:32:14,317 DEBUG [JavaFX-Launcher] roha.srvcls.service.PasswordEncoder     - getInstance() - start
2025-09-05 08:32:14,321 INFO  [JavaFX-Launcher] roha.srvcls.service.PasswordEncoder     - New instance created
2025-09-05 08:32:14,321 DEBUG [JavaFX-Launcher] roha.srvcls.service.PasswordEncoder     - getInstance() - end
2025-09-05 08:32:14,434 DEBUG [JavaFX-Launcher] roha.srvcls.service.PasswordEncoder     - getInstance() - start
2025-09-05 08:32:14,434 INFO  [JavaFX-Launcher] roha.srvcls.service.PasswordEncoder     - New instance created
2025-09-05 08:32:14,434 DEBUG [JavaFX-Launcher] roha.srvcls.service.PasswordEncoder     - getInstance() - end
2025-09-05 08:36:55,668 DEBUG [JavaFX-Launcher] roha.srvcls.service.PasswordEncoder     - getInstance() - start
2025-09-05 08:36:55,674 INFO  [JavaFX-Launcher] roha.srvcls.service.PasswordEncoder     - New instance created
2025-09-05 08:36:55,674 DEBUG [JavaFX-Launcher] roha.srvcls.service.PasswordEncoder     - getInstance() - end
2025-09-05 08:36:55,793 DEBUG [JavaFX-Launcher] roha.srvcls.service.PasswordEncoder     - getInstance() - start
2025-09-05 08:36:55,793 INFO  [JavaFX-Launcher] roha.srvcls.service.PasswordEncoder     - New instance created
2025-09-05 08:36:55,793 DEBUG [JavaFX-Launcher] roha.srvcls.service.PasswordEncoder     - getInstance() - end
2025-09-05 08:51:36,932 DEBUG [JavaFX-Launcher] roha.srvcls.service.PasswordEncoder     - getInstance() - start
2025-09-05 08:51:36,936 INFO  [JavaFX-Launcher] roha.srvcls.service.PasswordEncoder     - New instance created
2025-09-05 08:51:36,936 DEBUG [JavaFX-Launcher] roha.srvcls.service.PasswordEncoder     - getInstance() - end
2025-09-05 08:51:37,054 DEBUG [JavaFX-Launcher] roha.srvcls.service.PasswordEncoder     - getInstance() - start
2025-09-05 08:51:37,054 INFO  [JavaFX-Launcher] roha.srvcls.service.PasswordEncoder     - New instance created
2025-09-05 08:51:37,055 DEBUG [JavaFX-Launcher] roha.srvcls.service.PasswordEncoder     - getInstance() - end
2025-09-05 08:52:49,505 DEBUG [JavaFX-Launcher] roha.srvcls.service.PasswordEncoder     - getInstance() - start
2025-09-05 08:52:49,508 INFO  [JavaFX-Launcher] roha.srvcls.service.PasswordEncoder     - New instance created
2025-09-05 08:52:49,508 DEBUG [JavaFX-Launcher] roha.srvcls.service.PasswordEncoder     - getInstance() - end
2025-09-05 08:52:49,628 DEBUG [JavaFX-Launcher] roha.srvcls.service.PasswordEncoder     - getInstance() - start
2025-09-05 08:52:49,629 INFO  [JavaFX-Launcher] roha.srvcls.service.PasswordEncoder     - New instance created
2025-09-05 08:52:49,629 DEBUG [JavaFX-Launcher] roha.srvcls.service.PasswordEncoder     - getInstance() - end
2025-09-05 08:54:30,039 DEBUG [JavaFX-Launcher] roha.srvcls.service.PasswordEncoder     - getInstance() - start
2025-09-05 08:54:30,042 INFO  [JavaFX-Launcher] roha.srvcls.service.PasswordEncoder     - New instance created
2025-09-05 08:54:30,043 DEBUG [JavaFX-Launcher] roha.srvcls.service.PasswordEncoder     - getInstance() - end
2025-09-05 08:54:30,201 DEBUG [JavaFX-Launcher] roha.srvcls.service.PasswordEncoder     - getInstance() - start
2025-09-05 08:54:30,201 INFO  [JavaFX-Launcher] roha.srvcls.service.PasswordEncoder     - New instance created
2025-09-05 08:54:30,202 DEBUG [JavaFX-Launcher] roha.srvcls.service.PasswordEncoder     - getInstance() - end
2025-09-05 08:57:10,800 DEBUG [JavaFX-Launcher] roha.srvcls.service.PasswordEncoder     - getInstance() - start
2025-09-05 08:57:10,804 INFO  [JavaFX-Launcher] roha.srvcls.service.PasswordEncoder     - New instance created
2025-09-05 08:57:10,804 DEBUG [JavaFX-Launcher] roha.srvcls.service.PasswordEncoder     - getInstance() - end
2025-09-05 08:57:10,921 DEBUG [JavaFX-Launcher] roha.srvcls.service.PasswordEncoder     - getInstance() - start
2025-09-05 08:57:10,921 INFO  [JavaFX-Launcher] roha.srvcls.service.PasswordEncoder     - New instance created
2025-09-05 08:57:10,921 DEBUG [JavaFX-Launcher] roha.srvcls.service.PasswordEncoder     - getInstance() - end
2025-09-05 09:20:50,161 DEBUG [JavaFX-Launcher] roha.srvcls.service.PasswordEncoder     - getInstance() - start
2025-09-05 09:20:50,167 INFO  [JavaFX-Launcher] roha.srvcls.service.PasswordEncoder     - New instance created
2025-09-05 09:20:50,167 DEBUG [JavaFX-Launcher] roha.srvcls.service.PasswordEncoder     - getInstance() - end
2025-09-05 09:20:50,291 DEBUG [JavaFX-Launcher] roha.srvcls.service.PasswordEncoder     - getInstance() - start
2025-09-05 09:20:50,291 INFO  [JavaFX-Launcher] roha.srvcls.service.PasswordEncoder     - New instance created
2025-09-05 09:20:50,292 DEBUG [JavaFX-Launcher] roha.srvcls.service.PasswordEncoder     - getInstance() - end
2025-09-05 09:23:16,229 DEBUG [JavaFX-Launcher] roha.srvcls.service.PasswordEncoder     - getInstance() - start
2025-09-05 09:23:16,232 INFO  [JavaFX-Launcher] roha.srvcls.service.PasswordEncoder     - New instance created
2025-09-05 09:23:16,233 DEBUG [JavaFX-Launcher] roha.srvcls.service.PasswordEncoder     - getInstance() - end
2025-09-05 09:23:16,403 DEBUG [JavaFX-Launcher] roha.srvcls.service.PasswordEncoder     - getInstance() - start
2025-09-05 09:23:16,404 INFO  [JavaFX-Launcher] roha.srvcls.service.PasswordEncoder     - New instance created
2025-09-05 09:23:16,404 DEBUG [JavaFX-Launcher] roha.srvcls.service.PasswordEncoder     - getInstance() - end
2025-09-05 09:28:21,411 DEBUG [JavaFX-Launcher] roha.srvcls.service.PasswordEncoder     - getInstance() - start
2025-09-05 09:28:21,416 INFO  [JavaFX-Launcher] roha.srvcls.service.PasswordEncoder     - New instance created
2025-09-05 09:28:21,416 DEBUG [JavaFX-Launcher] roha.srvcls.service.PasswordEncoder     - getInstance() - end
2025-09-05 09:28:21,532 DEBUG [JavaFX-Launcher] roha.srvcls.service.PasswordEncoder     - getInstance() - start
2025-09-05 09:28:21,532 INFO  [JavaFX-Launcher] roha.srvcls.service.PasswordEncoder     - New instance created
2025-09-05 09:28:21,533 DEBUG [JavaFX-Launcher] roha.srvcls.service.PasswordEncoder     - getInstance() - end
2025-09-05 09:29:54,839 DEBUG [JavaFX-Launcher] roha.srvcls.service.PasswordEncoder     - getInstance() - start
2025-09-05 09:29:54,842 INFO  [JavaFX-Launcher] roha.srvcls.service.PasswordEncoder     - New instance created
2025-09-05 09:29:54,842 DEBUG [JavaFX-Launcher] roha.srvcls.service.PasswordEncoder     - getInstance() - end
2025-09-05 09:29:54,959 DEBUG [JavaFX-Launcher] roha.srvcls.service.PasswordEncoder     - getInstance() - start
2025-09-05 09:29:54,959 INFO  [JavaFX-Launcher] roha.srvcls.service.PasswordEncoder     - New instance created
2025-09-05 09:29:54,959 DEBUG [JavaFX-Launcher] roha.srvcls.service.PasswordEncoder     - getInstance() - end
2025-09-05 09:30:08,726 DEBUG [JavaFX-Launcher] roha.srvcls.service.PasswordEncoder     - getInstance() - start
2025-09-05 09:30:08,729 INFO  [JavaFX-Launcher] roha.srvcls.service.PasswordEncoder     - New instance created
2025-09-05 09:30:08,729 DEBUG [JavaFX-Launcher] roha.srvcls.service.PasswordEncoder     - getInstance() - end
2025-09-05 09:30:08,847 DEBUG [JavaFX-Launcher] roha.srvcls.service.PasswordEncoder     - getInstance() - start
2025-09-05 09:30:08,848 INFO  [JavaFX-Launcher] roha.srvcls.service.PasswordEncoder     - New instance created
2025-09-05 09:30:08,848 DEBUG [JavaFX-Launcher] roha.srvcls.service.PasswordEncoder     - getInstance() - end
2025-09-05 09:37:37,883 DEBUG [JavaFX-Launcher] roha.srvcls.service.PasswordEncoder     - getInstance() - start
2025-09-05 09:37:37,888 INFO  [JavaFX-Launcher] roha.srvcls.service.PasswordEncoder     - New instance created
2025-09-05 09:37:37,889 DEBUG [JavaFX-Launcher] roha.srvcls.service.PasswordEncoder     - getInstance() - end
2025-09-05 09:37:38,009 DEBUG [JavaFX-Launcher] roha.srvcls.service.PasswordEncoder     - getInstance() - start
2025-09-05 09:37:38,009 INFO  [JavaFX-Launcher] roha.srvcls.service.PasswordEncoder     - New instance created
2025-09-05 09:37:38,010 DEBUG [JavaFX-Launcher] roha.srvcls.service.PasswordEncoder     - getInstance() - end
2025-09-05 09:40:04,096 DEBUG [JavaFX-Launcher] roha.srvcls.service.PasswordEncoder     - getInstance() - start
2025-09-05 09:40:04,099 INFO  [JavaFX-Launcher] roha.srvcls.service.PasswordEncoder     - New instance created
2025-09-05 09:40:04,099 DEBUG [JavaFX-Launcher] roha.srvcls.service.PasswordEncoder     - getInstance() - end
2025-09-05 09:40:04,225 DEBUG [JavaFX-Launcher] roha.srvcls.service.PasswordEncoder     - getInstance() - start
2025-09-05 09:40:04,225 INFO  [JavaFX-Launcher] roha.srvcls.service.PasswordEncoder     - New instance created
2025-09-05 09:40:04,226 DEBUG [JavaFX-Launcher] roha.srvcls.service.PasswordEncoder     - getInstance() - end
2025-09-05 09:42:59,149 DEBUG [JavaFX-Launcher] roha.srvcls.service.PasswordEncoder     - getInstance() - start
2025-09-05 09:42:59,154 INFO  [JavaFX-Launcher] roha.srvcls.service.PasswordEncoder     - New instance created
2025-09-05 09:42:59,154 DEBUG [JavaFX-Launcher] roha.srvcls.service.PasswordEncoder     - getInstance() - end
2025-09-05 09:42:59,270 DEBUG [JavaFX-Launcher] roha.srvcls.service.PasswordEncoder     - getInstance() - start
2025-09-05 09:42:59,270 INFO  [JavaFX-Launcher] roha.srvcls.service.PasswordEncoder     - New instance created
2025-09-05 09:42:59,271 DEBUG [JavaFX-Launcher] roha.srvcls.service.PasswordEncoder     - getInstance() - end
2025-09-05 09:56:18,498 DEBUG [JavaFX-Launcher] roha.srvcls.service.PasswordEncoder     - getInstance() - start
2025-09-05 09:56:18,503 INFO  [JavaFX-Launcher] roha.srvcls.service.PasswordEncoder     - New instance created
2025-09-05 09:56:18,503 DEBUG [JavaFX-Launcher] roha.srvcls.service.PasswordEncoder     - getInstance() - end
2025-09-05 09:56:18,629 DEBUG [JavaFX-Launcher] roha.srvcls.service.PasswordEncoder     - getInstance() - start
2025-09-05 09:56:18,629 INFO  [JavaFX-Launcher] roha.srvcls.service.PasswordEncoder     - New instance created
2025-09-05 09:56:18,631 DEBUG [JavaFX-Launcher] roha.srvcls.service.PasswordEncoder     - getInstance() - end
2025-09-05 09:58:20,159 DEBUG [JavaFX-Launcher] roha.srvcls.service.PasswordEncoder     - getInstance() - start
2025-09-05 09:58:20,161 INFO  [JavaFX-Launcher] roha.srvcls.service.PasswordEncoder     - New instance created
2025-09-05 09:58:20,162 DEBUG [JavaFX-Launcher] roha.srvcls.service.PasswordEncoder     - getInstance() - end
2025-09-05 09:58:20,287 DEBUG [JavaFX-Launcher] roha.srvcls.service.PasswordEncoder     - getInstance() - start
2025-09-05 09:58:20,287 INFO  [JavaFX-Launcher] roha.srvcls.service.PasswordEncoder     - New instance created
2025-09-05 09:58:20,287 DEBUG [JavaFX-Launcher] roha.srvcls.service.PasswordEncoder     - getInstance() - end
2025-09-05 10:03:26,012 DEBUG [JavaFX-Launcher] roha.srvcls.service.PasswordEncoder     - getInstance() - start
2025-09-05 10:03:26,016 INFO  [JavaFX-Launcher] roha.srvcls.service.PasswordEncoder     - New instance created
2025-09-05 10:03:26,016 DEBUG [JavaFX-Launcher] roha.srvcls.service.PasswordEncoder     - getInstance() - end
2025-09-05 10:03:26,139 DEBUG [JavaFX-Launcher] roha.srvcls.service.PasswordEncoder     - getInstance() - start
2025-09-05 10:03:26,139 INFO  [JavaFX-Launcher] roha.srvcls.service.PasswordEncoder     - New instance created
2025-09-05 10:03:26,140 DEBUG [JavaFX-Launcher] roha.srvcls.service.PasswordEncoder     - getInstance() - end
2025-09-05 10:21:17,678 DEBUG [JavaFX-Launcher] roha.srvcls.service.PasswordEncoder     - getInstance() - start
2025-09-05 10:21:17,681 INFO  [JavaFX-Launcher] roha.srvcls.service.PasswordEncoder     - New instance created
2025-09-05 10:21:17,681 DEBUG [JavaFX-Launcher] roha.srvcls.service.PasswordEncoder     - getInstance() - end
2025-09-05 10:21:17,798 DEBUG [JavaFX-Launcher] roha.srvcls.service.PasswordEncoder     - getInstance() - start
2025-09-05 10:21:17,798 INFO  [JavaFX-Launcher] roha.srvcls.service.PasswordEncoder     - New instance created
2025-09-05 10:21:17,799 DEBUG [JavaFX-Launcher] roha.srvcls.service.PasswordEncoder     - getInstance() - end
2025-09-05 10:29:42,669 DEBUG [JavaFX-Launcher] roha.srvcls.service.PasswordEncoder     - getInstance() - start
2025-09-05 10:29:42,672 INFO  [JavaFX-Launcher] roha.srvcls.service.PasswordEncoder     - New instance created
2025-09-05 10:29:42,672 DEBUG [JavaFX-Launcher] roha.srvcls.service.PasswordEncoder     - getInstance() - end
2025-09-05 10:29:42,796 DEBUG [JavaFX-Launcher] roha.srvcls.service.PasswordEncoder     - getInstance() - start
2025-09-05 10:29:42,796 INFO  [JavaFX-Launcher] roha.srvcls.service.PasswordEncoder     - New instance created
2025-09-05 10:29:42,796 DEBUG [JavaFX-Launcher] roha.srvcls.service.PasswordEncoder     - getInstance() - end
2025-09-05 10:36:42,416 DEBUG [JavaFX-Launcher] roha.srvcls.service.PasswordEncoder     - getInstance() - start
2025-09-05 10:36:42,422 INFO  [JavaFX-Launcher] roha.srvcls.service.PasswordEncoder     - New instance created
2025-09-05 10:36:42,422 DEBUG [JavaFX-Launcher] roha.srvcls.service.PasswordEncoder     - getInstance() - end
2025-09-05 10:36:42,539 DEBUG [JavaFX-Launcher] roha.srvcls.service.PasswordEncoder     - getInstance() - start
2025-09-05 10:36:42,539 INFO  [JavaFX-Launcher] roha.srvcls.service.PasswordEncoder     - New instance created
2025-09-05 10:36:42,539 DEBUG [JavaFX-Launcher] roha.srvcls.service.PasswordEncoder     - getInstance() - end
2025-09-05 10:55:46,525 DEBUG [JavaFX-Launcher] roha.srvcls.service.PasswordEncoder     - getInstance() - start
2025-09-05 10:55:46,529 INFO  [JavaFX-Launcher] roha.srvcls.service.PasswordEncoder     - New instance created
2025-09-05 10:55:46,530 DEBUG [JavaFX-Launcher] roha.srvcls.service.PasswordEncoder     - getInstance() - end
2025-09-05 10:55:46,648 DEBUG [JavaFX-Launcher] roha.srvcls.service.PasswordEncoder     - getInstance() - start
2025-09-05 10:55:46,648 INFO  [JavaFX-Launcher] roha.srvcls.service.PasswordEncoder     - New instance created
2025-09-05 10:55:46,649 DEBUG [JavaFX-Launcher] roha.srvcls.service.PasswordEncoder     - getInstance() - end
2025-09-05 10:59:43,053 DEBUG [JavaFX-Launcher] roha.srvcls.service.PasswordEncoder     - getInstance() - start
2025-09-05 10:59:43,056 INFO  [JavaFX-Launcher] roha.srvcls.service.PasswordEncoder     - New instance created
2025-09-05 10:59:43,056 DEBUG [JavaFX-Launcher] roha.srvcls.service.PasswordEncoder     - getInstance() - end
2025-09-05 10:59:43,171 DEBUG [JavaFX-Launcher] roha.srvcls.service.PasswordEncoder     - getInstance() - start
2025-09-05 10:59:43,172 INFO  [JavaFX-Launcher] roha.srvcls.service.PasswordEncoder     - New instance created
2025-09-05 10:59:43,172 DEBUG [JavaFX-Launcher] roha.srvcls.service.PasswordEncoder     - getInstance() - end
2025-09-05 11:00:00,728 DEBUG [JavaFX-Launcher] roha.srvcls.service.PasswordEncoder     - getInstance() - start
2025-09-05 11:00:00,731 INFO  [JavaFX-Launcher] roha.srvcls.service.PasswordEncoder     - New instance created
2025-09-05 11:00:00,731 DEBUG [JavaFX-Launcher] roha.srvcls.service.PasswordEncoder     - getInstance() - end
2025-09-05 11:00:00,885 DEBUG [JavaFX-Launcher] roha.srvcls.service.PasswordEncoder     - getInstance() - start
2025-09-05 11:00:00,885 INFO  [JavaFX-Launcher] roha.srvcls.service.PasswordEncoder     - New instance created
2025-09-05 11:00:00,886 DEBUG [JavaFX-Launcher] roha.srvcls.service.PasswordEncoder     - getInstance() - end
2025-09-05 11:59:35,023 DEBUG [JavaFX-Launcher] roha.srvcls.service.PasswordEncoder     - getInstance() - start
2025-09-05 11:59:35,029 INFO  [JavaFX-Launcher] roha.srvcls.service.PasswordEncoder     - New instance created
2025-09-05 11:59:35,029 DEBUG [JavaFX-Launcher] roha.srvcls.service.PasswordEncoder     - getInstance() - end
2025-09-05 11:59:35,149 DEBUG [JavaFX-Launcher] roha.srvcls.service.PasswordEncoder     - getInstance() - start
2025-09-05 11:59:35,149 INFO  [JavaFX-Launcher] roha.srvcls.service.PasswordEncoder     - New instance created
2025-09-05 11:59:35,150 DEBUG [JavaFX-Launcher] roha.srvcls.service.PasswordEncoder     - getInstance() - end
2025-09-05 12:06:45,251 DEBUG [JavaFX-Launcher] roha.srvcls.service.PasswordEncoder     - getInstance() - start
2025-09-05 12:06:45,254 INFO  [JavaFX-Launcher] roha.srvcls.service.PasswordEncoder     - New instance created
2025-09-05 12:06:45,254 DEBUG [JavaFX-Launcher] roha.srvcls.service.PasswordEncoder     - getInstance() - end
2025-09-05 12:06:45,406 DEBUG [JavaFX-Launcher] roha.srvcls.service.PasswordEncoder     - getInstance() - start
2025-09-05 12:06:45,406 INFO  [JavaFX-Launcher] roha.srvcls.service.PasswordEncoder     - New instance created
2025-09-05 12:06:45,406 DEBUG [JavaFX-Launcher] roha.srvcls.service.PasswordEncoder     - getInstance() - end
2025-09-05 12:20:46,903 DEBUG [JavaFX-Launcher] roha.srvcls.service.PasswordEncoder     - getInstance() - start
2025-09-05 12:20:46,907 INFO  [JavaFX-Launcher] roha.srvcls.service.PasswordEncoder     - New instance created
2025-09-05 12:20:46,907 DEBUG [JavaFX-Launcher] roha.srvcls.service.PasswordEncoder     - getInstance() - end
2025-09-05 12:20:47,060 DEBUG [JavaFX-Launcher] roha.srvcls.service.PasswordEncoder     - getInstance() - start
2025-09-05 12:20:47,060 INFO  [JavaFX-Launcher] roha.srvcls.service.PasswordEncoder     - New instance created
2025-09-05 12:20:47,061 DEBUG [JavaFX-Launcher] roha.srvcls.service.PasswordEncoder     - getInstance() - end
2025-09-05 12:28:38,307 DEBUG [JavaFX-Launcher] roha.srvcls.service.PasswordEncoder     - getInstance() - start
2025-09-05 12:28:38,310 INFO  [JavaFX-Launcher] roha.srvcls.service.PasswordEncoder     - New instance created
2025-09-05 12:28:38,311 DEBUG [JavaFX-Launcher] roha.srvcls.service.PasswordEncoder     - getInstance() - end
2025-09-05 12:28:38,425 DEBUG [JavaFX-Launcher] roha.srvcls.service.PasswordEncoder     - getInstance() - start
2025-09-05 12:28:38,425 INFO  [JavaFX-Launcher] roha.srvcls.service.PasswordEncoder     - New instance created
2025-09-05 12:28:38,425 DEBUG [JavaFX-Launcher] roha.srvcls.service.PasswordEncoder     - getInstance() - end
2025-09-05 12:41:24,688 DEBUG [JavaFX-Launcher] roha.srvcls.service.PasswordEncoder     - getInstance() - start
2025-09-05 12:41:24,694 INFO  [JavaFX-Launcher] roha.srvcls.service.PasswordEncoder     - New instance created
2025-09-05 12:41:24,694 DEBUG [JavaFX-Launcher] roha.srvcls.service.PasswordEncoder     - getInstance() - end
2025-09-05 12:41:24,819 DEBUG [JavaFX-Launcher] roha.srvcls.service.PasswordEncoder     - getInstance() - start
2025-09-05 12:41:24,819 INFO  [JavaFX-Launcher] roha.srvcls.service.PasswordEncoder     - New instance created
2025-09-05 12:41:24,819 DEBUG [JavaFX-Launcher] roha.srvcls.service.PasswordEncoder     - getInstance() - end
2025-09-05 13:34:39,356 DEBUG [JavaFX-Launcher] roha.srvcls.service.PasswordEncoder     - getInstance() - start
2025-09-05 13:34:39,361 INFO  [JavaFX-Launcher] roha.srvcls.service.PasswordEncoder     - New instance created
2025-09-05 13:34:39,362 DEBUG [JavaFX-Launcher] roha.srvcls.service.PasswordEncoder     - getInstance() - end
2025-09-05 13:34:39,477 DEBUG [JavaFX-Launcher] roha.srvcls.service.PasswordEncoder     - getInstance() - start
2025-09-05 13:34:39,477 INFO  [JavaFX-Launcher] roha.srvcls.service.PasswordEncoder     - New instance created
2025-09-05 13:34:39,478 DEBUG [JavaFX-Launcher] roha.srvcls.service.PasswordEncoder     - getInstance() - end
2025-09-05 13:54:17,656 DEBUG [JavaFX-Launcher] roha.srvcls.service.PasswordEncoder     - getInstance() - start
2025-09-05 13:54:17,659 INFO  [JavaFX-Launcher] roha.srvcls.service.PasswordEncoder     - New instance created
2025-09-05 13:54:17,659 DEBUG [JavaFX-Launcher] roha.srvcls.service.PasswordEncoder     - getInstance() - end
2025-09-05 13:54:17,771 DEBUG [JavaFX-Launcher] roha.srvcls.service.PasswordEncoder     - getInstance() - start
2025-09-05 13:54:17,771 INFO  [JavaFX-Launcher] roha.srvcls.service.PasswordEncoder     - New instance created
2025-09-05 13:54:17,772 DEBUG [JavaFX-Launcher] roha.srvcls.service.PasswordEncoder     - getInstance() - end
2025-09-05 13:55:36,721 DEBUG [JavaFX-Launcher] roha.srvcls.service.PasswordEncoder     - getInstance() - start
2025-09-05 13:55:36,725 INFO  [JavaFX-Launcher] roha.srvcls.service.PasswordEncoder     - New instance created
2025-09-05 13:55:36,726 DEBUG [JavaFX-Launcher] roha.srvcls.service.PasswordEncoder     - getInstance() - end
2025-09-05 13:55:36,834 DEBUG [JavaFX-Launcher] roha.srvcls.service.PasswordEncoder     - getInstance() - start
2025-09-05 13:55:36,834 INFO  [JavaFX-Launcher] roha.srvcls.service.PasswordEncoder     - New instance created
2025-09-05 13:55:36,835 DEBUG [JavaFX-Launcher] roha.srvcls.service.PasswordEncoder     - getInstance() - end
2025-09-05 13:56:23,817 DEBUG [JavaFX-Launcher] roha.srvcls.service.PasswordEncoder     - getInstance() - start
2025-09-05 13:56:23,821 INFO  [JavaFX-Launcher] roha.srvcls.service.PasswordEncoder     - New instance created
2025-09-05 13:56:23,821 DEBUG [JavaFX-Launcher] roha.srvcls.service.PasswordEncoder     - getInstance() - end
2025-09-05 13:56:23,923 DEBUG [JavaFX-Launcher] roha.srvcls.service.PasswordEncoder     - getInstance() - start
2025-09-05 13:56:23,924 INFO  [JavaFX-Launcher] roha.srvcls.service.PasswordEncoder     - New instance created
2025-09-05 13:56:23,924 DEBUG [JavaFX-Launcher] roha.srvcls.service.PasswordEncoder     - getInstance() - end
2025-09-05 13:59:48,159 DEBUG [JavaFX-Launcher] roha.srvcls.service.PasswordEncoder     - getInstance() - start
2025-09-05 13:59:48,162 INFO  [JavaFX-Launcher] roha.srvcls.service.PasswordEncoder     - New instance created
2025-09-05 13:59:48,163 DEBUG [JavaFX-Launcher] roha.srvcls.service.PasswordEncoder     - getInstance() - end
2025-09-05 13:59:48,267 DEBUG [JavaFX-Launcher] roha.srvcls.service.PasswordEncoder     - getInstance() - start
2025-09-05 13:59:48,267 INFO  [JavaFX-Launcher] roha.srvcls.service.PasswordEncoder     - New instance created
2025-09-05 13:59:48,267 DEBUG [JavaFX-Launcher] roha.srvcls.service.PasswordEncoder     - getInstance() - end
2025-09-05 14:11:11,767 DEBUG [JavaFX-Launcher] roha.srvcls.service.PasswordEncoder     - getInstance() - start
2025-09-05 14:11:11,769 INFO  [JavaFX-Launcher] roha.srvcls.service.PasswordEncoder     - New instance created
2025-09-05 14:11:11,770 DEBUG [JavaFX-Launcher] roha.srvcls.service.PasswordEncoder     - getInstance() - end
2025-09-05 14:11:11,874 DEBUG [JavaFX-Launcher] roha.srvcls.service.PasswordEncoder     - getInstance() - start
2025-09-05 14:11:11,875 INFO  [JavaFX-Launcher] roha.srvcls.service.PasswordEncoder     - New instance created
2025-09-05 14:11:11,875 DEBUG [JavaFX-Launcher] roha.srvcls.service.PasswordEncoder     - getInstance() - end
2025-09-05 14:11:35,890 DEBUG [JavaFX-Launcher] roha.srvcls.service.PasswordEncoder     - getInstance() - start
2025-09-05 14:11:35,892 INFO  [JavaFX-Launcher] roha.srvcls.service.PasswordEncoder     - New instance created
2025-09-05 14:11:35,892 DEBUG [JavaFX-Launcher] roha.srvcls.service.PasswordEncoder     - getInstance() - end
2025-09-05 14:11:35,987 DEBUG [JavaFX-Launcher] roha.srvcls.service.PasswordEncoder     - getInstance() - start
2025-09-05 14:11:35,987 INFO  [JavaFX-Launcher] roha.srvcls.service.PasswordEncoder     - New instance created
2025-09-05 14:11:35,987 DEBUG [JavaFX-Launcher] roha.srvcls.service.PasswordEncoder     - getInstance() - end
2025-09-05 14:15:24,486 DEBUG [JavaFX-Launcher] roha.srvcls.service.PasswordEncoder     - getInstance() - start
2025-09-05 14:15:24,489 INFO  [JavaFX-Launcher] roha.srvcls.service.PasswordEncoder     - New instance created
2025-09-05 14:15:24,489 DEBUG [JavaFX-Launcher] roha.srvcls.service.PasswordEncoder     - getInstance() - end
2025-09-05 14:15:24,586 DEBUG [JavaFX-Launcher] roha.srvcls.service.PasswordEncoder     - getInstance() - start
2025-09-05 14:15:24,587 INFO  [JavaFX-Launcher] roha.srvcls.service.PasswordEncoder     - New instance created
2025-09-05 14:15:24,587 DEBUG [JavaFX-Launcher] roha.srvcls.service.PasswordEncoder     - getInstance() - end
2025-09-05 14:56:33,143 DEBUG [JavaFX-Launcher] roha.srvcls.service.PasswordEncoder     - getInstance() - start
2025-09-05 14:56:33,147 INFO  [JavaFX-Launcher] roha.srvcls.service.PasswordEncoder     - New instance created
2025-09-05 14:56:33,147 DEBUG [JavaFX-Launcher] roha.srvcls.service.PasswordEncoder     - getInstance() - end
2025-09-05 14:56:33,252 DEBUG [JavaFX-Launcher] roha.srvcls.service.PasswordEncoder     - getInstance() - start
2025-09-05 14:56:33,252 INFO  [JavaFX-Launcher] roha.srvcls.service.PasswordEncoder     - New instance created
2025-09-05 14:56:33,253 DEBUG [JavaFX-Launcher] roha.srvcls.service.PasswordEncoder     - getInstance() - end
2025-09-05 14:57:35,816 DEBUG [JavaFX-Launcher] roha.srvcls.service.PasswordEncoder     - getInstance() - start
2025-09-05 14:57:35,819 INFO  [JavaFX-Launcher] roha.srvcls.service.PasswordEncoder     - New instance created
2025-09-05 14:57:35,819 DEBUG [JavaFX-Launcher] roha.srvcls.service.PasswordEncoder     - getInstance() - end
2025-09-05 14:57:35,933 DEBUG [JavaFX-Launcher] roha.srvcls.service.PasswordEncoder     - getInstance() - start
2025-09-05 14:57:35,933 INFO  [JavaFX-Launcher] roha.srvcls.service.PasswordEncoder     - New instance created
2025-09-05 14:57:35,933 DEBUG [JavaFX-Launcher] roha.srvcls.service.PasswordEncoder     - getInstance() - end
2025-09-08 08:36:02,249 DEBUG [JavaFX-Launcher] roha.srvcls.service.PasswordEncoder     - getInstance() - start
2025-09-08 08:36:02,259 INFO  [JavaFX-Launcher] roha.srvcls.service.PasswordEncoder     - New instance created
2025-09-08 08:36:02,260 DEBUG [JavaFX-Launcher] roha.srvcls.service.PasswordEncoder     - getInstance() - end
2025-09-08 08:36:02,511 DEBUG [JavaFX-Launcher] roha.srvcls.service.PasswordEncoder     - getInstance() - start
2025-09-08 08:36:02,512 INFO  [JavaFX-Launcher] roha.srvcls.service.PasswordEncoder     - New instance created
2025-09-08 08:36:02,512 DEBUG [JavaFX-Launcher] roha.srvcls.service.PasswordEncoder     - getInstance() - end
2025-09-08 08:58:25,469 DEBUG [JavaFX-Launcher] roha.srvcls.service.PasswordEncoder     - getInstance() - start
2025-09-08 08:58:25,472 INFO  [JavaFX-Launcher] roha.srvcls.service.PasswordEncoder     - New instance created
2025-09-08 08:58:25,472 DEBUG [JavaFX-Launcher] roha.srvcls.service.PasswordEncoder     - getInstance() - end
2025-09-08 08:58:25,610 DEBUG [JavaFX-Launcher] roha.srvcls.service.PasswordEncoder     - getInstance() - start
2025-09-08 08:58:25,610 INFO  [JavaFX-Launcher] roha.srvcls.service.PasswordEncoder     - New instance created
2025-09-08 08:58:25,611 DEBUG [JavaFX-Launcher] roha.srvcls.service.PasswordEncoder     - getInstance() - end
2025-09-08 08:59:51,056 DEBUG [JavaFX-Launcher] roha.srvcls.service.PasswordEncoder     - getInstance() - start
2025-09-08 08:59:51,059 INFO  [JavaFX-Launcher] roha.srvcls.service.PasswordEncoder     - New instance created
2025-09-08 08:59:51,059 DEBUG [JavaFX-Launcher] roha.srvcls.service.PasswordEncoder     - getInstance() - end
2025-09-08 09:03:25,680 DEBUG [JavaFX-Launcher] roha.srvcls.service.PasswordEncoder     - getInstance() - start
2025-09-08 09:03:25,683 INFO  [JavaFX-Launcher] roha.srvcls.service.PasswordEncoder     - New instance created
2025-09-08 09:03:25,683 DEBUG [JavaFX-Launcher] roha.srvcls.service.PasswordEncoder     - getInstance() - end
2025-09-08 09:03:25,789 DEBUG [JavaFX-Launcher] roha.srvcls.service.PasswordEncoder     - getInstance() - start
2025-09-08 09:03:25,789 INFO  [JavaFX-Launcher] roha.srvcls.service.PasswordEncoder     - New instance created
2025-09-08 09:03:25,790 DEBUG [JavaFX-Launcher] roha.srvcls.service.PasswordEncoder     - getInstance() - end
2025-09-08 09:04:46,144 DEBUG [JavaFX-Launcher] roha.srvcls.service.PasswordEncoder     - getInstance() - start
2025-09-08 09:04:46,147 INFO  [JavaFX-Launcher] roha.srvcls.service.PasswordEncoder     - New instance created
2025-09-08 09:04:46,147 DEBUG [JavaFX-Launcher] roha.srvcls.service.PasswordEncoder     - getInstance() - end
2025-09-08 09:04:46,261 DEBUG [JavaFX-Launcher] roha.srvcls.service.PasswordEncoder     - getInstance() - start
2025-09-08 09:04:46,261 INFO  [JavaFX-Launcher] roha.srvcls.service.PasswordEncoder     - New instance created
2025-09-08 09:04:46,262 DEBUG [JavaFX-Launcher] roha.srvcls.service.PasswordEncoder     - getInstance() - end
2025-09-08 10:35:14,523 DEBUG [JavaFX-Launcher] roha.srvcls.service.PasswordEncoder     - getInstance() - start
2025-09-08 10:35:14,527 INFO  [JavaFX-Launcher] roha.srvcls.service.PasswordEncoder     - New instance created
2025-09-08 10:35:14,527 DEBUG [JavaFX-Launcher] roha.srvcls.service.PasswordEncoder     - getInstance() - end
2025-09-08 10:35:14,638 DEBUG [JavaFX-Launcher] roha.srvcls.service.PasswordEncoder     - getInstance() - start
2025-09-08 10:35:14,638 INFO  [JavaFX-Launcher] roha.srvcls.service.PasswordEncoder     - New instance created
2025-09-08 10:35:14,639 DEBUG [JavaFX-Launcher] roha.srvcls.service.PasswordEncoder     - getInstance() - end
2025-09-08 11:21:37,746 DEBUG [JavaFX-Launcher] roha.srvcls.service.PasswordEncoder     - getInstance() - start
2025-09-08 11:21:37,749 INFO  [JavaFX-Launcher] roha.srvcls.service.PasswordEncoder     - New instance created
2025-09-08 11:21:37,749 DEBUG [JavaFX-Launcher] roha.srvcls.service.PasswordEncoder     - getInstance() - end
2025-09-08 11:21:37,858 DEBUG [JavaFX-Launcher] roha.srvcls.service.PasswordEncoder     - getInstance() - start
2025-09-08 11:21:37,859 INFO  [JavaFX-Launcher] roha.srvcls.service.PasswordEncoder     - New instance created
2025-09-08 11:21:37,859 DEBUG [JavaFX-Launcher] roha.srvcls.service.PasswordEncoder     - getInstance() - end
2025-09-08 14:51:00,718 DEBUG [JavaFX-Launcher] roha.srvcls.service.PasswordEncoder     - getInstance() - start
2025-09-08 14:51:00,722 INFO  [JavaFX-Launcher] roha.srvcls.service.PasswordEncoder     - New instance created
2025-09-08 14:51:00,722 DEBUG [JavaFX-Launcher] roha.srvcls.service.PasswordEncoder     - getInstance() - end
2025-09-08 14:51:00,825 DEBUG [JavaFX-Launcher] roha.srvcls.service.PasswordEncoder     - getInstance() - start
2025-09-08 14:51:00,826 INFO  [JavaFX-Launcher] roha.srvcls.service.PasswordEncoder     - New instance created
2025-09-08 14:51:00,826 DEBUG [JavaFX-Launcher] roha.srvcls.service.PasswordEncoder     - getInstance() - end
2025-09-08 15:00:51,139 DEBUG [JavaFX-Launcher] roha.srvcls.service.PasswordEncoder     - getInstance() - start
2025-09-08 15:00:51,142 INFO  [JavaFX-Launcher] roha.srvcls.service.PasswordEncoder     - New instance created
2025-09-08 15:00:51,142 DEBUG [JavaFX-Launcher] roha.srvcls.service.PasswordEncoder     - getInstance() - end
2025-09-08 15:00:51,280 DEBUG [JavaFX-Launcher] roha.srvcls.service.PasswordEncoder     - getInstance() - start
2025-09-08 15:00:51,280 INFO  [JavaFX-Launcher] roha.srvcls.service.PasswordEncoder     - New instance created
2025-09-08 15:00:51,281 DEBUG [JavaFX-Launcher] roha.srvcls.service.PasswordEncoder     - getInstance() - end
2025-09-08 15:01:32,139 DEBUG [JavaFX-Launcher] roha.srvcls.service.PasswordEncoder     - getInstance() - start
2025-09-08 15:01:32,142 INFO  [JavaFX-Launcher] roha.srvcls.service.PasswordEncoder     - New instance created
2025-09-08 15:01:32,142 DEBUG [JavaFX-Launcher] roha.srvcls.service.PasswordEncoder     - getInstance() - end
2025-09-08 15:01:32,280 DEBUG [JavaFX-Launcher] roha.srvcls.service.PasswordEncoder     - getInstance() - start
2025-09-08 15:01:32,280 INFO  [JavaFX-Launcher] roha.srvcls.service.PasswordEncoder     - New instance created
2025-09-08 15:01:32,281 DEBUG [JavaFX-Launcher] roha.srvcls.service.PasswordEncoder     - getInstance() - end
2025-09-08 15:03:30,057 DEBUG [JavaFX-Launcher] roha.srvcls.service.PasswordEncoder     - getInstance() - start
2025-09-08 15:03:30,061 INFO  [JavaFX-Launcher] roha.srvcls.service.PasswordEncoder     - New instance created
2025-09-08 15:03:30,061 DEBUG [JavaFX-Launcher] roha.srvcls.service.PasswordEncoder     - getInstance() - end
2025-09-08 15:03:30,163 DEBUG [JavaFX-Launcher] roha.srvcls.service.PasswordEncoder     - getInstance() - start
2025-09-08 15:03:30,163 INFO  [JavaFX-Launcher] roha.srvcls.service.PasswordEncoder     - New instance created
2025-09-08 15:03:30,164 DEBUG [JavaFX-Launcher] roha.srvcls.service.PasswordEncoder     - getInstance() - end
2025-09-08 15:08:42,119 DEBUG [JavaFX-Launcher] roha.srvcls.service.PasswordEncoder     - getInstance() - start
2025-09-08 15:08:42,123 INFO  [JavaFX-Launcher] roha.srvcls.service.PasswordEncoder     - New instance created
2025-09-08 15:08:42,123 DEBUG [JavaFX-Launcher] roha.srvcls.service.PasswordEncoder     - getInstance() - end
2025-09-08 15:08:42,280 DEBUG [JavaFX-Launcher] roha.srvcls.service.PasswordEncoder     - getInstance() - start
2025-09-08 15:08:42,280 INFO  [JavaFX-Launcher] roha.srvcls.service.PasswordEncoder     - New instance created
2025-09-08 15:08:42,281 DEBUG [JavaFX-Launcher] roha.srvcls.service.PasswordEncoder     - getInstance() - end
2025-09-08 15:10:41,909 DEBUG [JavaFX-Launcher] roha.srvcls.service.PasswordEncoder     - getInstance() - start
2025-09-08 15:10:41,912 INFO  [JavaFX-Launcher] roha.srvcls.service.PasswordEncoder     - New instance created
2025-09-08 15:10:41,913 DEBUG [JavaFX-Launcher] roha.srvcls.service.PasswordEncoder     - getInstance() - end
2025-09-08 15:10:42,021 DEBUG [JavaFX-Launcher] roha.srvcls.service.PasswordEncoder     - getInstance() - start
2025-09-08 15:10:42,022 INFO  [JavaFX-Launcher] roha.srvcls.service.PasswordEncoder     - New instance created
2025-09-08 15:10:42,022 DEBUG [JavaFX-Launcher] roha.srvcls.service.PasswordEncoder     - getInstance() - end
2025-09-08 15:16:41,445 DEBUG [JavaFX-Launcher] roha.srvcls.service.PasswordEncoder     - getInstance() - start
2025-09-08 15:16:41,448 INFO  [JavaFX-Launcher] roha.srvcls.service.PasswordEncoder     - New instance created
2025-09-08 15:16:41,448 DEBUG [JavaFX-Launcher] roha.srvcls.service.PasswordEncoder     - getInstance() - end
2025-09-08 15:16:41,542 DEBUG [JavaFX-Launcher] roha.srvcls.service.PasswordEncoder     - getInstance() - start
2025-09-08 15:16:41,543 INFO  [JavaFX-Launcher] roha.srvcls.service.PasswordEncoder     - New instance created
2025-09-08 15:16:41,543 DEBUG [JavaFX-Launcher] roha.srvcls.service.PasswordEncoder     - getInstance() - end
2025-09-09 09:43:50,645 DEBUG [JavaFX-Launcher] roha.srvcls.service.PasswordEncoder     - getInstance() - start
2025-09-09 09:43:50,649 INFO  [JavaFX-Launcher] roha.srvcls.service.PasswordEncoder     - New instance created
2025-09-09 09:43:50,650 DEBUG [JavaFX-Launcher] roha.srvcls.service.PasswordEncoder     - getInstance() - end
2025-09-09 09:43:50,770 DEBUG [JavaFX-Launcher] roha.srvcls.service.PasswordEncoder     - getInstance() - start
2025-09-09 09:43:50,770 INFO  [JavaFX-Launcher] roha.srvcls.service.PasswordEncoder     - New instance created
2025-09-09 09:43:50,771 DEBUG [JavaFX-Launcher] roha.srvcls.service.PasswordEncoder     - getInstance() - end
2025-09-09 09:53:19,812 DEBUG [JavaFX-Launcher] roha.srvcls.service.PasswordEncoder     - getInstance() - start
2025-09-09 09:53:19,816 INFO  [JavaFX-Launcher] roha.srvcls.service.PasswordEncoder     - New instance created
2025-09-09 09:53:19,816 DEBUG [JavaFX-Launcher] roha.srvcls.service.PasswordEncoder     - getInstance() - end
2025-09-09 09:53:19,921 DEBUG [JavaFX-Launcher] roha.srvcls.service.PasswordEncoder     - getInstance() - start
2025-09-09 09:53:19,921 INFO  [JavaFX-Launcher] roha.srvcls.service.PasswordEncoder     - New instance created
2025-09-09 09:53:19,921 DEBUG [JavaFX-Launcher] roha.srvcls.service.PasswordEncoder     - getInstance() - end
2025-09-10 10:49:21,041 DEBUG [JavaFX-Launcher] roha.srvcls.service.PasswordEncoder     - getInstance() - start
2025-09-10 10:49:21,045 INFO  [JavaFX-Launcher] roha.srvcls.service.PasswordEncoder     - New instance created
2025-09-10 10:49:21,045 DEBUG [JavaFX-Launcher] roha.srvcls.service.PasswordEncoder     - getInstance() - end
2025-09-10 10:49:21,218 DEBUG [JavaFX-Launcher] roha.srvcls.service.PasswordEncoder     - getInstance() - start
2025-09-10 10:49:21,218 INFO  [JavaFX-Launcher] roha.srvcls.service.PasswordEncoder     - New instance created
2025-09-10 10:49:21,219 DEBUG [JavaFX-Launcher] roha.srvcls.service.PasswordEncoder     - getInstance() - end
2025-09-10 10:53:41,456 DEBUG [JavaFX-Launcher] roha.srvcls.service.PasswordEncoder     - getInstance() - start
2025-09-10 10:53:41,459 INFO  [JavaFX-Launcher] roha.srvcls.service.PasswordEncoder     - New instance created
2025-09-10 10:53:41,459 DEBUG [JavaFX-Launcher] roha.srvcls.service.PasswordEncoder     - getInstance() - end
2025-09-10 10:53:41,612 DEBUG [JavaFX-Launcher] roha.srvcls.service.PasswordEncoder     - getInstance() - start
2025-09-10 10:53:41,612 INFO  [JavaFX-Launcher] roha.srvcls.service.PasswordEncoder     - New instance created
2025-09-10 10:53:41,613 DEBUG [JavaFX-Launcher] roha.srvcls.service.PasswordEncoder     - getInstance() - end
2025-09-10 10:55:13,189 DEBUG [JavaFX-Launcher] roha.srvcls.service.PasswordEncoder     - getInstance() - start
2025-09-10 10:55:13,192 INFO  [JavaFX-Launcher] roha.srvcls.service.PasswordEncoder     - New instance created
2025-09-10 10:55:13,193 DEBUG [JavaFX-Launcher] roha.srvcls.service.PasswordEncoder     - getInstance() - end
2025-09-10 10:55:13,345 DEBUG [JavaFX-Launcher] roha.srvcls.service.PasswordEncoder     - getInstance() - start
2025-09-10 10:55:13,345 INFO  [JavaFX-Launcher] roha.srvcls.service.PasswordEncoder     - New instance created
2025-09-10 10:55:13,346 DEBUG [JavaFX-Launcher] roha.srvcls.service.PasswordEncoder     - getInstance() - end
2025-09-10 10:59:58,795 DEBUG [JavaFX-Launcher] roha.srvcls.service.PasswordEncoder     - getInstance() - start
2025-09-10 10:59:58,800 INFO  [JavaFX-Launcher] roha.srvcls.service.PasswordEncoder     - New instance created
2025-09-10 10:59:58,800 DEBUG [JavaFX-Launcher] roha.srvcls.service.PasswordEncoder     - getInstance() - end
2025-09-10 10:59:58,961 DEBUG [JavaFX-Launcher] roha.srvcls.service.PasswordEncoder     - getInstance() - start
2025-09-10 10:59:58,962 INFO  [JavaFX-Launcher] roha.srvcls.service.PasswordEncoder     - New instance created
2025-09-10 10:59:58,962 DEBUG [JavaFX-Launcher] roha.srvcls.service.PasswordEncoder     - getInstance() - end
2025-09-10 11:01:33,489 DEBUG [JavaFX-Launcher] roha.srvcls.service.PasswordEncoder     - getInstance() - start
2025-09-10 11:01:33,492 INFO  [JavaFX-Launcher] roha.srvcls.service.PasswordEncoder     - New instance created
2025-09-10 11:01:33,492 DEBUG [JavaFX-Launcher] roha.srvcls.service.PasswordEncoder     - getInstance() - end
2025-09-10 11:01:33,645 DEBUG [JavaFX-Launcher] roha.srvcls.service.PasswordEncoder     - getInstance() - start
2025-09-10 11:01:33,646 INFO  [JavaFX-Launcher] roha.srvcls.service.PasswordEncoder     - New instance created
2025-09-10 11:01:33,646 DEBUG [JavaFX-Launcher] roha.srvcls.service.PasswordEncoder     - getInstance() - end
2025-09-10 11:05:50,611 DEBUG [JavaFX-Launcher] roha.srvcls.service.PasswordEncoder     - getInstance() - start
2025-09-10 11:05:50,614 INFO  [JavaFX-Launcher] roha.srvcls.service.PasswordEncoder     - New instance created
2025-09-10 11:05:50,614 DEBUG [JavaFX-Launcher] roha.srvcls.service.PasswordEncoder     - getInstance() - end
2025-09-10 11:05:50,770 DEBUG [JavaFX-Launcher] roha.srvcls.service.PasswordEncoder     - getInstance() - start
2025-09-10 11:05:50,771 INFO  [JavaFX-Launcher] roha.srvcls.service.PasswordEncoder     - New instance created
2025-09-10 11:05:50,771 DEBUG [JavaFX-Launcher] roha.srvcls.service.PasswordEncoder     - getInstance() - end
2025-09-10 11:08:00,672 DEBUG [JavaFX-Launcher] roha.srvcls.service.PasswordEncoder     - getInstance() - start
2025-09-10 11:08:00,675 INFO  [JavaFX-Launcher] roha.srvcls.service.PasswordEncoder     - New instance created
2025-09-10 11:08:00,675 DEBUG [JavaFX-Launcher] roha.srvcls.service.PasswordEncoder     - getInstance() - end
2025-09-10 11:08:00,831 DEBUG [JavaFX-Launcher] roha.srvcls.service.PasswordEncoder     - getInstance() - start
2025-09-10 11:08:00,831 INFO  [JavaFX-Launcher] roha.srvcls.service.PasswordEncoder     - New instance created
2025-09-10 11:08:00,831 DEBUG [JavaFX-Launcher] roha.srvcls.service.PasswordEncoder     - getInstance() - end
2025-09-10 11:08:49,626 DEBUG [JavaFX-Launcher] roha.srvcls.service.PasswordEncoder     - getInstance() - start
2025-09-10 11:08:49,629 INFO  [JavaFX-Launcher] roha.srvcls.service.PasswordEncoder     - New instance created
2025-09-10 11:08:49,629 DEBUG [JavaFX-Launcher] roha.srvcls.service.PasswordEncoder     - getInstance() - end
2025-09-10 11:08:49,786 DEBUG [JavaFX-Launcher] roha.srvcls.service.PasswordEncoder     - getInstance() - start
2025-09-10 11:08:49,787 INFO  [JavaFX-Launcher] roha.srvcls.service.PasswordEncoder     - New instance created
2025-09-10 11:08:49,787 DEBUG [JavaFX-Launcher] roha.srvcls.service.PasswordEncoder     - getInstance() - end
2025-09-10 11:15:05,119 DEBUG [JavaFX-Launcher] roha.srvcls.service.PasswordEncoder     - getInstance() - start
2025-09-10 11:15:05,122 INFO  [JavaFX-Launcher] roha.srvcls.service.PasswordEncoder     - New instance created
2025-09-10 11:15:05,123 DEBUG [JavaFX-Launcher] roha.srvcls.service.PasswordEncoder     - getInstance() - end
2025-09-10 11:15:05,278 DEBUG [JavaFX-Launcher] roha.srvcls.service.PasswordEncoder     - getInstance() - start
2025-09-10 11:15:05,279 INFO  [JavaFX-Launcher] roha.srvcls.service.PasswordEncoder     - New instance created
2025-09-10 11:15:05,279 DEBUG [JavaFX-Launcher] roha.srvcls.service.PasswordEncoder     - getInstance() - end
2025-09-10 11:17:37,946 DEBUG [JavaFX-Launcher] roha.srvcls.service.PasswordEncoder     - getInstance() - start
2025-09-10 11:17:37,949 INFO  [JavaFX-Launcher] roha.srvcls.service.PasswordEncoder     - New instance created
2025-09-10 11:17:37,949 DEBUG [JavaFX-Launcher] roha.srvcls.service.PasswordEncoder     - getInstance() - end
2025-09-10 11:17:38,106 DEBUG [JavaFX-Launcher] roha.srvcls.service.PasswordEncoder     - getInstance() - start
2025-09-10 11:17:38,106 INFO  [JavaFX-Launcher] roha.srvcls.service.PasswordEncoder     - New instance created
2025-09-10 11:17:38,107 DEBUG [JavaFX-Launcher] roha.srvcls.service.PasswordEncoder     - getInstance() - end
2025-09-10 11:20:14,393 DEBUG [JavaFX-Launcher] roha.srvcls.service.PasswordEncoder     - getInstance() - start
2025-09-10 11:20:14,396 INFO  [JavaFX-Launcher] roha.srvcls.service.PasswordEncoder     - New instance created
2025-09-10 11:20:14,396 DEBUG [JavaFX-Launcher] roha.srvcls.service.PasswordEncoder     - getInstance() - end
2025-09-10 11:20:14,559 DEBUG [JavaFX-Launcher] roha.srvcls.service.PasswordEncoder     - getInstance() - start
2025-09-10 11:20:14,559 INFO  [JavaFX-Launcher] roha.srvcls.service.PasswordEncoder     - New instance created
2025-09-10 11:20:14,561 DEBUG [JavaFX-Launcher] roha.srvcls.service.PasswordEncoder     - getInstance() - end
2025-09-15 15:52:52,137 DEBUG [JavaFX-Launcher] roha.srvcls.service.PasswordEncoder     - getInstance() - start
2025-09-15 15:52:52,140 INFO  [JavaFX-Launcher] roha.srvcls.service.PasswordEncoder     - New instance created
2025-09-15 15:52:52,140 DEBUG [JavaFX-Launcher] roha.srvcls.service.PasswordEncoder     - getInstance() - end
2025-09-15 15:52:52,257 DEBUG [JavaFX-Launcher] roha.srvcls.service.PasswordEncoder     - getInstance() - start
2025-09-15 15:52:52,257 INFO  [JavaFX-Launcher] roha.srvcls.service.PasswordEncoder     - New instance created
2025-09-15 15:52:52,257 DEBUG [JavaFX-Launcher] roha.srvcls.service.PasswordEncoder     - getInstance() - end
2025-09-15 15:53:27,276 DEBUG [JavaFX-Launcher] roha.srvcls.service.PasswordEncoder     - getInstance() - start
2025-09-15 15:53:27,279 INFO  [JavaFX-Launcher] roha.srvcls.service.PasswordEncoder     - New instance created
2025-09-15 15:53:27,279 DEBUG [JavaFX-Launcher] roha.srvcls.service.PasswordEncoder     - getInstance() - end
2025-09-15 15:53:27,372 DEBUG [JavaFX-Launcher] roha.srvcls.service.PasswordEncoder     - getInstance() - start
2025-09-15 15:53:27,372 INFO  [JavaFX-Launcher] roha.srvcls.service.PasswordEncoder     - New instance created
2025-09-15 15:53:27,372 DEBUG [JavaFX-Launcher] roha.srvcls.service.PasswordEncoder     - getInstance() - end
2025-09-15 15:53:41,857 DEBUG [JavaFX-Launcher] roha.srvcls.service.PasswordEncoder     - getInstance() - start
2025-09-15 15:53:41,859 INFO  [JavaFX-Launcher] roha.srvcls.service.PasswordEncoder     - New instance created
2025-09-15 15:53:41,860 DEBUG [JavaFX-Launcher] roha.srvcls.service.PasswordEncoder     - getInstance() - end
2025-09-15 15:53:41,958 DEBUG [JavaFX-Launcher] roha.srvcls.service.PasswordEncoder     - getInstance() - start
2025-09-15 15:53:41,958 INFO  [JavaFX-Launcher] roha.srvcls.service.PasswordEncoder     - New instance created
2025-09-15 15:53:41,959 DEBUG [JavaFX-Launcher] roha.srvcls.service.PasswordEncoder     - getInstance() - end
2025-09-23 08:33:49,293 DEBUG [JavaFX-Launcher] roha.srvcls.service.PasswordEncoder     - getInstance() - start
2025-09-23 08:33:49,296 INFO  [JavaFX-Launcher] roha.srvcls.service.PasswordEncoder     - New instance created
2025-09-23 08:33:49,296 DEBUG [JavaFX-Launcher] roha.srvcls.service.PasswordEncoder     - getInstance() - end
2025-09-23 08:33:49,407 DEBUG [JavaFX-Launcher] roha.srvcls.service.PasswordEncoder     - getInstance() - start
2025-09-23 08:33:49,407 INFO  [JavaFX-Launcher] roha.srvcls.service.PasswordEncoder     - New instance created
2025-09-23 08:33:49,407 DEBUG [JavaFX-Launcher] roha.srvcls.service.PasswordEncoder     - getInstance() - end
2025-09-23 08:48:11,321 DEBUG [JavaFX-Launcher] roha.srvcls.service.PasswordEncoder     - getInstance() - start
2025-09-23 08:48:11,324 INFO  [JavaFX-Launcher] roha.srvcls.service.PasswordEncoder     - New instance created
2025-09-23 08:48:11,324 DEBUG [JavaFX-Launcher] roha.srvcls.service.PasswordEncoder     - getInstance() - end
2025-09-23 08:48:11,420 DEBUG [JavaFX-Launcher] roha.srvcls.service.PasswordEncoder     - getInstance() - start
2025-09-23 08:48:11,420 INFO  [JavaFX-Launcher] roha.srvcls.service.PasswordEncoder     - New instance created
2025-09-23 08:48:11,420 DEBUG [JavaFX-Launcher] roha.srvcls.service.PasswordEncoder     - getInstance() - end
2025-09-23 08:48:57,263 DEBUG [JavaFX-Launcher] roha.srvcls.service.PasswordEncoder     - getInstance() - start
2025-09-23 08:48:57,265 INFO  [JavaFX-Launcher] roha.srvcls.service.PasswordEncoder     - New instance created
2025-09-23 08:48:57,265 DEBUG [JavaFX-Launcher] roha.srvcls.service.PasswordEncoder     - getInstance() - end
2025-09-23 08:48:57,365 DEBUG [JavaFX-Launcher] roha.srvcls.service.PasswordEncoder     - getInstance() - start
2025-09-23 08:48:57,366 INFO  [JavaFX-Launcher] roha.srvcls.service.PasswordEncoder     - New instance created
2025-09-23 08:48:57,366 DEBUG [JavaFX-Launcher] roha.srvcls.service.PasswordEncoder     - getInstance() - end
2025-09-23 08:55:25,721 DEBUG [JavaFX-Launcher] roha.srvcls.service.PasswordEncoder     - getInstance() - start
2025-09-23 08:55:25,724 INFO  [JavaFX-Launcher] roha.srvcls.service.PasswordEncoder     - New instance created
2025-09-23 08:55:25,724 DEBUG [JavaFX-Launcher] roha.srvcls.service.PasswordEncoder     - getInstance() - end
2025-09-23 08:55:25,822 DEBUG [JavaFX-Launcher] roha.srvcls.service.PasswordEncoder     - getInstance() - start
2025-09-23 08:55:25,823 INFO  [JavaFX-Launcher] roha.srvcls.service.PasswordEncoder     - New instance created
2025-09-23 08:55:25,823 DEBUG [JavaFX-Launcher] roha.srvcls.service.PasswordEncoder     - getInstance() - end
2025-09-23 08:56:43,052 DEBUG [JavaFX-Launcher] roha.srvcls.service.PasswordEncoder     - getInstance() - start
2025-09-23 08:56:43,054 INFO  [JavaFX-Launcher] roha.srvcls.service.PasswordEncoder     - New instance created
2025-09-23 08:56:43,054 DEBUG [JavaFX-Launcher] roha.srvcls.service.PasswordEncoder     - getInstance() - end
2025-09-23 08:56:43,156 DEBUG [JavaFX-Launcher] roha.srvcls.service.PasswordEncoder     - getInstance() - start
2025-09-23 08:56:43,156 INFO  [JavaFX-Launcher] roha.srvcls.service.PasswordEncoder     - New instance created
2025-09-23 08:56:43,156 DEBUG [JavaFX-Launcher] roha.srvcls.service.PasswordEncoder     - getInstance() - end
2025-09-23 08:57:48,932 DEBUG [JavaFX-Launcher] roha.srvcls.service.PasswordEncoder     - getInstance() - start
2025-09-23 08:57:48,935 INFO  [JavaFX-Launcher] roha.srvcls.service.PasswordEncoder     - New instance created
2025-09-23 08:57:48,935 DEBUG [JavaFX-Launcher] roha.srvcls.service.PasswordEncoder     - getInstance() - end
2025-09-23 08:57:49,033 DEBUG [JavaFX-Launcher] roha.srvcls.service.PasswordEncoder     - getInstance() - start
2025-09-23 08:57:49,034 INFO  [JavaFX-Launcher] roha.srvcls.service.PasswordEncoder     - New instance created
2025-09-23 08:57:49,034 DEBUG [JavaFX-Launcher] roha.srvcls.service.PasswordEncoder     - getInstance() - end
2025-09-24 07:59:18,637 DEBUG [JavaFX-Launcher] roha.srvcls.service.PasswordEncoder     - getInstance() - start
2025-09-24 07:59:18,640 INFO  [JavaFX-Launcher] roha.srvcls.service.PasswordEncoder     - New instance created
2025-09-24 07:59:18,641 DEBUG [JavaFX-Launcher] roha.srvcls.service.PasswordEncoder     - getInstance() - end
2025-09-24 07:59:18,825 DEBUG [JavaFX-Launcher] roha.srvcls.service.PasswordEncoder     - getInstance() - start
2025-09-24 07:59:18,825 INFO  [JavaFX-Launcher] roha.srvcls.service.PasswordEncoder     - New instance created
2025-09-24 07:59:18,826 DEBUG [JavaFX-Launcher] roha.srvcls.service.PasswordEncoder     - getInstance() - end
2025-09-24 09:15:59,297 DEBUG [JavaFX-Launcher] roha.srvcls.service.PasswordEncoder     - getInstance() - start
2025-09-24 09:15:59,299 INFO  [JavaFX-Launcher] roha.srvcls.service.PasswordEncoder     - New instance created
2025-09-24 09:15:59,299 DEBUG [JavaFX-Launcher] roha.srvcls.service.PasswordEncoder     - getInstance() - end
2025-09-24 09:15:59,400 DEBUG [JavaFX-Launcher] roha.srvcls.service.PasswordEncoder     - getInstance() - start
2025-09-24 09:15:59,403 INFO  [JavaFX-Launcher] roha.srvcls.service.PasswordEncoder     - New instance created
2025-09-24 09:15:59,404 DEBUG [JavaFX-Launcher] roha.srvcls.service.PasswordEncoder     - getInstance() - end
2025-09-24 09:16:58,660 DEBUG [JavaFX-Launcher] roha.srvcls.service.PasswordEncoder     - getInstance() - start
2025-09-24 09:16:58,662 INFO  [JavaFX-Launcher] roha.srvcls.service.PasswordEncoder     - New instance created
2025-09-24 09:16:58,662 DEBUG [JavaFX-Launcher] roha.srvcls.service.PasswordEncoder     - getInstance() - end
2025-09-24 09:16:58,761 DEBUG [JavaFX-Launcher] roha.srvcls.service.PasswordEncoder     - getInstance() - start
2025-09-24 09:16:58,761 INFO  [JavaFX-Launcher] roha.srvcls.service.PasswordEncoder     - New instance created
2025-09-24 09:16:58,762 DEBUG [JavaFX-Launcher] roha.srvcls.service.PasswordEncoder     - getInstance() - end
2025-09-25 10:54:30,892 DEBUG [JavaFX-Launcher] roha.srvcls.service.PasswordEncoder     - getInstance() - start
2025-09-25 10:54:30,895 INFO  [JavaFX-Launcher] roha.srvcls.service.PasswordEncoder     - New instance created
2025-09-25 10:54:30,895 DEBUG [JavaFX-Launcher] roha.srvcls.service.PasswordEncoder     - getInstance() - end
2025-09-25 10:54:31,015 DEBUG [JavaFX-Launcher] roha.srvcls.service.PasswordEncoder     - getInstance() - start
2025-09-25 10:54:31,015 INFO  [JavaFX-Launcher] roha.srvcls.service.PasswordEncoder     - New instance created
2025-09-25 10:54:31,016 DEBUG [JavaFX-Launcher] roha.srvcls.service.PasswordEncoder     - getInstance() - end
2025-09-25 11:01:11,470 DEBUG [JavaFX-Launcher] roha.srvcls.service.PasswordEncoder     - getInstance() - start
2025-09-25 11:01:11,472 INFO  [JavaFX-Launcher] roha.srvcls.service.PasswordEncoder     - New instance created
2025-09-25 11:01:11,473 DEBUG [JavaFX-Launcher] roha.srvcls.service.PasswordEncoder     - getInstance() - end
2025-09-25 11:01:11,572 DEBUG [JavaFX-Launcher] roha.srvcls.service.PasswordEncoder     - getInstance() - start
2025-09-25 11:01:11,573 INFO  [JavaFX-Launcher] roha.srvcls.service.PasswordEncoder     - New instance created
2025-09-25 11:01:11,573 DEBUG [JavaFX-Launcher] roha.srvcls.service.PasswordEncoder     - getInstance() - end
2025-09-25 11:05:37,243 DEBUG [JavaFX-Launcher] roha.srvcls.service.PasswordEncoder     - getInstance() - start
2025-09-25 11:05:37,245 INFO  [JavaFX-Launcher] roha.srvcls.service.PasswordEncoder     - New instance created
2025-09-25 11:05:37,245 DEBUG [JavaFX-Launcher] roha.srvcls.service.PasswordEncoder     - getInstance() - end
2025-09-25 11:05:37,347 DEBUG [JavaFX-Launcher] roha.srvcls.service.PasswordEncoder     - getInstance() - start
2025-09-25 11:05:37,348 INFO  [JavaFX-Launcher] roha.srvcls.service.PasswordEncoder     - New instance created
2025-09-25 11:05:37,348 DEBUG [JavaFX-Launcher] roha.srvcls.service.PasswordEncoder     - getInstance() - end
2025-09-25 11:07:01,560 DEBUG [JavaFX-Launcher] roha.srvcls.service.PasswordEncoder     - getInstance() - start
2025-09-25 11:07:01,563 INFO  [JavaFX-Launcher] roha.srvcls.service.PasswordEncoder     - New instance created
2025-09-25 11:07:01,563 DEBUG [JavaFX-Launcher] roha.srvcls.service.PasswordEncoder     - getInstance() - end
2025-09-25 11:07:01,661 DEBUG [JavaFX-Launcher] roha.srvcls.service.PasswordEncoder     - getInstance() - start
2025-09-25 11:07:01,662 INFO  [JavaFX-Launcher] roha.srvcls.service.PasswordEncoder     - New instance created
2025-09-25 11:07:01,662 DEBUG [JavaFX-Launcher] roha.srvcls.service.PasswordEncoder     - getInstance() - end
2025-10-13 09:58:41,659 DEBUG [JavaFX-Launcher] roha.srvcls.service.PasswordEncoder     - getInstance() - start
2025-10-13 09:58:41,662 INFO  [JavaFX-Launcher] roha.srvcls.service.PasswordEncoder     - New instance created
2025-10-13 09:58:41,662 DEBUG [JavaFX-Launcher] roha.srvcls.service.PasswordEncoder     - getInstance() - end
2025-10-13 09:58:41,777 DEBUG [JavaFX-Launcher] roha.srvcls.service.PasswordEncoder     - getInstance() - start
2025-10-13 09:58:41,777 INFO  [JavaFX-Launcher] roha.srvcls.service.PasswordEncoder     - New instance created
2025-10-13 09:58:41,778 DEBUG [JavaFX-Launcher] roha.srvcls.service.PasswordEncoder     - getInstance() - end
